Inchiky, SMILES, Title, 1A2, 2B6, 2A6, 2C8, 2C9, 2C19, 2D6, 2|E1, 3A4
IGQPNWMJMSQCKW-UHFFFAOYSA-N,[H]OC(=O)C1=C([H])C([H])=C([H])C(=C1[H])C([H])([H])N2C([H])=NC([H])=C2[H],OCNT-0010024,null,null,null,null,null,null,R,null,R
BVDAFZWKMQCHRT-UHFFFAOYSA-N,[H]C=1C([H])=C([H])C(=C(F)C1[H])N2N=C(C([H])=C2[H])C(=O)N3C([H])([H])C([H])(OC([H])([H])[H])C([H])(OC([H])([H])[H])C3([H])[H],OCNT-0491471,null,null,null,null,null,null,R,null,R
ZCTSQCRTBXPIIU-UHFFFAOYSA-N,[H]C=1C([H])=C([H])C(=C([H])C1[H])C2=NC(=C([H])S2)C([H])([H])C([H])([H])N([H])C(=O)C=3C([H])=C([H])C([H])=C([H])C3[H],OCNT-0493952,null,null,null,null,null,null,R,null,R
VSDUZFOSJDMAFZ-UHFFFAOYSA-N,[H]N([H])C([H])(C(=O)OC([H])([H])[H])C([H])([H])C=1C([H])=C([H])C([H])=C([H])C1[H],OCNT-0495173,null,null,null,null,null,null,R,null,N
VBZCKONYGSQXHT-UHFFFAOYSA-N,[H]C=1C([H])=C([H])C=2C([H])=C(C([H])=C([H])C2C1[H])N([H])S(=O)(=O)C3=C([H])C(Cl)=C([H])C([H])=C3OC([H])([H])[H],OCNT-0495806,null,null,null,null,null,null,R,null,R
RWZAIHHFBKOVIK-UHFFFAOYSA-N,[H]C=1C([H])=C([H])C=2SC(=NC2C1[H])N([H])C(=O)C3([H])OC=4C([H])=C([H])C([H])=C([H])C4OC3([H])[H],OCNT-0496981,null,null,null,null,null,null,R,null,R
AZVFIZVKGSPGPK-UHFFFAOYSA-N,[H]C=1C([H])=C([H])C(=C(OC([H])(F)F)C1[H])C2([H])C(C(=O)OC([H])([H])[H])=C(N([H])C(=C2C(=O)OC([H])([H])[H])C([H])([H])[H])C([H])([H])[H],OCNT-0497785,null,null,null,null,null,null,R,null,R
UAODYKLBUMXKDC-UHFFFAOYSA-N,[H]OC(=O)C([H])(N([H])[H])C([H])([H])C=1C([H])=C(Cl)C([H])=C(Cl)C1[H],OCNT-1498525,null,null,null,null,null,null,N,null,R
PFDUUKDQEHURQC-UHFFFAOYSA-N,[H]OC(=O)C([H])(N([H])[H])C([H])([H])C1=C([H])C([H])=C(O[H])C(OC([H])([H])[H])=C1[H],OCNT-2148029,null,null,null,null,null,null,R,null,N
QKKYGDCZJOIAFV-UHFFFAOYSA-N,[H]OC([H])([H])C([H])(F)C([H])([H])N([H])C(=O)C1=C([H])C([H])=C([H])C(=C1[H])N2N=NC(=C2[H])C=3C([H])=C([H])C4=C([H])N=C([H])C([H])=C4C3[H],OCNT-2308485,null,null,null,null,null,null,R,null,R
SUWHYBSBFPCCEY-UHFFFAOYSA-N,[H]OC1=NC([H])=C([H])C([H])=C1C(=O)N([H])C2=C([H])C([H])=C([H])C(=C2[H])C=3C([H])=NN([H])C3[H],OCNT-2311186,null,null,null,null,null,null,R,null,R
HTRUARZJVGTQQJ-UHFFFAOYSA-N,[H]C=1N=C([H])N(C1[H])C2=C([H])C([H])=C(C([H])=C2F)C([H])([H])N([H])C(=O)N([H])C([H])([H])C([H])([H])S(=O)(=O)C([H])([H])[H],OCNT-2312792,null,null,null,null,null,null,R,null,R
POYOHGUZGSPOTJ-UHFFFAOYSA-N,[H]OC1=NC([H])=C([H])C([H])=C1C(=O)N2C3=C([H])C([H])=C([H])C(=C3N(C([H])([H])C2([H])[H])C4([H])C([H])([H])C4([H])[H])C([H])([H])[H],OCNT-2314689,null,null,null,null,null,null,R,null,R
JROSDBYIFZWPBP-UHFFFAOYSA-N,[H]C=1N=C([H])C([H])=C(C1[H])C([H])([H])N([H])C(=O)C=2C([H])=C(C([H])=C(C2[H])C([H])([H])[H])C([H])([H])[H],OCNT-2461740,null,null,null,null,null,null,R,null,R
KFDFCBXHWBWRNM-UHFFFAOYSA-N,[H]C=1C([H])=C(C(=C([H])C1F)C([H])([H])[H])N2N=C(C([H])=C2[H])N([H])C(=O)N([H])C([H])([H])C([H])([H])S(=O)(=O)N([H])C3=C([H])C([H])=C(C(F)=C3[H])C([H])([H])[H],OCNT-2469049,null,null,null,null,null,null,R,null,R
UNEGPCMGWWRHKL-UHFFFAOYSA-N,[H]C=1N=C([H])N(C1[H])C2=C([H])C([H])=C(C([H])=C2[H])N([H])C(=O)C3=C([H])C([H])=C(C([H])=C3[H])N4C([H])=NN=C4[H],OCNT-2534775,null,null,null,null,null,null,R,null,R
DTROWYMYRYMVJD-UHFFFAOYSA-N,[H]OC=1C([H])=C([H])N=C([H])C1N([H])C(=O)C2([H])C([H])([H])C([H])([H])C([H])(N([H])C(=O)C([H])([H])C3([H])C([H])([H])C([H])([H])C([H])([H])C3([H])[H])C([H])([H])C2([H])[H],OCNT-2534776,null,null,null,null,null,null,R,null,R
RTTAKMJWURYDOX-UHFFFAOYSA-N,[H]OC1=C([H])C([H])=C([H])C(=C1[H])C([H])([H])C(=O)N([H])C([H])([H])C2=C([H])C([H])=C(C(F)=C2[H])N3C([H])=NC([H])=C3[H],OCNT-2534778,null,null,null,null,null,null,R,null,R
OAHSXVGSCRPCIB-UHFFFAOYSA-N,[H]C=1SC(=NC1C(=O)N([H])C([H])([H])C2=NOC(=C2[H])C([H])([H])[H])C=3C([H])=C([H])C=4OC([H])([H])OC4C3[H],OCNT-2534781,null,null,null,null,null,null,R,null,R
JQUYLQUXHQTSLJ-UHFFFAOYSA-N,[H]C=1N([H])N=C2C1C([H])=C(C([H])=C2C(=O)N3C([H])([H])C([H])([H])C([H])([H])C3([H])[H])C([H])([H])[H],OCNT-2534782,null,null,null,null,null,null,R,null,R
ZNNCRYGBHWLYAV-UHFFFAOYSA-N,[H]C=1SC(=NC1C(=O)N([H])C([H])([H])[H])C=2C([H])=C([H])C=3OC([H])([H])OC3C2[H],OCNT-2534783,null,null,null,null,null,null,R,null,R
FPQZQXQHMQNGET-UHFFFAOYSA-N,[H]C=1SC(=NC1C(=O)N([H])C([H])([H])C2=NN=C([H])N2C([H])([H])[H])C=3C([H])=C([H])C=4OC([H])([H])OC4C3[H],OCNT-2534784,null,null,null,null,null,null,R,null,R
JOWAYMDGQTWWHN-UHFFFAOYSA-N,[H]C1=NN(C([H])=C1C([H])([H])N([H])C(=O)C=2N=C(SC2[H])C=3C([H])=C([H])C=4OC([H])([H])OC4C3[H])C([H])([H])[H],OCNT-2534785,null,null,null,null,null,null,R,null,R
XZFFLONOQSCQJY-UHFFFAOYSA-N,[H]C=1SC(=NC1C(=O)N([H])C([H])([H])C#N)C=2C([H])=C([H])C=3OC([H])([H])OC3C2[H],OCNT-2534787,null,null,null,null,null,null,R,null,R
IAZVKDJIAPRDEN-UHFFFAOYSA-N,[H]C=1C([H])=C([H])C2=C(C1[H])N([H])C(C=3C([H])=C([H])C(F)=C([H])C3[H])=C2C([H])([H])C([H])([H])C(=O)N([H])C=4C(F)=C([H])C([H])=C([H])C4F,OCNT-2534798,null,null,null,null,null,null,R,null,R
MBJGHBFUQMRCCD-UHFFFAOYSA-N,[H]C=1C([H])=C([H])C2=C(C1[H])N([H])C(C=3C([H])=C([H])C(F)=C([H])C3[H])=C2C([H])([H])C([H])([H])C(=O)N([H])C=4N([H])N=C(C4C([H])([H])[H])C([H])([H])[H],OCNT-2534799,null,null,null,null,null,null,R,null,R
ZTMKRDWIDMDAMP-UHFFFAOYSA-N,[H]C=1SC(=NC1C=2SC(=C([H])C2[H])C([H])([H])N([H])C(=O)C3=C([H])C(Cl)=C([H])N3[H])C([H])([H])[H],OCNT-2534800,null,null,null,null,null,null,R,null,R
LZSBQYVBPJVTDR-UHFFFAOYSA-N,[H]C=1N=C(C([H])=C([H])C1C(=O)N2C([H])([H])C3=C([H])C([H])=C(OC([H])([H])[H])C([H])=C3C([H])([H])C([H])([H])C2([H])[H])N([H])C4([H])C([H])([H])C4([H])[H],OCNT-2534803,null,null,null,null,null,null,R,null,R
FCDPQNPPXSHIHC-UHFFFAOYSA-N,[H]C=1C([H])=C(OC([H])([H])[H])C([H])=C(C1[H])C(=O)N([H])C([H])([H])C([H])([H])C2=NC(=NO2)C=3C([H])=C([H])C(Cl)=C([H])C3[H],OCNT-2534805,null,null,null,null,null,null,R,null,R
IJJJSXKYIBNCKO-UHFFFAOYSA-N,[H]C=1C([H])=C([H])C(=C([H])C1[H])C(=O)N([H])C([H])([H])C([H])([H])C2=NC(=NO2)C=3C([H])=C([H])C(Cl)=C([H])C3[H],OCNT-2534806,null,null,null,null,null,null,R,null,R
DEQIHGMZJVGRHC-UHFFFAOYSA-N,[H]N([H])C(=O)C(N([H])C(=O)C1=C([H])C([H])=C(F)C(=C1[H])C([H])([H])[H])(C=2C([H])=C([H])C([H])=C([H])C2[H])C([H])([H])[H],OCNT-2534808,null,null,null,null,null,null,R,null,R
PRSDKLCCMIAKDL-UHFFFAOYSA-N,[H]C=1C([H])=C([H])C(=C(OC([H])([H])[H])C1[H])C([H])([H])N([H])C(=O)C([H])(SC2=NN=C(O2)C3=C([H])N([H])C=4C([H])=C([H])C([H])=C([H])C43)C([H])([H])[H],OCNT-2534809,null,null,null,null,null,null,R,null,R
VXSHODCKRGPEBG-UHFFFAOYSA-N,[H]C=1SC(=C([H])C1[H])C([H])([H])N([H])C(=O)C([H])(SC2=NN=C(O2)C3=C([H])N([H])C=4C([H])=C([H])C([H])=C([H])C43)C([H])([H])[H],OCNT-2534810,null,null,null,null,null,null,R,null,R
CGKIUZNBBOMYDJ-UHFFFAOYSA-N,[H]N([H])C(=O)C1=C([H])C([H])=C(OC2=C([H])C([H])=C(C([H])=C2[H])C(=O)N([H])C([H])([H])C3=C([H])C([H])=C(C(F)=C3[H])N4C([H])=NC([H])=C4[H])C([H])=C1[H],OCNT-2534811,null,null,null,null,null,null,R,null,R
XMROZLFGOWMJCM-UHFFFAOYSA-N,[H]C=1N=C(C(=C([H])C1[H])C([H])([H])[H])C([H])([H])N([H])C(=O)C2([H])C([H])([H])C([H])([H])C([H])(N([H])C(=O)C([H])([H])C3([H])C([H])([H])C([H])([H])C([H])([H])C([H])([H])C3([H])[H])C([H])([H])C2([H])[H],OCNT-2534813,null,null,null,null,null,null,R,null,R
RIXSOVONJREYAF-UHFFFAOYSA-N,[H]C=1C([H])=C(C(F)=C([H])C1N([H])S(=O)(=O)C([H])([H])C([H])([H])N([H])C(=O)N([H])C2=NN(C([H])=C2[H])C([H])([H])[H])C([H])([H])[H],OCNT-2534822,null,null,null,null,null,null,R,null,R
ZNTPEPKSNUYNNJ-UHFFFAOYSA-N,[H]C1=NC(=NO1)C=2C([H])=C([H])C(=C([H])C2[H])C(=O)N([H])C([H])([H])C3=C([H])C([H])=C(C(F)=C3[H])N4C([H])=NC([H])=C4[H],OCNT-2534823,null,null,null,null,null,null,R,null,R
RWBHGILWKADMCW-UHFFFAOYSA-N,[H]C=1SC(=NC1C2=C([H])N([H])C(=C2[H])C(=O)N([H])C([H])([H])C3=C([H])C([H])=C4OC([H])([H])OC4=C3[H])C([H])([H])[H],OCNT-2534824,null,null,null,null,null,null,R,null,R
TYHYAYIZVRSKSV-UHFFFAOYSA-N,[H]C=1C([H])=C([H])C2=C(C1[H])N([H])C(C=3C([H])=C([H])C(F)=C([H])C3[H])=C2C([H])([H])C([H])([H])C(=O)N([H])C4=NN(C([H])=C4[H])C([H])([H])[H],OCNT-2534827,null,null,null,null,null,null,R,null,R
WWHJMKBJCUIJPI-UHFFFAOYSA-N,[H]OC([H])(C1=C([H])C([H])=C([H])C(=C1[H])C(F)(F)F)C([H])([H])N([H])C(=O)N([H])C([H])([H])C=2C([H])=C([H])N=C([H])C2[H],OCNT-2534828,null,null,null,null,null,null,R,null,R
WMDAVRBLCPLCCG-UHFFFAOYSA-N,[H]OC(=O)C1([H])C([H])([H])C([H])([H])N(C(=O)C=2C([H])=C([H])C=3N([H])C([H])=C([H])C3C2[H])C([H])([H])C1([H])[H],OCNT-2534829,null,null,null,null,null,null,R,null,R
CIIDVXHWUXRQNL-UHFFFAOYSA-N,[H]C=1C([H])=C(OC([H])([H])[H])C([H])=C(C1[H])C2(C(=O)N([H])C([H])(C([H])([H])[H])C([H])([H])N3C(=O)C([H])([H])C([H])([H])C3([H])[H])C([H])([H])C([H])([H])C([H])([H])C2([H])[H],OCNT-2534831,null,null,null,null,null,null,R,null,R
OBPBFJWWESYCFK-UHFFFAOYSA-N,[H]C=1C([H])=C([H])C(=C(F)C1[H])S(=O)(=O)N2C([H])([H])C([H])(N([H])C([H])(C([H])([H])[H])C2([H])[H])C([H])([H])[H],OCNT-2534832,null,null,null,null,null,null,R,null,R
SSETYIYNGPJINE-UHFFFAOYSA-N,[H]C=1N=C(C([H])=C([H])C1[H])C([H])([H])N([H])C(=O)C2=C([H])C(=C([H])N2[H])C=3N=C(SC3[H])C([H])([H])[H],OCNT-2534833,null,null,null,null,null,null,R,null,R
HLDATVJVNDAGEQ-UHFFFAOYSA-N,[H]C=1N=C([H])C([H])=C(C1[H])C([H])([H])N([H])C(=O)C2=C([H])C([H])=C(C(F)=C2[H])C([H])([H])[H],OCNT-2534834,null,null,null,null,null,null,R,null,R
HGLWNLJIXWELDY-UHFFFAOYSA-N,[H]C=1N=C([H])C(=C([H])C1[H])C([H])([H])N([H])C(=O)C2=C([H])C(=C([H])N2[H])C=3N=C(SC3[H])C([H])([H])[H],OCNT-2534835,null,null,null,null,null,null,R,null,R
OZOCKPMOXMRTQS-UHFFFAOYSA-N,[H]C1=C([H])C(=C([H])C([H])=C1Cl)C2=NOC(=N2)C([H])([H])C([H])([H])N([H])C(=O)C3=C([H])C([H])=C(F)C(F)=C3[H],OCNT-2534836,null,null,null,null,null,null,R,null,R
TXOIOLMCDDZPAY-UHFFFAOYSA-N,[H]C1=C([H])C(=C([H])C([H])=C1Cl)C2=NOC(=N2)C([H])([H])C([H])([H])N([H])C(=O)C3=C([H])C([H])=C(C(Cl)=C3[H])C([H])([H])[H],OCNT-2534837,null,null,null,null,null,null,R,null,R
ZEOORVXZMSOMIO-UHFFFAOYSA-N,[H]C1=C([H])C(=C([H])C([H])=C1Cl)C2=NOC(=N2)C([H])([H])C([H])([H])N([H])C(=O)C=3C([H])=C(F)C([H])=C(F)C3[H],OCNT-2534838,null,null,null,null,null,null,R,null,R
XWQPJLDOLIAXHP-UHFFFAOYSA-N,[H]C=1C([H])=C(F)C([H])=C(C1[H])C(=O)N([H])C([H])([H])C([H])([H])C2=NC(=NO2)C=3C([H])=C([H])C(Cl)=C([H])C3[H],OCNT-2534839,null,null,null,null,null,null,R,null,R
CUZZVFPEHLVHLZ-UHFFFAOYSA-N,[H]OC1=C([H])C(OC([H])([H])[H])=C([H])C([H])=C1C(=O)N([H])C2(C3=C([H])C([H])=C(OC([H])([H])[H])C([H])=C3[H])C([H])([H])C2([H])[H],OCNT-2534840,null,null,null,null,null,null,R,null,R
MPZHTOYCIOMTIL-UHFFFAOYSA-N,[H]C=1C([H])=C(SC1C(=O)N([H])C([H])([H])C2(N3C([H])([H])C([H])([H])C([H])([H])C([H])([H])C3([H])[H])C([H])([H])C([H])([H])OC([H])([H])C2([H])[H])C([H])([H])[H],OCNT-2534843,null,null,null,null,null,null,R,null,R
MAHOIISEFZBESO-UHFFFAOYSA-N,[H]C=1SC(=NC1C2=C([H])N([H])C(=C2[H])C(=O)N([H])C([H])([H])C(=O)N([H])C([H])([H])C([H])([H])[H])C([H])([H])[H],OCNT-2534844,null,null,null,null,null,null,R,null,R
GNVHWMXNNLBJMM-UHFFFAOYSA-N,[H]C=1N=C(N([H])C1[H])C([H])([H])N(C(=O)C2=C([H])C([H])=C([H])C(=C2[H])C([H])([H])N3C([H])=NC([H])=C3[H])C([H])([H])[H],OCNT-2534845,null,null,null,null,null,null,R,null,R
IGGYFCLLKDVTBR-UHFFFAOYSA-N,[H]C=1N=C([H])N(C1[H])C2=C([H])C([H])=C(C([H])=C2[H])C([H])([H])N([H])C(=O)N([H])C([H])([H])C3([H])C=4C([H])=C([H])C([H])=C([H])C4C([H])([H])C3([H])[H],OCNT-2534847,null,null,null,null,null,null,R,null,R
GAHPJTQJDZYREJ-UHFFFAOYSA-N,[H]C=1N=C(C([H])=C(C1[H])C(=O)N([H])C([H])([H])C2([H])C([H])([H])C([H])([H])N(C([H])([H])C2([H])[H])S(=O)(=O)C([H])(F)F)N3C([H])=NC([H])=C3[H],OCNT-2534850,null,null,null,null,null,null,R,null,R
LXKNSOVTYMIYCD-UHFFFAOYSA-N,[H]C=1N=C([H])C(=C([H])C1[H])N([H])C(=O)N([H])C([H])(C([H])([H])[H])C([H])([H])C=2C([H])=C([H])C([H])=C(OC([H])([H])[H])C2[H],OCNT-2534851,null,null,null,null,null,null,R,null,R
BEMSBFGZUAAOAU-UHFFFAOYSA-N,[H]C=1C([H])=C(OC([H])([H])[H])C([H])=C(C1[H])C([H])([H])C([H])(N([H])C(=O)N([H])OC([H])([H])[H])C([H])([H])[H],OCNT-2534852,null,null,null,null,null,null,R,null,R
STZBYSMAMRGCEZ-UHFFFAOYSA-N,[H]C=1N=C([H])C([H])=C(C1[H])C([H])([H])N([H])C(=O)N([H])C([H])(C([H])([H])[H])C([H])([H])C=2C([H])=C([H])C([H])=C(OC([H])([H])[H])C2[H],OCNT-2534853,null,null,null,null,null,null,R,null,R
LCLIPNKNAXUCSW-UHFFFAOYSA-N,[H]C=1C([H])=C([H])C(=C([H])C1[H])N([H])C(=O)C([H])([H])C([H])([H])N([H])C(=O)N([H])C2=NN(C([H])=C2[H])C=3C([H])=C([H])C([H])=C([H])C3[H],OCNT-2534855,null,null,null,null,null,null,R,null,R
MIMIYUBTBVFAPU-UHFFFAOYSA-N,[H]C=1C([H])=C([H])C2=C(C1[H])N([H])C([H])=C2C([H])([H])C([H])([H])C(=O)N([H])C3=C([H])C([H])=C([H])C(=C3[H])C(=O)N([H])C4([H])C([H])([H])C4([H])[H],OCNT-2534856,null,null,null,null,null,null,R,null,R
OGHXXVWTXSKXMQ-UHFFFAOYSA-N,[H]C=1C([H])=C([H])C2=C(C1[H])N([H])N=C2C(=O)N([H])C([H])(C([H])([H])[H])C3([H])C([H])([H])C([H])([H])C([H])([H])C3([H])[H],OCNT-2534857,null,null,null,null,null,null,R,null,R
QIGKJXRNVAQVQK-UHFFFAOYSA-N,[H]C=1N=C(C#N)C([H])=C([H])C1C(=O)N([H])C([H])([H])C([H])([H])C2=NC(=NO2)C=3C([H])=C([H])C(Cl)=C([H])C3[H],OCNT-2534858,null,null,null,null,null,null,R,null,R
LIQMVPBHWGTWHP-UHFFFAOYSA-N,[H]C=1N=C(C([H])=C([H])C1[H])N2C([H])([H])C([H])([H])N(C([H])([H])C2([H])[H])C([H])([H])C([H])(N([H])C(=O)C([H])=C(C([H])([H])[H])C([H])([H])[H])C([H])([H])[H],OCNT-2534860,null,null,null,null,null,null,R,null,R
RPMVROJFYWMLMX-UHFFFAOYSA-N,[H]C=1N=C(C([H])=C([H])C1[H])N2C([H])([H])C([H])([H])N(C([H])([H])C2([H])[H])C([H])([H])C([H])(N([H])C(=O)C3=NN([H])C([H])=C3[H])C([H])([H])[H],OCNT-2534861,null,null,null,null,null,null,R,null,R
VAIAQMGURVNNNV-UHFFFAOYSA-N,[H]C=1N=C(C([H])=C([H])C1[H])N2C([H])([H])C([H])([H])N(C([H])([H])C2([H])[H])C([H])([H])C([H])(N([H])C(=O)C3=C([H])C([H])=C([H])N3C([H])([H])[H])C([H])([H])[H],OCNT-2534862,null,null,null,null,null,null,R,null,R
WNUYUWCIZOJUKT-UHFFFAOYSA-N,[H]C=1N=C(C([H])=C([H])C1[H])N2C([H])([H])C([H])([H])N(C([H])([H])C2([H])[H])C([H])([H])C([H])(N([H])C(=O)OC(C([H])([H])[H])(C([H])([H])[H])C([H])([H])[H])C([H])([H])[H],OCNT-2534863,null,null,null,null,null,null,R,null,R
AYSKARSLJDDKEB-UHFFFAOYSA-N,[H]C=1N=C(C([H])=C([H])C1[H])N2C([H])([H])C([H])([H])N(C([H])([H])C2([H])[H])C([H])([H])C([H])(N([H])C(=O)N3C([H])([H])C([H])([H])C([H])([H])C3([H])[H])C([H])([H])[H],OCNT-2534864,null,null,null,null,null,null,R,null,R
JVIGPSPMXDSCKO-UHFFFAOYSA-N,[H]C=1SC(=NC1C(=O)N([H])C([H])([H])C2=NON=C2C([H])([H])[H])C=3C([H])=C([H])C=4OC([H])([H])OC4C3[H],OCNT-2534866,null,null,null,null,null,null,R,null,R
BSZBIIDNFWSNFB-UHFFFAOYSA-N,[H]C=1N=C(N([H])C1[H])C=2C([H])=C([H])C([H])=C(C2[H])N([H])C(=O)C=3C([H])=C([H])C([H])=C4OC([H])([H])OC43,OCNT-2534867,null,null,null,null,null,null,R,null,R
MZDHROKIJGVAAE-UHFFFAOYSA-N,[H]C=1C([H])=C([H])C2=C(C1[H])N([H])C(C=3C([H])=C([H])C(F)=C([H])C3[H])=C2C([H])([H])C([H])([H])C(=O)N([H])C([H])([H])C4=NON=C4C([H])([H])[H],OCNT-2534868,null,null,null,null,null,null,R,null,R
UWFBZHRKEFYFGA-UHFFFAOYSA-N,[H]C=1N=C([H])N(C1[H])C([H])([H])C=2C([H])=C([H])C([H])=C(C2[H])C(=O)N(C=3N=C(C([H])=C([H])C3[H])C([H])([H])[H])C([H])([H])[H],OCNT-2534869,null,null,null,null,null,null,R,null,R
QVLIHCKXHKNMKT-UHFFFAOYSA-N,[H]C=1N=C(C([H])=C([H])C1[H])N(C([H])([H])[H])C([H])([H])C([H])([H])C([H])([H])N([H])C(=O)OC(C([H])([H])[H])(C([H])([H])[H])C([H])([H])[H],OCNT-2534870,null,null,null,null,null,null,R,null,R
LJIQDDOLGHWUHV-UHFFFAOYSA-N,[H]C=1C([H])=C([H])C2=C(C1[H])N([H])C(C=3C([H])=C([H])C(F)=C([H])C3[H])=C2C([H])([H])C([H])([H])C(=O)N([H])C4=C(Cl)N=C(C([H])=C4C([H])([H])[H])C([H])([H])[H],OCNT-2534871,null,null,null,null,null,null,R,null,R
WGELAGOQQCXWEI-UHFFFAOYSA-N,[H]C=1N=C([H])C(=C([H])C1[H])C([H])([H])N2N=C(C([H])=C2[H])N([H])C(=O)N([H])C=3C([H])=C(OC([H])([H])[H])C([H])=C(OC([H])([H])[H])C3[H],OCNT-2534872,null,null,null,null,null,null,R,null,R
ZIHODWCMPYGUQS-UHFFFAOYSA-N,[H]C=1N=C([H])C(=C([H])C1[H])C([H])([H])N2N=C(C([H])=C2[H])N([H])C(=O)N([H])C3=C([H])C([H])=C([H])C(=C3C([H])([H])[H])C([H])([H])[H],OCNT-2534873,null,null,null,null,null,null,R,null,R
GURARNLILHYZHV-UHFFFAOYSA-N,[H]C=1N=C([H])C(=C([H])C1[H])C([H])([H])N2N=C(C([H])=C2[H])N([H])C(=O)N([H])C=3C([H])=C([H])C([H])=C([H])C3C([H])([H])[H],OCNT-2534874,null,null,null,null,null,null,R,null,R
OOZUSHYHZBZTJU-UHFFFAOYSA-N,[H]C=1C([H])=C([H])C(=C([H])C1[H])C2=NC(=C([H])O2)C(=O)N([H])C([H])([H])C3([H])N(C([H])([H])C([H])([H])[H])C([H])([H])C([H])([H])C3([H])[H],OCNT-2534875,null,null,null,null,null,null,R,null,R
XXCRZZKYNGSUNJ-UHFFFAOYSA-N,[H]N(C(=O)C1([H])C([H])([H])N(C(=O)OC(C([H])([H])[H])(C([H])([H])[H])C([H])([H])[H])C([H])([H])C1([H])[H])C2([H])C([H])([H])C([H])([H])C([H])([H])C2([H])C([H])([H])[H],OCNT-2534877,null,null,null,null,null,null,N,null,R
BJEFUMBSVAPULZ-UHFFFAOYSA-N,[H]OC(=O)C([H])(N([H])[H])C([H])([H])C=1C([H])=C(C([H])=C(C1[H])C([H])([H])[H])C([H])([H])[H],OCNT-2534878,null,null,null,null,null,null,N,null,N
VCEMDYRCMKMZRO-UHFFFAOYSA-N,[H]C=1N=C([H])C([H])=C(C1[H])C2=NC([H])=C(S2)C(=O)N([H])C3=C([H])C([H])=C([H])C(=C3[H])C4=C([H])C([H])=NN4[H],OCNT-2534879,null,null,null,null,null,null,R,null,R
FBDSZUWAAXYTPA-UHFFFAOYSA-N,[H]C1=C([H])C=2C([H])=C(C([H])=C([H])C2N1[H])C(=O)N3C([H])([H])C([H])([H])C([H])(C([H])([H])C3([H])[H])C(F)(F)F,OCNT-2534881,null,null,null,null,null,null,R,null,R
VISWIPSJSGOGBK-UHFFFAOYSA-N,[H]C=1C([H])=C([H])C(C(=O)N([H])C([H])([H])C2(N3C([H])([H])C([H])([H])OC([H])([H])C3([H])[H])C([H])([H])C([H])([H])C([H])([H])C([H])([H])C2([H])[H])=C(C1[H])C4=NC(=NO4)C([H])([H])[H],OCNT-2534882,null,null,null,null,null,null,R,null,R
UTJJZKBWXLYEJU-UHFFFAOYSA-N,[H]C1=NC=2N([H])C([H])=C(C(=O)N([H])C([H])([H])[H])C2C([H])=C1Br,OCNT-2534883,null,null,null,null,null,null,R,null,R
AYSQNMFURHMHBB-UHFFFAOYSA-N,[H]C1=NC=2N([H])C([H])=C(C(=O)C([H])([H])[H])C2C([H])=C1Br,OCNT-2534884,null,null,null,null,null,null,R,null,R
IIZBUHJUXGMBKV-UHFFFAOYSA-N,[H]C=1C([H])=C(C([H])=C([H])C1F)N([H])C(=O)C([H])([H])N2C([H])([H])C([H])([H])N(C3=NC=4C([H])=C(F)C([H])=C([H])C4C([H])=C3[H])C([H])([H])C2([H])[H],OCNT-2534888,null,null,null,null,null,null,R,null,R
BTJTYYCNWKCYRL-UHFFFAOYSA-N,[H]C=1C([H])=C(OC([H])([H])[H])C([H])=C(C1[H])N([H])C(=O)C2=C([H])C([H])=C(F)C(Br)=C2[H],OCNT-2534890,null,null,null,null,null,null,R,null,R
BWCWXWNUSKHQPP-UHFFFAOYSA-N,[H]C=1C([H])=C(N([H])C(=O)C2=C([H])C([H])=C(F)C(Br)=C2[H])C(=C(C1[H])C(=O)OC([H])([H])[H])C([H])([H])[H],OCNT-2534891,null,null,null,null,null,null,R,null,R
LYZZVXQURXMDLT-UHFFFAOYSA-N,[H]C=1N=C(N=C(OC([H])([H])[H])C1[H])N2C([H])([H])C([H])([H])N(C([H])([H])C(=O)N([H])C3=C([H])C([H])=C(F)C([H])=C3[H])C([H])([H])C2([H])[H],OCNT-2534892,null,null,null,null,null,null,R,null,R
LQSVFAVNYYMYFV-UHFFFAOYSA-N,[H]C=1C([H])=C(C([H])=C(C1[H])S(=O)(=O)N([H])C([H])([H])C(=O)OC([H])([H])[H])N([H])C(=O)C([H])([H])C([H])([H])C2=C([H])N([H])C=3C([H])=C(C([H])=C([H])C32)C([H])([H])[H],OCNT-2534895,null,null,null,null,null,null,R,null,R
YSAHYXDWNHXYFO-UHFFFAOYSA-N,[H]C=1C([H])=C(C([H])=C([H])C1N([H])C(=O)C([H])([H])C([H])([H])C2=C([H])N([H])C=3C([H])=C(C([H])=C([H])C32)C([H])([H])[H])C([H])([H])C([H])([H])N(C([H])([H])[H])C([H])([H])[H],OCNT-2534896,null,null,null,null,null,null,R,null,R
UGTKWOXHHSBNNQ-UHFFFAOYSA-N,[H]OC(=O)C1(C([H])([H])C([H])=C([H])[H])C([H])([H])C([H])([H])N(C(=O)OC(C([H])([H])[H])(C([H])([H])[H])C([H])([H])[H])C([H])([H])C1([H])[H],OCNT-2534899,null,null,null,null,null,null,N,null,R
QEAFBOBEDNHPOQ-UHFFFAOYSA-N,[H]C=1C([H])=C([H])C2=C(C1[H])N([H])C(=O)N(C2=O)C([H])([H])C=3N=C(SC3[H])N(C([H])([H])[H])C([H])([H])[H],OCNT-2534900,null,null,null,null,null,null,R,null,R
OPGLWCBXMKVYNP-UHFFFAOYSA-N,[H]C=1N=C([H])N(C1[H])C2=C([H])C([H])=C(C([H])=C2F)C([H])([H])N([H])C(=O)N([H])C([H])([H])C=3C([H])=C([H])N(C3[H])C([H])([H])[H],OCNT-2534905,null,null,null,null,null,null,R,null,R
GFEFYPIXEGEYFW-UHFFFAOYSA-N,[H]C=1C([H])=C([H])C=2C([H])=C(C([H])=C([H])C2C1[H])C([H])([H])N([H])C(=O)C3(C([H])([H])C([H])([H])[H])C([H])([H])C3([H])[H],OCNT-2534908,null,null,null,null,null,null,R,null,R
ZWUWQQOBGUBFRY-UHFFFAOYSA-N,[H]OC(=O)C1=C([H])C([H])=C(C([H])=C1[H])C([H])([H])N([H])C(=O)C2=C([H])C([H])=C(C([H])=C2[H])N3C([H])=NC=4C([H])=C([H])C([H])=C([H])C43,OCNT-2534910,null,null,null,null,null,null,R,null,R
KGHVXBQQNNTFQD-UHFFFAOYSA-N,[H]C=1C([H])=C([H])C=2C([H])=C(C([H])=C([H])C2C1[H])C([H])([H])N([H])C(=O)C3(C([H])([H])C([H])([H])[H])C([H])([H])C([H])([H])C3([H])[H],OCNT-2534912,null,null,null,null,null,null,R,null,R
WGRHNYMEVAMGGU-UHFFFAOYSA-N,[H]C=1C([H])=C([H])C2=C(C1[H])C([H])([H])C([H])([H])C([H])([H])C32N([H])C(=O)N(C3=O)C([H])([H])C(=O)N([H])C4=C([H])C([H])=C([H])C(=C4[H])C([H])([H])C([H])([H])[H],OCNT-2534913,null,null,null,null,null,null,R,null,R
RKZDKVQYBMGUPX-UHFFFAOYSA-N,[H]C=1C([H])=C([H])C2=C(C1[H])C([H])([H])C([H])([H])C([H])([H])C32N([H])C(=O)N(C3=O)C([H])([H])C(=O)N([H])C=4C([H])=C([H])C([H])=C(F)C4[H],OCNT-2534915,null,null,null,null,null,null,R,null,R
MHTNPZUPKMIADR-UHFFFAOYSA-N,[H]C=1C([H])=C([H])C2=C(C1[H])C([H])([H])C([H])([H])C([H])([H])C32N([H])C(=O)N(C3=O)C([H])([H])C(=O)N([H])C4=C([H])C([H])=C(C([H])=C4[H])S(=O)(=O)N(C([H])([H])[H])C([H])([H])[H],OCNT-2534916,null,null,null,null,null,null,R,null,R
KUYLBYOZSRYMDE-UHFFFAOYSA-N,[H]C=1C([H])=C([H])C2=C(C1[H])C([H])([H])C([H])([H])C([H])([H])C32N([H])C(=O)N(C3=O)C([H])([H])C(=O)N([H])C4=C([H])C([H])=C([H])C(=C4[H])C([H])([H])[H],OCNT-2534919,null,null,null,null,null,null,R,null,R
CHXPEHVXNPCPPL-UHFFFAOYSA-N,[H]C=1C([H])=C([H])C2=C(C1[H])C([H])([H])C([H])([H])C([H])([H])C32N([H])C(=O)N(C3=O)C([H])([H])C(=O)N([H])C4=C([H])C([H])=C([H])C(=C4[H])S(=O)(=O)N5C([H])([H])C([H])([H])C([H])([H])C5([H])[H],OCNT-2534921,null,null,null,null,null,null,R,null,R
LGVPXABYCVNIGO-UHFFFAOYSA-N,[H]C=1C([H])=C([H])C2=C(C1[H])C([H])([H])C([H])([H])C([H])([H])C32N([H])C(=O)N(C3=O)C([H])([H])C(=O)N([H])C4=C([H])C([H])=C([H])C(=C4[H])S(=O)(=O)N(C([H])([H])C([H])([H])[H])C([H])([H])C([H])([H])[H],OCNT-2534922,null,null,null,null,null,null,R,null,R
SDILIUAHINFFTQ-UHFFFAOYSA-N,[H]C1=NC(=C([H])N1[H])C2([H])C([H])([H])C([H])([H])N(C(=O)C([H])([H])C([H])([H])C3=NC(=NO3)C=4SC([H])=C([H])C4[H])C([H])([H])C2([H])[H],OCNT-2534924,null,null,null,null,null,null,R,null,R
MMBXAUHNKONKHN-UHFFFAOYSA-N,[H]C1=NN=C(N1[H])C2([H])C([H])([H])C([H])([H])N(C(=O)C([H])([H])C([H])([H])C3=NC(=NO3)C=4C([H])=C([H])C(OC([H])([H])[H])=C([H])C4[H])C([H])([H])C2([H])[H],OCNT-2534925,null,null,null,null,null,null,R,null,R
ZOYAFJLWDPRSNH-UHFFFAOYSA-N,[H]C=1N=C([H])C(=C([H])C1[H])C([H])(N([H])C(=O)C=2C([H])=C([H])C([H])=C(C2[H])N([H])S(=O)(=O)C3=C([H])C(=C([H])C([H])=C3C([H])([H])[H])C(C([H])([H])[H])(C([H])([H])[H])C([H])([H])[H])C([H])([H])[H],OCNT-2534927,null,null,null,null,null,null,R,null,R
LHABHVGSUWIBEN-UHFFFAOYSA-N,[H]C=1N=C([H])C(=C([H])C1[H])C([H])(N([H])C(=O)C=2SC(=C(C2[H])C([H])([H])[H])C([H])([H])[H])C([H])([H])[H],OCNT-2534928,null,null,null,null,null,null,R,null,R
OYMCMPVXWOJFKA-UHFFFAOYSA-N,[H]C=1N=C(C([H])=C(Cl)C1[H])C(=O)N([H])C([H])([H])C([H])([H])C=2N=C(SC2[H])C=3C([H])=C([H])C([H])=C([H])C3[H],OCNT-2534930,null,null,null,null,null,null,R,null,R
GCVDBUCMAZYPHN-UHFFFAOYSA-N,[H]C=1C([H])=C([H])C(=C([H])C1[H])C2=NC(=C([H])S2)C([H])([H])C([H])([H])N([H])C(=O)C=3C([H])=C(F)C([H])=C(F)C3[H],OCNT-2534933,null,null,null,null,null,null,R,null,R
XNWKPSWPZRZZEG-UHFFFAOYSA-N,[H]C=1SC(=NC1C2=C([H])N([H])C(=C2[H])C(=O)N([H])C([H])([H])C3=NN=C(S3)C([H])(C([H])([H])[H])C([H])([H])[H])C([H])([H])[H],OCNT-2534934,null,null,null,null,null,null,R,null,R
GYXPIFORKYOIRC-UHFFFAOYSA-N,[H]OC([H])([H])C1=C([H])C(=C([H])C([H])=C1OC([H])([H])C([H])([H])[H])N([H])S(=O)(=O)C=2SC=3C([H])=C([H])C(F)=C([H])C3C2[H],OCNT-2534935,null,null,null,null,null,null,R,null,R
RDUFLNBPDOYUBX-UHFFFAOYSA-N,[H]C=1N=C([H])N(C1[H])C2=C([H])C([H])=C(C([H])=C2F)C([H])([H])N([H])C(=O)C([H])([H])C=3C(OC([H])([H])[H])=C([H])C([H])=C([H])C3OC([H])([H])[H],OCNT-2534937,null,null,null,null,null,null,R,null,R
UWJUOLHIVJHENY-UHFFFAOYSA-N,[H]C=1C([H])=C([H])C2=C(C1[H])C([H])([H])C([H])([H])C([H])([H])C([H])([H])C32N([H])C(=O)N(C3=O)C([H])([H])C(=O)N([H])C4=C([H])C([H])=C(C(=C4[H])S(=O)(=O)N(C([H])([H])[H])C([H])([H])[H])C([H])([H])[H],OCNT-2534938,null,null,null,null,null,null,R,null,R
SREQUWGGTBLVPD-UHFFFAOYSA-N,[H]C=1C([H])=C([H])C2=C(C1[H])C([H])([H])C([H])([H])C([H])([H])C([H])([H])C32N([H])C(=O)N(C3=O)C([H])([H])C(=O)N([H])C4=C([H])C([H])=C([H])C(=C4[H])S(=O)(=O)N(C([H])([H])[H])C([H])([H])[H],OCNT-2534939,null,null,null,null,null,null,R,null,R
OPZJNMIUJYEZEY-UHFFFAOYSA-N,[H]C=1C([H])=C([H])C2=C(C1[H])C([H])([H])C([H])([H])C32N([H])C(=O)N(C3=O)C([H])([H])C(=O)N([H])C4=C([H])C([H])=C(C([H])=C4[H])S(=O)(=O)N(C([H])([H])[H])C([H])([H])[H],OCNT-2534942,null,null,null,null,null,null,R,null,R
VMYAXVMJYUZFSU-UHFFFAOYSA-N,[H]C=1C([H])=C([H])C2=C(C1[H])C([H])([H])C([H])([H])C32N([H])C(=O)N(C3=O)C([H])([H])C(=O)N([H])C4=C([H])C([H])=C([H])C(=C4[H])S(=O)(=O)N(C([H])([H])C([H])([H])[H])C([H])([H])C([H])([H])[H],OCNT-2534943,null,null,null,null,null,null,R,null,R
XCDMBBULNJFIGX-UHFFFAOYSA-N,[H]C=1C([H])=C([H])C2=C(OC(C([H])([H])[H])(C([H])([H])[H])C([H])([H])C2([H])N([H])S(=O)(=O)C([H])([H])C3=C([H])C(Cl)=C([H])C([H])=C3OC([H])([H])[H])C1[H],OCNT-2534947,null,null,null,null,null,null,R,null,R
VWPFAROGGPSGFE-UHFFFAOYSA-N,[H]C=1C([H])=C([H])C2=C(OC(C([H])([H])[H])(C([H])([H])[H])C([H])([H])C2([H])N([H])S(=O)(=O)C3=C([H])C(=C([H])C([H])=C3OC([H])([H])[H])C([H])([H])N([H])C(=O)C([H])([H])[H])C1[H],OCNT-2534948,null,null,null,null,null,null,R,null,R
DIWSNIDUDLATBC-UHFFFAOYSA-N,[H]OC=1C([H])=C([H])C([H])=C([H])C1N2C([H])([H])C([H])([H])N(C3=NC(=NC([H])=C3Cl)OC([H])([H])[H])C([H])([H])C2([H])[H],OCNT-2534949,null,null,null,null,null,null,R,null,R
BUTCFXVBIDYMNN-UHFFFAOYSA-N,[H]C=1N=C(C([H])=C([H])C1[H])N2C([H])([H])C([H])([H])N(C3=NC(=NC([H])=C3Cl)OC([H])([H])[H])C([H])([H])C2([H])[H],OCNT-2534950,null,null,null,null,null,null,R,null,R
XOECFOCWUYHDRE-UHFFFAOYSA-N,[H]C=1C([H])=C([H])N2C([H])=C(N=C2C1[H])C([H])([H])N3C([H])([H])C([H])([H])N(C4=NC(=NC([H])=C4Cl)OC([H])([H])[H])C([H])([H])C3([H])[H],OCNT-2534951,null,null,null,null,null,null,R,null,R
RYRMMJFZGTYOFO-UHFFFAOYSA-N,[H]C=1OC(=C([H])C1[H])C(=O)N2C([H])([H])C([H])([H])N(C3=NC(=NC([H])=C3Cl)OC([H])([H])[H])C([H])([H])C2([H])[H],OCNT-2534952,null,null,null,null,null,null,R,null,R
XTFGDCIGBUPFJP-UHFFFAOYSA-N,[H]C=1C([H])=C([H])C2=C(OC(C([H])([H])[H])(C([H])([H])[H])C([H])([H])C2([H])N([H])C(=O)C(=O)N([H])C3=C([H])C(=C([H])C([H])=C3OC([H])([H])[H])C([H])([H])[H])C1[H],OCNT-2534953,null,null,null,null,null,null,R,null,R
WIKNYIQVSATYBE-UHFFFAOYSA-N,[H]C=1N=C(C([H])=C([H])C1[H])N2C([H])([H])C([H])([H])N(C([H])([H])C2([H])[H])C([H])([H])C([H])(N([H])C(=O)C3=C([H])N=C4C([H])=C([H])C([H])=C([H])N43)C([H])([H])[H],OCNT-2534954,null,null,null,null,null,null,R,null,R
WEXFQWFZXGNBNH-UHFFFAOYSA-N,[H]C=1N=C(OC2([H])C([H])([H])N(C(=O)C=3C([H])=C([H])C([H])=C([H])C3N4N=NN=C4[H])C([H])([H])C2([H])[H])C([H])=C([H])C1[H],OCNT-2534955,null,null,null,null,null,null,R,null,R
HHYHPUZSEDXWSP-UHFFFAOYSA-N,[H]C=1N=C(OC2([H])C([H])([H])N(C(=O)C3=C([H])C([H])=C(OC([H])(F)F)C([H])=C3[H])C([H])([H])C2([H])[H])C([H])=C([H])C1[H],OCNT-2534956,null,null,null,null,null,null,R,null,R
FAMFOOKIXZRSML-UHFFFAOYSA-N,[H]C=1N=C(C([H])=C([H])C1[H])N2C([H])([H])C([H])([H])N(C([H])([H])C2([H])[H])C([H])([H])C3([H])C([H])([H])N(C(=O)C4=C5C(=NN4C([H])([H])[H])C([H])([H])C([H])([H])C([H])([H])C5([H])[H])C([H])([H])C([H])([H])C3([H])[H],OCNT-2534958,null,null,null,null,null,null,R,null,R
KJMGBBLWPJNINA-UHFFFAOYSA-N,[H]C=1N([H])N=C2C1C([H])=C(C([H])=C2C(=O)N3C([H])([H])C([H])([H])OC4(C3([H])[H])C([H])([H])C([H])([H])C([H])([H])C4([H])[H])C([H])([H])[H],OCNT-2534959,null,null,null,null,null,null,R,null,R
WIEOTBLDNNKERH-UHFFFAOYSA-N,[H]OC(=O)C([H])([H])N([H])C(=O)C=1N=C(OC1[H])C=2C([H])=C([H])C([H])=C([H])C2[H],OCNT-2534960,null,null,null,null,null,null,N,null,R
BGKXIERSYNZZSL-UHFFFAOYSA-N,[H]OC(=O)C([H])([H])C([H])([H])N([H])C(=O)C1=C([H])C=2C(F)=C([H])C([H])=C([H])C2N1[H],OCNT-2534962,null,null,null,null,null,null,N,null,R
IVXXUQFKTNGTAE-UHFFFAOYSA-N,[H]OC(=O)C([H])([H])C1(N([H])C(=O)C=2N=C(OC2[H])C=3C([H])=C([H])C([H])=C([H])C3[H])C([H])([H])C([H])([H])OC([H])([H])C1([H])[H],OCNT-2534963,null,null,null,null,null,null,R,null,R
DLTPUYDVRZRAIQ-UHFFFAOYSA-N,[H]OC(=O)C1([H])OC([H])([H])C([H])([H])N(C(=O)C2=NN(C([H])=C2[H])C=3C([H])=C([H])C([H])=C([H])C3F)C1([H])[H],OCNT-2534964,null,null,null,null,null,null,R,null,R
UFYWUAWJTBJSCP-UHFFFAOYSA-N,[H]OC(=O)C=1OC(=C([H])C1[H])C([H])([H])N([H])C(=O)C=2N=C(SC2[H])C=3C([H])=C([H])C=4OC([H])([H])OC4C3[H],OCNT-2534965,null,null,null,null,null,null,N,null,R
RNQLRSCPVMYOAQ-UHFFFAOYSA-N,[H]C=1C([H])=C([H])C2=C(C1[H])C([H])([H])C3([H])C2([H])C3([H])C([H])([H])N([H])C(=O)C=4N=C(C([H])=C([H])C4[H])C(=O)N([H])C([H])([H])C5([H])C6([H])C=7C([H])=C([H])C([H])=C([H])C7C([H])([H])C65[H],OCNT-2534966,null,null,null,null,null,null,R,null,R
SDCOXSDXNHAZIK-UHFFFAOYSA-N,[H]C=1C([H])=C([H])C2=C(C1[H])C([H])([H])C3([H])C2([H])C3([H])C([H])([H])N([H])C(=O)C4=C([H])C([H])=C(C([H])=C4[H])C(=O)N([H])C([H])([H])C5([H])C6([H])C=7C([H])=C([H])C([H])=C([H])C7C([H])([H])C65[H],OCNT-2534967,null,null,null,null,null,null,R,null,R
ZQGXEEQNCMRNSH-UHFFFAOYSA-N,[H]C=1C([H])=C([H])C2=C(C1[H])C([H])([H])C3([H])C2([H])C3([H])C([H])([H])N([H])C(=O)C4=C([H])N=C([H])C(=C4[H])C(=O)N([H])C([H])([H])C5([H])C6([H])C=7C([H])=C([H])C([H])=C([H])C7C([H])([H])C65[H],OCNT-2534968,null,null,null,null,null,null,R,null,R
UTDWDLUZCAEWPY-UHFFFAOYSA-N,[H]C=1C([H])=C([H])C(=C([H])C1[H])C(=O)N2C([H])([H])C([H])([H])N(C3=NC(=NC([H])=C3Cl)OC([H])([H])[H])C([H])([H])C([H])([H])C2([H])[H],OCNT-2534969,null,null,null,null,null,null,R,null,R
KSHSYDWVNPCRKV-UHFFFAOYSA-N,[H]C=1N=C(N=C(C1Cl)N2C([H])([H])C3=NN=C(C=4C([H])=C([H])C([H])=C([H])C4[H])N3C([H])([H])C2([H])[H])OC([H])([H])[H],OCNT-2534972,null,null,null,null,null,null,R,null,R
RXGMQGHDTAIXIW-UHFFFAOYSA-N,[H]N([H])C1=NC(=NC([H])=C1C(=O)N2C([H])([H])C([H])([H])C([H])(C([H])([H])C=3C([H])=C([H])C([H])=C(F)C3[H])C([H])([H])C2([H])[H])C([H])([H])[H],OCNT-2534974,null,null,null,null,null,null,R,null,R
BGTNQNZJIDNRHL-UHFFFAOYSA-N,[H]OC(=O)C1([H])C([H])([H])N(C(=O)C([H])([H])C([H])([H])C2=NC(=NO2)C=3C([H])=C([H])C(OC([H])([H])[H])=C([H])C3[H])C([H])([H])C1([H])[H],OCNT-2534975,null,null,null,null,null,null,R,null,R
HABNUFGQZGZHKX-UHFFFAOYSA-N,[H]N([H])C1([H])C([H])([H])N(C(=O)C2=NN(C([H])=C2[H])C=3C([H])=C([H])C([H])=C([H])C3F)C([H])([H])C1([H])[H],OCNT-2534976,null,null,null,null,null,null,R,null,R
MOBBVWNAJFWTCA-UHFFFAOYSA-N,[H]OC(=O)C1=NC([H])=C(C([H])=C1[H])C(=O)N([H])C(C(=O)N([H])[H])(C=2C([H])=C([H])C([H])=C([H])C2[H])C([H])([H])[H],OCNT-2534977,null,null,null,null,null,null,N,null,R
FADNYNMDTALVPK-UHFFFAOYSA-N,[H]C=1C([H])=C([H])C2=C(OC([H])(C2([H])[H])C([H])(N(C(=O)C=3N=NN([H])C3[H])C([H])([H])[H])C([H])([H])[H])C1[H],OCNT-2534978,null,null,null,null,null,null,R,null,R
LKIMECLKXUAUEP-UHFFFAOYSA-N,[H]C=1C([H])=C([H])C2=C(OC([H])(C2([H])[H])C([H])(N(C(=O)C=3N=NSC3[H])C([H])([H])[H])C([H])([H])[H])C1[H],OCNT-2534979,null,null,null,null,null,null,R,null,R
XBKQKFVSOVBHAG-UHFFFAOYSA-N,[H]N([H])C(=O)C(N([H])C(=O)C=1C([H])=C([H])C=2N=C(C([H])=C([H])C2C1[H])C([H])([H])[H])(C=3C([H])=C([H])C([H])=C([H])C3[H])C([H])([H])[H],OCNT-2534980,null,null,null,null,null,null,R,null,R
KPIHQYPRJADZIC-UHFFFAOYSA-N,[H]N([H])C([H])([H])C([H])([H])N([H])S(=O)(=O)C=1SC=2C([H])=C([H])C(Cl)=C([H])C2C1[H],OCNT-2534981,null,null,null,null,null,null,R,null,R
QSHIPBRGUIUHSP-UHFFFAOYSA-N,[H]C=1C([H])=C([H])C(OC2([H])C([H])([H])N(C([H])([H])C2([H])[H])S(=O)(=O)C3=C([H])C(=C([H])C(=C3C([H])([H])[H])S(=O)(=O)C([H])([H])[H])C([H])([H])[H])=C(Cl)C1[H],OCNT-2534982,null,null,null,null,null,null,R,null,R
IYUMPCGGZOFGAD-UHFFFAOYSA-N,[H]C=1C([H])=C([H])C(OC2([H])C([H])([H])N(C([H])([H])C2([H])[H])S(=O)(=O)C3=C([H])C(F)=C([H])C([H])=C3Br)=C(Cl)C1[H],OCNT-2534983,null,null,null,null,null,null,R,null,R
FKHZWXJUCIODRH-UHFFFAOYSA-N,[H]N([H])S(=O)(=O)N1C([H])([H])C([H])([H])C([H])([H])C([H])(OC=2C([H])=C([H])C([H])=C([H])C2Cl)C1([H])[H],OCNT-2534984,null,null,null,null,null,null,R,null,R
PTQXNWOOUQRPES-UHFFFAOYSA-N,[H]OC([H])([H])C1(C([H])([H])[H])C([H])([H])N(C(=O)C2=C([H])C(=C([H])C3=C([H])N([H])N=C32)C([H])([H])[H])C([H])([H])C([H])([H])C1([H])[H],OCNT-2534985,null,null,null,null,null,null,R,null,R
FGKVMYYNESCBGL-UHFFFAOYSA-N,[H]C=1C([H])=C(Cl)C([H])=C(C1[H])C([H])([H])N([H])C(=O)N([H])C([H])([H])C2=NC(=C([H])C([H])=C2[H])N(C([H])([H])[H])C([H])([H])[H],OCNT-2534986,null,null,null,null,null,null,R,null,R
XKVKAFVJMWVQJE-UHFFFAOYSA-N,[H]C=1C([H])=C(N=C(C1[H])C([H])([H])N([H])C(=O)C2=C([H])C([H])=C(Cl)C([H])=C2Cl)N(C([H])([H])[H])C([H])([H])[H],OCNT-2534987,null,null,null,null,null,null,R,null,R
SYZGPVVYFXZESC-UHFFFAOYSA-N,[H]C=1C([H])=C(N=C(C1[H])C([H])([H])N([H])C(=O)C=2C([H])=C(C([H])=C(C2[H])C(F)(F)F)C(F)(F)F)N(C([H])([H])[H])C([H])([H])[H],OCNT-2534988,null,null,null,null,null,null,R,null,R
ZSOCAMZZPQUWPD-UHFFFAOYSA-N,[H]C=1C([H])=C([H])C2=C(OC(C(=O)N([H])C([H])([H])C3=NC(=C([H])C([H])=C3[H])N(C([H])([H])[H])C([H])([H])[H])=C2C([H])([H])[H])C1[H],OCNT-2534989,null,null,null,null,null,null,R,null,R
JUQNLDDJKUGUHV-UHFFFAOYSA-N,[H]C=1C([H])=C(N=C(C1[H])C([H])([H])N([H])C(=O)C=2OC(=C(C2[H])S(=O)(=O)N3C([H])([H])C([H])([H])C([H])([H])C3([H])[H])C([H])([H])[H])N(C([H])([H])[H])C([H])([H])[H],OCNT-2534991,null,null,null,null,null,null,R,null,R
MQUNWRCDNFUFNA-UHFFFAOYSA-N,[H]C=1N=C(C([H])=C([H])C1[H])N([H])S(=O)(=O)C([H])([H])C([H])([H])N([H])C(=O)N([H])C2=NN(C([H])=C2[H])C3=C([H])C(F)=C(F)C([H])=C3F,OCNT-2534992,null,null,null,null,null,null,R,null,R
OJBBKSIPRMVDMI-UHFFFAOYSA-N,[H]C=1C([H])=C([H])C(=C([H])C1[H])N([H])S(=O)(=O)C([H])([H])C([H])([H])N([H])C(=O)N([H])C2=NN(C([H])=C2[H])C3=C([H])C(F)=C(F)C([H])=C3F,OCNT-2534993,null,null,null,null,null,null,R,null,R
AIMMSTIQRDLJKH-UHFFFAOYSA-N,[H]OC1([H])C([H])([H])N(C([H])(C2=C([H])C([H])=C(F)C([H])=C2[H])C1([H])[H])S(=O)(=O)C=3N=C(N(C3[H])C([H])([H])[H])C([H])([H])[H],OCNT-2534995,null,null,null,null,null,null,R,null,R
JDPCINSMLVUFPO-UHFFFAOYSA-N,[H]OC1([H])C([H])([H])N(C([H])(C2=C([H])C([H])=C(F)C([H])=C2[H])C1([H])[H])S(=O)(=O)C3=C([H])C(=C([H])C([H])=C3C([H])([H])[H])N([H])C(=O)C([H])([H])[H],OCNT-2534996,null,null,null,null,null,null,R,null,R
ZRQYTHSVXXFAPY-UHFFFAOYSA-N,[H]OC1([H])C([H])([H])N(C([H])(C2=C([H])C([H])=C(F)C([H])=C2[H])C1([H])[H])S(=O)(=O)C([H])([H])C([H])([H])OC([H])([H])[H],OCNT-2534997,null,null,null,null,null,null,R,null,R
RXOPBTLTFWZATL-UHFFFAOYSA-N,[H]OC1([H])C([H])([H])N(C([H])(C2=C([H])C([H])=C(F)C([H])=C2[H])C1([H])[H])S(=O)(=O)C=3C([H])=NN(C3[H])C([H])([H])[H],OCNT-2534998,null,null,null,null,null,null,R,null,R
NCKLLRVUAZAPDA-UHFFFAOYSA-N,[H]OC1([H])C([H])([H])N(C([H])(C2=C([H])C([H])=C(F)C([H])=C2[H])C1([H])[H])S(=O)(=O)C=3C([H])=C([H])C([H])=C([H])C3[H],OCNT-2534999,null,null,null,null,null,null,R,null,R
COBKTOCKOIWELQ-UHFFFAOYSA-N,[H]OC1([H])C([H])([H])N(C([H])(C2=C([H])C([H])=C(F)C([H])=C2[H])C1([H])[H])S(=O)(=O)C=3C(=NOC3C([H])([H])[H])C([H])([H])[H],OCNT-2535000,null,null,null,null,null,null,R,null,R
JUCHYYGJROZRNJ-UHFFFAOYSA-N,[H]C=1N=C(C([H])=C([H])C1[H])N([H])S(=O)(=O)C([H])([H])C([H])([H])N([H])C(=O)N([H])C2=NN(C([H])=C2[H])C3=NC([H])=C([H])C([H])=C3F,OCNT-2535002,null,null,null,null,null,null,R,null,R
GMKRBYYYJIORSC-UHFFFAOYSA-N,[H]C=1N=C(C(F)=C([H])C1[H])N2N=C(C([H])=C2[H])N([H])C(=O)N([H])C([H])([H])C([H])([H])S(=O)(=O)N([H])C3=C([H])C([H])=C(C(F)=C3[H])C([H])([H])[H],OCNT-2535004,null,null,null,null,null,null,R,null,R
GKTWHVUWJJCKMR-UHFFFAOYSA-N,[H]C=1C([H])=C(N=C(C1[H])C(=O)N([H])C([H])([H])[H])OC([H])([H])C([H])(F)F,OCNT-2535005,null,null,null,null,null,null,R,null,R
XKTUHVPDMAHBQL-UHFFFAOYSA-N,[H]C=1C([H])=C(N=C(C1[H])C(=O)N([H])C2=C([H])C([H])=C(I)C([H])=C2[H])OC([H])([H])C([H])(F)F,OCNT-2535006,null,null,null,null,null,null,R,null,R
DOZQLYDUDFQCPC-UHFFFAOYSA-N,[H]C=1N=C([H])C([H])=C(C1[H])N2N=C([H])C([H])=C2N([H])C(=O)C3=NC(OC([H])([H])C([H])(F)F)=C([H])C([H])=C3[H],OCNT-2535007,null,null,null,null,null,null,R,null,R
LUCAWVSGCYHHGJ-UHFFFAOYSA-N,[H]C=1C([H])=C(C([H])=C(C1[H])C=2C([H])=NN([H])C2[H])N([H])C(=O)C3([H])C([H])([H])C3([H])[H],OCNT-2535008,null,null,null,null,null,null,R,null,R
RBQGMKFHVNPIRY-UHFFFAOYSA-N,[H]C=1SC(=NC1C(=O)N([H])C([H])([H])C(=O)C(C([H])([H])[H])(C([H])([H])[H])C([H])([H])[H])C=2C([H])=C([H])C=3OC([H])([H])OC3C2[H],OCNT-2535010,null,null,null,null,null,null,R,null,R
OJIDMJWIQXQZTO-UHFFFAOYSA-N,[H]C=1C([H])=C(C([H])=C(C1[H])C=2C([H])=NN([H])C2[H])N([H])C(=O)C3=C([H])N([H])C(=C([H])C3=O)C([H])([H])[H],OCNT-2535011,null,null,null,null,null,null,R,null,R
PDCJUDSOQPEBFU-UHFFFAOYSA-N,[H]C=1N=C([H])C(F)=C(C1[H])C(=O)N([H])C2=C([H])C([H])=C([H])C(=C2[H])C=3C([H])=NN([H])C3[H],OCNT-2535012,null,null,null,null,null,null,R,null,R
SOIQSVFJYMUIGF-UHFFFAOYSA-N,[H]C=1N=C(N=C(C1C([H])([H])[H])C([H])([H])[H])N2C([H])([H])C([H])([H])N(C([H])([H])C(=O)N([H])C3=C([H])C([H])=C(F)C([H])=C3[H])C([H])([H])C2([H])[H],OCNT-2535015,null,null,null,null,null,null,R,null,R
JYFWMKVLBXMHNH-UHFFFAOYSA-N,[H]OC([H])(C=1C([H])=C([H])C([H])=C([H])C1[H])C(=O)N(C([H])([H])[H])C([H])(C([H])([H])[H])C2([H])OC=3C([H])=C([H])C([H])=C([H])C3C2([H])[H],OCNT-2535017,null,null,null,null,null,null,R,null,R
XUCZPLLMCHWUOL-UHFFFAOYSA-N,[H]C=1N([H])N=C2C1C([H])=C(C([H])=C2C(=O)N3C([H])([H])C([H])([H])OC4(C3([H])[H])C([H])([H])C([H])([H])C4([H])[H])C([H])([H])[H],OCNT-2535018,null,null,null,null,null,null,R,null,R
UMRSUGBDYLGYAF-UHFFFAOYSA-N,[H]C1=NN([H])C(=C1[H])C=2C([H])=C([H])C([H])=C(C2[H])N([H])C(=O)C=3SC(=NC3C([H])([H])[H])N(C([H])([H])[H])C([H])([H])[H],OCNT-2535020,null,null,null,null,null,null,R,null,R
TYGBTPIUHWDVFQ-UHFFFAOYSA-N,[H]C=1C([H])=C(N=C(C1[H])C(=O)N([H])C2([H])C([H])([H])C([H])(OC([H])(C([H])([H])[H])C2([H])[H])C([H])([H])[H])OC([H])([H])C([H])(F)F,OCNT-2535021,null,null,null,null,null,null,R,null,R
XSMMQPAOHODKDX-UHFFFAOYSA-N,[H]C1=C(C(=O)N([H])C([H])([H])C2(N3C([H])([H])C([H])([H])OC([H])([H])C3([H])[H])C([H])([H])C([H])([H])C([H])([H])C([H])([H])C2([H])[H])C(=NN1C([H])([H])[H])C(C([H])([H])[H])(C([H])([H])[H])C([H])([H])[H],OCNT-2535023,null,null,null,null,null,null,R,null,R
NIBUNRRIBLBRAZ-UHFFFAOYSA-N,[H]OC1([H])C([H])([H])N(C(=O)C=2C([H])=C([H])C([H])=C([H])C2OC([H])([H])[H])C([H])(C3=C([H])C([H])=C(F)C([H])=C3[H])C1([H])[H],OCNT-2535025,null,null,null,null,null,null,R,null,R
GCSPKOFKTNMIJM-UHFFFAOYSA-N,[H]OC([H])([H])C([H])([H])N1N=C([H])C([H])=C1C2([H])C([H])([H])C([H])([H])N(C(=O)C=3C([H])=C([H])C=4N([H])C([H])=C([H])C4C3[H])C([H])([H])C2([H])[H],OCNT-2535030,null,null,null,null,null,null,R,null,R
CIHLZCMPRMSNDX-UHFFFAOYSA-N,[H]OC1(C2=C([H])C([H])=C(F)C([H])=C2[H])C([H])([H])N(C(=O)C3=C([H])C(=NC=4C([H])=C([H])C([H])=C([H])C43)C([H])([H])[H])C([H])([H])C1([H])[H],OCNT-2535033,null,null,null,null,null,null,R,null,R
VBQXROGKZCOCEX-UHFFFAOYSA-N,[H]OC1(C2=C([H])C([H])=C(F)C([H])=C2[H])C([H])([H])N(C(=O)C3=C([H])C(=NC=4C([H])=C(F)C([H])=C([H])C43)C([H])([H])[H])C([H])([H])C1([H])[H],OCNT-2535034,null,null,null,null,null,null,R,null,R
BHBANQFMZFEGDV-UHFFFAOYSA-N,[H]C=1N=C(N=C(C1C(=O)N([H])C2(C3=C([H])C([H])=C(OC([H])([H])[H])C([H])=C3[H])C([H])([H])C([H])([H])C([H])([H])C2([H])[H])C([H])([H])[H])C([H])([H])[H],OCNT-2535035,null,null,null,null,null,null,R,null,R
JVNVATTZPWFATM-UHFFFAOYSA-N,[H]OC([H])([H])C=1C([H])=C([H])N=C([H])C1N([H])C(=O)C2([H])C([H])([H])C([H])([H])C([H])(N([H])C(=O)C([H])([H])C3([H])C([H])([H])C([H])([H])C([H])([H])C3([H])[H])C([H])([H])C2([H])[H],OCNT-2535036,null,null,null,null,null,null,R,null,R
XBVGLFBMQTTZIU-UHFFFAOYSA-N,[H]OC1(C2=C([H])C([H])=C(F)C([H])=C2[H])C([H])([H])N(C(=O)C3=C([H])N([H])N=C3C=4C([H])=C([H])C([H])=C(Cl)C4[H])C([H])([H])C1([H])[H],OCNT-2535037,null,null,null,null,null,null,R,null,R
IKNANJFWYCRCKT-UHFFFAOYSA-N,[H]C1=NC(=NO1)C([H])(N([H])C(=O)C2=NC(OC([H])([H])C([H])(F)F)=C([H])C([H])=C2[H])C([H])([H])[H],OCNT-2535039,null,null,null,null,null,null,R,null,R
BHNYBTUOTJMQOO-UHFFFAOYSA-N,[H]C=1C([H])=C(C(=O)N([H])C2=NN(C([H])=C2[H])C([H])([H])[H])N(C1[H])C3([H])C([H])([H])C([H])([H])C([H])([H])C3([H])[H],OCNT-2535040,null,null,null,null,null,null,R,null,R
KEBAJQLCWJBELI-UHFFFAOYSA-N,[H]C=1C([H])=C(C(=O)N([H])C2=C([H])N=C(C([H])=C2[H])N3C([H])([H])C([H])([H])C([H])([H])C([H])([H])C3([H])[H])N(C1[H])C4([H])C([H])([H])C([H])([H])C([H])([H])C4([H])[H],OCNT-2535041,null,null,null,null,null,null,R,null,R
ZXKCOIQAOHWTEQ-UHFFFAOYSA-N,[H]C=1C([H])=C(C(=O)N([H])C2=NC3=C(S2)C([H])([H])OC([H])([H])C3([H])[H])N(C1[H])C4([H])C([H])([H])C([H])([H])C([H])([H])C4([H])[H],OCNT-2535042,null,null,null,null,null,null,R,null,R
GBIOCCDNIFFXFQ-UHFFFAOYSA-N,[H]C=1C([H])=C(C(=O)N([H])C2=NC([H])=C(S2)C([H])(C([H])([H])[H])C([H])([H])[H])N(C1[H])C3([H])C([H])([H])C([H])([H])C([H])([H])C3([H])[H],OCNT-2535044,null,null,null,null,null,null,R,null,R
ORQVCZZTVCFTRF-UHFFFAOYSA-N,[H]OC1([H])C=2C([H])=C([H])C([H])=C([H])C2C([H])([H])N(C(=O)C=3C([H])=C([H])N=C(C3[H])N4C([H])=NC([H])=C4[H])C([H])([H])C1([H])[H],OCNT-2535045,null,null,null,null,null,null,R,null,R
CRBSGBDDTDDCHV-UHFFFAOYSA-N,[H]OC1=C([H])C([H])=C([H])C(=C1[H])C(=O)N([H])C([H])([H])C2=C([H])C([H])=C(C(F)=C2[H])N3C([H])=NC([H])=C3[H],OCNT-2535047,null,null,null,null,null,null,R,null,R
NZZRPJKQSXSGSV-UHFFFAOYSA-N,[H]OC1=C([H])C([H])=C(C(O[H])=C1[H])C(=O)N([H])C2=C([H])C([H])=C([H])C(=C2[H])C=3C([H])=NN([H])C3[H],OCNT-2535048,null,null,null,null,null,null,N,null,R
RMZQMWLOHMIUCC-UHFFFAOYSA-N,[H]C=1C([H])=C([H])C(=C([H])C1[H])C(=O)N2C([H])([H])C([H])([H])C(C(=O)N([H])C3=C([H])C([H])=C(C([H])=C3[H])N([H])C(=O)C([H])([H])[H])(C([H])([H])C([H])([H])[H])C([H])([H])C2([H])[H],OCNT-2535049,null,null,null,null,null,null,R,null,R
XONRNTKMPVDEFH-UHFFFAOYSA-N,[H]C=1C([H])=C([H])C(=C([H])C1[H])C(=O)N2C([H])([H])C([H])([H])C(C(=O)N([H])C3([H])C([H])([H])C3([H])[H])(C([H])([H])C([H])([H])[H])C([H])([H])C2([H])[H],OCNT-2535050,null,null,null,null,null,null,R,null,R
WEZNBBCXUQWIEA-UHFFFAOYSA-N,[H]C=1C([H])=C([H])C2=C(C1[H])N([H])N=C2C(=O)N([H])C([H])(C([H])([H])[H])C3([H])C([H])([H])N(C([H])([H])C([H])([H])C3([H])[H])C4([H])C([H])([H])C([H])([H])C4([H])[H],OCNT-2535051,null,null,null,null,null,null,R,null,R
ZKZIMMAKAMEPAA-UHFFFAOYSA-N,[H]OC1([H])C([H])([H])C([H])([H])C([H])([H])C([H])([H])C1([H])C([H])([H])N([H])C(=O)C2(C([H])([H])C([H])([H])[H])C([H])([H])C([H])([H])N(C(=O)C=3C([H])=C([H])C([H])=C([H])C3[H])C([H])([H])C2([H])[H],OCNT-2535052,null,null,null,null,null,null,R,null,R
FHAFWNDGOPCJPI-UHFFFAOYSA-N,[H]C=1C([H])=C(F)C(C#N)=C(C1[H])N2N=C(C([H])=C2[H])N([H])C(=O)N([H])C([H])([H])C([H])([H])S(=O)(=O)C([H])([H])[H],OCNT-2535053,null,null,null,null,null,null,R,null,R
KEOGUGZUSBSVAS-UHFFFAOYSA-N,[H]C=1C([H])=C(F)C(C#N)=C(C1[H])N2N=C(C([H])=C2[H])N([H])C(=O)N([H])C([H])([H])C([H])([H])S(=O)(=O)N([H])C([H])([H])C([H])([H])[H],OCNT-2535054,null,null,null,null,null,null,R,null,R
URDOBPIQGUDVII-UHFFFAOYSA-N,[H]C=1C([H])=C(C(F)=C([H])C1C#N)N2N=C(C([H])=C2[H])N([H])C(=O)N([H])C([H])([H])C([H])([H])S(=O)(=O)N([H])C3([H])C([H])([H])C([H])([H])C([H])([H])C([H])([H])C3([H])[H],OCNT-2535058,null,null,null,null,null,null,R,null,R
GFTDVNYGFQVBPY-UHFFFAOYSA-N,[H]C=1N=C(C([H])=C([H])C1[H])N([H])S(=O)(=O)C([H])([H])C([H])([H])N([H])C(=O)N([H])C2=NN(C([H])=C2[H])C3=C([H])C([H])=C(C#N)C([H])=C3Cl,OCNT-2535059,null,null,null,null,null,null,R,null,R
TYEYIGPAWHSTRL-UHFFFAOYSA-N,[H]C=1C([H])=C(C(Cl)=C([H])C1C#N)N2N=C(C([H])=C2[H])N([H])C(=O)C3=C([H])C(=NN3[H])C([H])([H])[H],OCNT-2535061,null,null,null,null,null,null,R,null,R
GSSIKZBYBTXWON-UHFFFAOYSA-N,[H]OC([H])(C(=O)N([H])C1=NN(C([H])=C1[H])C2=C([H])C([H])=C(C#N)C([H])=C2Cl)C([H])([H])[H],OCNT-2535062,null,null,null,null,null,null,R,null,R
AENDCANNOSENAM-UHFFFAOYSA-N,[H]C=1SC(=C([H])C1[H])C2=NC(=C([H])S2)C([H])([H])C(=O)N([H])C([H])([H])C3=C([H])C([H])=C4N([H])C(=O)N([H])C4=C3[H],OCNT-2535064,null,null,null,null,null,null,R,null,R
GMVLWSSEQDDWKN-UHFFFAOYSA-N,[H]C=1OC(=C([H])C1[H])C=2ON=C(C2[H])C(=O)N([H])C([H])([H])C3=C([H])C([H])=C4N([H])C(=O)N([H])C4=C3[H],OCNT-2535065,null,null,null,null,null,null,R,null,R
CTJNNMNHRJEGHZ-UHFFFAOYSA-N,[H]C=1N=C([H])C(=NC1[H])C(=O)N([H])C([H])([H])C2=C([H])C([H])=C3N([H])C(=O)N([H])C3=C2[H],OCNT-2535066,null,null,null,null,null,null,R,null,R
FBTIHBSKJJQNDA-UHFFFAOYSA-N,[H]C1=NC(=C([H])N=C1C(=O)N([H])C([H])([H])C2=C([H])C([H])=C3N([H])C(=O)N([H])C3=C2[H])C([H])([H])[H],OCNT-2535067,null,null,null,null,null,null,R,null,R
NERXOVWAJKSMMJ-UHFFFAOYSA-N,[H]C=1N=C(C([H])=C([H])C1[H])C(=O)N([H])C([H])([H])C2=C([H])C([H])=C3N([H])C(=O)N([H])C3=C2[H],OCNT-2535069,null,null,null,null,null,null,R,null,R
DYJLEKMLHFUFSZ-UHFFFAOYSA-N,[H]C=1SC(=C([H])C1[H])C(=O)N([H])C([H])([H])C2=C([H])C([H])=C3N([H])C(=O)N([H])C3=C2[H],OCNT-2535070,null,null,null,null,null,null,R,null,R
JIDFHRQCSHTCAL-UHFFFAOYSA-N,[H]C1=NN(C([H])=C1[H])C2=NC(=C([H])C([H])=C2[H])C(=O)N([H])C([H])([H])C3=C([H])C([H])=C4N([H])C(=O)N([H])C4=C3[H],OCNT-2535071,null,null,null,null,null,null,R,null,R
WFRKIAUIRPHVLV-UHFFFAOYSA-N,[H]C1=C([H])C=2C([H])=C([H])C(=NC2N1[H])C(=O)N([H])C([H])([H])C3=C([H])C([H])=C4N([H])C(=O)N([H])C4=C3[H],OCNT-2535072,null,null,null,null,null,null,R,null,R
NVEGBIWSSQVYHA-UHFFFAOYSA-N,[H]C1=C(C(=NN1C2([H])C([H])([H])C([H])([H])C([H])([H])C([H])([H])C2([H])[H])N([H])C(=O)N([H])C([H])([H])C([H])([H])S(=O)(=O)N([H])C3([H])C([H])([H])C([H])([H])C([H])([H])C([H])([H])C3([H])[H])C([H])([H])[H],OCNT-2535073,null,null,null,null,null,null,N,null,R
VFRFKJPAHUFNRX-UHFFFAOYSA-N,[H]C=1N=C([H])C([H])=C(C1[H])C([H])([H])C([H])(N([H])C(=O)C2=NC(OC([H])([H])C([H])(F)F)=C([H])C([H])=C2[H])C([H])([H])C3([H])C([H])([H])C([H])([H])C([H])([H])C3([H])[H],OCNT-2535076,null,null,null,null,null,null,R,null,R
CWBKDPVPQZBDCL-UHFFFAOYSA-N,[H]OC(=O)C1=C([H])C([H])=C([H])C(=C1[H])C(=O)N([H])C([H])(C=2C([H])=NC([H])=C([H])C2[H])C([H])([H])[H],OCNT-2535077,null,null,null,null,null,null,R,null,R
YWSUJTRIDYTCGE-UHFFFAOYSA-N,[H]C=1N=C([H])C(=C([H])C1[H])C([H])([H])N([H])C(=O)N([H])C([H])([H])C=2C([H])=C([H])C([H])=C(OC([H])([H])[H])C2[H],OCNT-2535079,null,null,null,null,null,null,R,null,R
PRHJDZAWGNGBDA-UHFFFAOYSA-N,[H]C=1N=C(N=C([H])C1[H])N([H])S(=O)(=O)C=2SC=3C([H])=C([H])C(Cl)=C([H])C3C2[H],OCNT-2535081,null,null,null,null,null,null,R,null,R
VPMPORUJVWMXOL-UHFFFAOYSA-N,[H]C=1N=C([H])C(F)=C(C1[H])N([H])C(=O)N([H])C([H])([H])C2=C([H])C([H])=C(C(F)=C2[H])N3C([H])=NC([H])=C3[H],OCNT-2535082,null,null,null,null,null,null,R,null,R
WPNYDMMWIYBSSA-UHFFFAOYSA-N,[H]C=1N=C([H])C(=C([H])N1)C(=O)N([H])C([H])([H])C2([H])C3([H])C=4C([H])=C([H])C([H])=C([H])C4C([H])([H])C32[H],OCNT-2535083,null,null,null,null,null,null,R,null,R
IBJUTTBLQBHAPS-UHFFFAOYSA-N,[H]C1=C([H])C=2SC(=C([H])C2C([H])=C1Cl)S(=O)(=O)N([H])C=3C([H])=C([H])C(=C([H])C3[H])C=4N=C([H])N(N4)C([H])([H])[H],OCNT-2535084,null,null,null,null,null,null,R,null,R
ZLSHALHADKEATB-UHFFFAOYSA-N,[H]OC1([H])C([H])([H])N(C([H])(C2=C([H])C([H])=C(F)C([H])=C2[H])C1([H])[H])S(=O)(=O)C3=C([H])C([H])=NN3C([H])([H])[H],OCNT-2535086,null,null,null,null,null,null,R,null,R
PSNRPTXLSOKWJG-UHFFFAOYSA-N,[H]C=1N=C([H])C([H])=C(C1[H])C([H])(N([H])C(=O)N([H])C2=NC(OC([H])([H])C([H])(F)F)=C([H])C([H])=C2[H])C([H])([H])[H],OCNT-2535087,null,null,null,null,null,null,R,null,R
OJATWDXTEGMIIA-UHFFFAOYSA-N,[H]C=1N=C(C([H])=C([H])C1[H])N2C([H])([H])C([H])([H])N(C([H])([H])C2([H])[H])C([H])([H])C([H])(N([H])C(=O)C=3C([H])=NN4N=C([H])C([H])=C([H])C34)C([H])([H])[H],OCNT-2535088,null,null,null,null,null,null,R,null,R
UYRHVFGRFAGBOP-UHFFFAOYSA-N,[H]C=1N=C(C([H])=C(C1[H])N(C(=O)C2=C([H])C([H])=C([H])C(=C2[H])C([H])([H])N3C([H])=NC([H])=C3[H])C([H])([H])[H])C([H])([H])[H],OCNT-2535091,null,null,null,null,null,null,R,null,R
XJKWJGLBYVKZMD-UHFFFAOYSA-N,[H]C1=NC(=C([H])N1[H])C2([H])C([H])([H])C([H])([H])N(C(=O)C3=C([H])C([H])=C(C(Cl)=C3[H])[N+](=O)[O-])C([H])([H])C2([H])[H],OCNT-2535092,null,null,null,null,null,null,R,null,R
RINNPLSMLICCLE-UHFFFAOYSA-N,[H]C=1C([H])=C([H])C2=C(C1[H])C([H])([H])C3([H])C2([H])C3([H])C([H])([H])N([H])C(=O)C4=C([H])C(=O)N([H])C(=C4[H])C5([H])C([H])([H])C5([H])[H],OCNT-2535093,null,null,null,null,null,null,R,null,R
OOSQUUIXYIJTKC-UHFFFAOYSA-N,[H]C=1C([H])=C2C(=C(C1[H])C([H])([H])[H])N(C([H])([H])C([H])([H])N2C(=O)C([H])([H])[H])C3([H])C([H])([H])C3([H])[H],OCNT-2535094,null,null,null,null,null,null,R,null,R
RKNSFTXTHYXSNE-UHFFFAOYSA-N,[H]C=1N=C(OC([H])([H])[H])C(=C([H])C1[H])C(=O)N2C3=C([H])C([H])=C([H])C(=C3N(C([H])([H])C2([H])[H])C4([H])C([H])([H])C4([H])[H])C([H])([H])[H],OCNT-2535095,null,null,null,null,null,null,R,null,R
RLRFPLIYHVETRX-UHFFFAOYSA-N,[H]N([H])C(=O)C=1OC([H])=C(C1[H])C(=O)N2C3=C([H])C([H])=C([H])C(=C3N(C([H])([H])C2([H])[H])C4([H])C([H])([H])C4([H])[H])C([H])([H])[H],OCNT-2535096,null,null,null,null,null,null,R,null,R
OJBCCVHFEMTZJR-UHFFFAOYSA-N,[H]N([H])C(=O)C=1C([H])=NN2C1N=C([H])C([H])=C2C(=O)N3C4=C([H])C([H])=C([H])C(=C4N(C([H])([H])C3([H])[H])C5([H])C([H])([H])C5([H])[H])C([H])([H])[H],OCNT-2535097,null,null,null,null,null,null,R,null,R
HHBSCWPVPJQGPS-UHFFFAOYSA-N,[H]C=1N=C([H])C(=C([H])C1[H])C([H])([H])N2N=C(C([H])=C2[H])N([H])C(=O)N([H])C=3C([H])=C([H])C([H])=C([H])C3C([H])(C([H])([H])[H])C([H])([H])[H],OCNT-2535098,null,null,null,null,null,null,R,null,R
YADJBLDPFSOUMQ-UHFFFAOYSA-N,[H]OC1=C([H])C([H])=C(C(F)=C1[H])C(=O)N([H])C2=C([H])C([H])=C([H])C(=C2[H])C=3C([H])=NN([H])C3[H],OCNT-2535099,null,null,null,null,null,null,R,null,R
MUQLJFDGJGYLDJ-UHFFFAOYSA-N,[H]C=1N=C([H])C(C(=O)N2C3=C([H])C([H])=C([H])C(=C3N(C([H])([H])C2([H])[H])C4([H])C([H])([H])C4([H])[H])C([H])([H])[H])=C(N1)C([H])([H])C([H])([H])[H],OCNT-2535100,null,null,null,null,null,null,R,null,R
WBYSHDIVFDTKAS-UHFFFAOYSA-N,[H]OC=1C([H])=C(O[H])C([H])=C(C1[H])C(=O)N([H])C2=C([H])C([H])=C(C([H])=C2[H])C([H])([H])N3C([H])=NC([H])=C3[H],OCNT-2535101,null,null,null,null,null,null,R,null,R
ALHOSOXXWOCTMV-UHFFFAOYSA-N,[H]C=1C([H])=C(N=C(C1[H])C(=O)N([H])C=2C([H])=NN(C2[H])C([H])(C([H])([H])[H])C3([H])C([H])([H])C3([H])[H])OC([H])([H])C([H])(F)F,OCNT-2535102,null,null,null,null,null,null,R,null,R
BGMKCPPIMKMICY-UHFFFAOYSA-N,[H]C=1C([H])=C(F)C(C#N)=C(C1[H])N2N=C(C([H])=C2[H])N([H])C(=O)N([H])C([H])([H])C([H])([H])S(=O)(=O)N([H])C([H])([H])[H],OCNT-2535110,null,null,null,null,null,null,R,null,R
AGMAYQWAVMKCRK-UHFFFAOYSA-N,[H]C=1C([H])=C([H])C2=C(OC([H])(C2([H])[H])C([H])(N(C(=O)C(=O)N([H])C3=NN(C(=C3[H])C([H])([H])[H])C([H])([H])[H])C([H])([H])[H])C([H])([H])[H])C1[H],OCNT-2535111,null,null,null,null,null,null,R,null,R
ZRTOJCIWPYMPEO-UHFFFAOYSA-N,[H]C=1C([H])=C([H])C2=C(C1[H])N([H])N=C2C(=O)N([H])C([H])(C([H])([H])[H])C3([H])C([H])([H])C([H])([H])N(C([H])([H])C3([H])[H])C([H])([H])C(F)(F)F,OCNT-2535115,null,null,null,null,null,null,R,null,R
ZRLHVMLTXCBVFC-UHFFFAOYSA-N,[H]C1=NN([H])C=2C([H])=C(C([H])=C([H])C12)C([H])([H])C(=O)N([H])C([H])(C([H])([H])C3=C([H])C([H])=C(F)C([H])=C3[H])C([H])(C([H])([H])[H])C([H])([H])[H],OCNT-2535117,null,null,null,null,null,null,R,null,R
BEONTKCEIYDZAX-UHFFFAOYSA-N,[H]C=1N=C([H])C(=C([H])C1[H])C(F)(F)C(=O)N([H])C([H])([H])C([H])([H])C2=C([H])N([H])C=3C([H])=C(Cl)C([H])=C([H])C32,OCNT-2535118,null,null,null,null,null,null,R,null,R
NPNIDWGMSMBLOF-UHFFFAOYSA-N,[H]C=1N=C([H])C(=C([H])C1[H])C(F)(F)C(=O)N([H])C([H])([H])C([H])([H])C2=C([H])N([H])C=3C([H])=C([H])C(Cl)=C([H])C32,OCNT-2535119,null,null,null,null,null,null,R,null,R
GDXHMLSAPCRRHX-UHFFFAOYSA-N,[H]C=1N=C([H])C([H])=C(C1[H])C([H])([H])N([H])C(=O)N([H])C([H])(C=2OC=3C([H])=C([H])C(F)=C([H])C3C2[H])C([H])([H])[H],OCNT-2535120,null,null,null,null,null,null,R,null,R
IBDWPVICLPPSDD-UHFFFAOYSA-N,[H]C1=C([H])C=2OC(=C([H])C2C([H])=C1F)C([H])(N([H])C(=O)N([H])C([H])([H])C([H])([H])N([H])C(=O)C([H])([H])[H])C([H])([H])[H],OCNT-2535121,null,null,null,null,null,null,R,null,R
JVULHJMQBZNNCH-UHFFFAOYSA-N,[H]C([H])=C([H])C([H])([H])C1(C(=O)N([H])C2([H])C([H])([H])C([H])([H])N(C([H])([H])[H])C([H])([H])C2([H])[H])N(C(=O)OC(C([H])([H])[H])(C([H])([H])[H])C([H])([H])[H])C([H])([H])C([H])([H])C1([H])[H],OCNT-2535122,null,null,null,null,null,null,N,null,R
XXEIULQWWBTDSZ-UHFFFAOYSA-N,[H]OC1=C([H])C([H])=C(N([H])S(=O)(=O)C=2SC=3C([H])=C([H])C(Cl)=C([H])C3C2[H])C(=C1[H])C([H])([H])C([H])([H])[H],OCNT-2535123,null,null,null,null,null,null,R,null,R
BRXZFUXNZFSNMB-UHFFFAOYSA-N,[H]C=1N=C(C([H])=C([H])C1[H])N([H])C(=O)C([H])([H])C([H])([H])C=2C=3C([H])=C([H])C([H])=C([H])C3N([H])C2C=4C([H])=C([H])C(F)=C([H])C4[H],OCNT-2535124,null,null,null,null,null,null,R,null,R
JGEONMDVMNCXCV-UHFFFAOYSA-N,[H]C1=C([H])C=2OC(=C([H])C2C([H])=C1F)C([H])(N([H])C(=O)C([H])([H])[H])C([H])([H])[H],OCNT-2535126,null,null,null,null,null,null,R,null,R
ZSBYGIHSLQRFLQ-UHFFFAOYSA-N,[H]C=1C([H])=C([H])C(=C(F)C1[H])S(=O)(=O)N2C([H])([H])C([H])(OC([H])([H])[H])C([H])(OC([H])([H])[H])C2([H])[H],OCNT-2535127,null,null,null,null,null,null,R,null,R
AOZAXMXZZCBWNY-UHFFFAOYSA-N,[H]C=1C([H])=C(Cl)C([H])=C(C1[H])C([H])(N([H])C(=O)C2=C([H])C([H])=C(C(=C2[H])N([H])S(=O)(=O)C([H])([H])[H])C([H])([H])[H])C([H])([H])[H],OCNT-2535128,null,null,null,null,null,null,R,null,R
CYTIBPNZDMYFGX-UHFFFAOYSA-N,[H]C=1N=C([H])C([H])=C(C1[H])N([H])C(=O)C([H])([H])C([H])([H])C=2C=3C([H])=C([H])C([H])=C([H])C3N([H])C2C=4C([H])=C([H])C(F)=C([H])C4[H],OCNT-2535131,null,null,null,null,null,null,R,null,R
OFPDZAVRUHSYJU-UHFFFAOYSA-N,[H]C=1N=C(OC2([H])C([H])([H])N(C(=O)C3=NC([H])=C(F)C([H])=C3F)C([H])([H])C2([H])[H])C([H])=C([H])C1[H],OCNT-2535133,null,null,null,null,null,null,R,null,R
VCZZOLGRPRVQPV-UHFFFAOYSA-N,[H]OC(=O)C1=C([H])C([H])=C(C([H])=C1[H])C(=O)N(C([H])([H])[H])C([H])(C([H])([H])[H])C2([H])OC=3C([H])=C([H])C([H])=C([H])C3C2([H])[H],OCNT-2535134,null,null,null,null,null,null,R,null,R
FMZPXYDWVKQWFU-UHFFFAOYSA-N,[H]OC(=O)C1=C([H])C([H])=C([H])C(=C1[H])C(=O)N(C([H])([H])[H])C([H])(C([H])([H])[H])C2([H])OC=3C([H])=C([H])C([H])=C([H])C3C2([H])[H],OCNT-2535135,null,null,null,null,null,null,R,null,R
MZLPNRVVVJQURW-UHFFFAOYSA-N,[H]C=1C([H])=C([H])C=2C(=O)OC(=C([H])C2C1[H])C(=O)N([H])C([H])([H])[H],OCNT-2535136,null,null,null,null,null,null,R,null,R
WVXDSVYRPFGGHP-UHFFFAOYSA-N,[H]C1=NN([H])C(=C1[H])C=2C([H])=C([H])C([H])=C(C2[H])N([H])C(=O)C3=C([H])N=C([H])N3C([H])([H])[H],OCNT-2535137,null,null,null,null,null,null,R,null,R
GILKNISNXWEAOI-UHFFFAOYSA-N,[H]C=1C([H])=C([H])C=2C(=O)OC(=C([H])C2C1[H])C(=O)N([H])C([H])([H])C=3C([H])=C([H])C([H])=C(C3[H])C(=O)N([H])C([H])([H])C([H])([H])[H],OCNT-2535138,null,null,null,null,null,null,R,null,R
DBYOJYFCONRFOH-UHFFFAOYSA-N,[H]C=1C([H])=C([H])C=2C(=O)OC(=C([H])C2C1[H])C(=O)N([H])C([H])([H])C3=C([H])C([H])=C([H])C(=C3[H])C([H])([H])N4C([H])([H])C([H])([H])OC([H])([H])C4([H])[H],OCNT-2535139,null,null,null,null,null,null,R,null,R
TUEWURHBRCOMCJ-UHFFFAOYSA-N,[H]C=1N=C([H])C(=C([H])C1[H])C([H])([H])N2N=C(C([H])=C2[H])N([H])C(=O)N([H])C=3C([H])=C([H])C([H])=C([H])C3Br,OCNT-2535141,null,null,null,null,null,null,R,null,R
ADJRMPTZUXRRGP-UHFFFAOYSA-N,[H]C=1N=C(SC1[H])C2=NN([H])C([H])=C2N([H])C(=O)N([H])C=3C([H])=C([H])C(OC([H])([H])[H])=C4N=C([H])C([H])=C([H])C43,OCNT-2535143,null,null,null,null,null,null,R,null,R
MOCCCMVDMPPWLX-UHFFFAOYSA-N,[H]C=1C([H])=C2C(=C(C1[H])C([H])([H])[H])N(C([H])([H])C([H])([H])N2C(=O)C=3OC(=C([H])C3[H])C(=O)C([H])([H])[H])C4([H])C([H])([H])C4([H])[H],OCNT-2535145,null,null,null,null,null,null,R,null,R
FLHFMWXVFWEJBF-UHFFFAOYSA-N,[H]C=1N=C(SC1[H])C2=NN([H])C([H])=C2N([H])C(=O)N([H])C([H])([H])C([H])(OC([H])([H])[H])C3=C([H])C([H])=C(F)C([H])=C3[H],OCNT-2535146,null,null,null,null,null,null,R,null,R
TUTZACUCNHDQQD-UHFFFAOYSA-N,[H]C=1N=C(SC1[H])C2=NN([H])C([H])=C2N([H])C(=O)C3=C([H])N([H])C=4C([H])=C([H])C([H])=C(F)C43,OCNT-2535147,null,null,null,null,null,null,R,null,R
NUMLFIHVWGYIIJ-UHFFFAOYSA-N,[H]C=1N=C(SC1[H])C2=NN([H])C([H])=C2N([H])C(=O)C3=C([H])C([H])=C([H])C4=C3C([H])=C([H])N4C([H])([H])[H],OCNT-2535148,null,null,null,null,null,null,R,null,R
TVEXDIRAHUXKBJ-UHFFFAOYSA-N,[H]C=1N=C(SC1[H])C2=NN([H])C([H])=C2N([H])C(=O)C(F)(F)C3=C([H])C([H])=C(OC([H])([H])[H])C([H])=C3[H],OCNT-2535150,null,null,null,null,null,null,R,null,R
PINZGTIVPOLPFK-UHFFFAOYSA-N,[H]C=1N=C(C([H])=C([H])C1[H])N(C([H])([H])[H])C([H])([H])C([H])([H])C([H])([H])N([H])C(=O)C([H])([H])C(OC([H])([H])[H])(C([H])([H])[H])C([H])([H])[H],OCNT-2535151,null,null,null,null,null,null,R,null,R
RLECTTKOBJGDTM-UHFFFAOYSA-N,[H]C=1N=C(OC2([H])C([H])([H])C([H])([H])N(C(=O)C3=NN(C([H])=C3[H])C=4C([H])=C([H])C([H])=C([H])C4F)C([H])([H])C2([H])[H])C(=C([H])C1[H])C([H])([H])[H],OCNT-2535152,null,null,null,null,null,null,R,null,R
IDZCWYFILKMFQI-UHFFFAOYSA-N,[H]C=1N=C(C([H])=C([H])C1C([H])([H])N([H])C(=O)C2([H])C([H])([H])C([H])([H])C([H])(N([H])C(=O)C([H])([H])C3([H])C([H])([H])C([H])([H])C([H])([H])C([H])([H])C3([H])[H])C([H])([H])C2([H])[H])N([H])C(=O)C([H])([H])[H],OCNT-2535153,null,null,null,null,null,null,R,null,R
QALQXPZBDUTASA-UHFFFAOYSA-N,[H]C=1C([H])=C([H])C2=C(C1[H])N([H])C([H])=C2C3=NN=C(O3)SC([H])(C(=O)N([H])C4=C([H])C([H])=C([H])C(=C4[H])C(=O)C([H])([H])[H])C([H])([H])[H],OCNT-2535154,null,null,null,null,null,null,R,null,R
CZXQCTRLJISYDB-UHFFFAOYSA-N,[H]C=1C([H])=C([H])C2=C(C1[H])N([H])C([H])=C2C3=NN=C(O3)SC([H])(C(=O)N([H])C([H])([H])C4=C([H])C([H])=C(OC([H])([H])[H])C([H])=C4[H])C([H])([H])[H],OCNT-2535155,null,null,null,null,null,null,R,null,R
PKKCKPGLERGBFZ-UHFFFAOYSA-N,[H]C=1C([H])=C([H])C(N([H])C(=O)C([H])(SC2=NN=C(O2)C3=C([H])N([H])C=4C([H])=C([H])C([H])=C([H])C43)C([H])([H])[H])=C(F)C1[H],OCNT-2535156,null,null,null,null,null,null,R,null,R
UXJWIOVUANSLSI-UHFFFAOYSA-N,[H]C=1C([H])=C([H])C2=C(C1[H])N([H])C([H])=C2C3=NN=C(O3)SC([H])(C(=O)N([H])C([H])([H])C([H])([H])C4=C([H])C([H])([H])C([H])([H])C([H])([H])C4([H])[H])C([H])([H])[H],OCNT-2535158,null,null,null,null,null,null,R,null,R
ZQZLZZOSSBIHLG-UHFFFAOYSA-N,[H]C=1C([H])=C([H])C2=C(C1[H])N([H])C([H])=C2C3=NN=C(O3)SC([H])(C(=O)N([H])C4=C([H])C([H])=C(F)C([H])=C4[H])C([H])([H])[H],OCNT-2535160,null,null,null,null,null,null,R,null,R
WLNUVSLCSPTUDG-UHFFFAOYSA-N,[H]C=1C([H])=C([H])C2=C(C1[H])N([H])C([H])=C2C3=NN=C(O3)SC([H])(C(=O)N([H])C4([H])C([H])([H])C([H])([H])C([H])([H])C([H])([H])C4([H])[H])C([H])([H])[H],OCNT-2535161,null,null,null,null,null,null,R,null,R
XGSGELMEEUBOFM-UHFFFAOYSA-N,[H]C=1C([H])=C(OC([H])([H])[H])C([H])=C(C1[H])C([H])([H])N([H])C(=O)C2=C([H])N([H])C=3N=C([H])C(Br)=C([H])C32,OCNT-2535163,null,null,null,null,null,null,R,null,R
WOJSKHYJSLTGQV-UHFFFAOYSA-N,[H]C1=NC=2N([H])C([H])=C(C(=O)N([H])C3(C4=NC(=C([H])S4)C([H])([H])[H])C([H])([H])C([H])([H])C([H])([H])C3([H])[H])C2C([H])=C1Br,OCNT-2535164,null,null,null,null,null,null,R,null,R
OJSIWLBSIFDVDI-UHFFFAOYSA-N,[H]C=1N=C(C#N)C([H])=C(C1[H])C(=O)N([H])C([H])([H])C([H])([H])C2=NC(=NO2)C=3C([H])=C([H])C(Cl)=C([H])C3[H],OCNT-2535166,null,null,null,null,null,null,R,null,R
RGVQQGGGBIYSSF-UHFFFAOYSA-N,[H]C1=NN([H])C=2C([H])=C([H])C(=C([H])C12)C([H])([H])C(=O)N([H])C([H])([H])C([H])(N3C([H])([H])C([H])([H])N(C([H])([H])[H])C([H])([H])C3([H])[H])C([H])([H])[H],OCNT-2535167,null,null,null,null,null,null,R,null,R
XZMVFBIZOLEIOM-UHFFFAOYSA-N,[H]C=1N=C(C#N)C([H])=C(C1[H])C(=O)N([H])C([H])([H])C([H])([H])C2=NC(=NO2)C=3C([H])=C([H])C([H])=C(Cl)C3[H],OCNT-2535168,null,null,null,null,null,null,R,null,R
GPZVVXRWPKBWMQ-UHFFFAOYSA-N,[H]C=1C([H])=C(F)C=2OC(=C([H])C2C1[H])C([H])(N([H])C(=O)C([H])([H])C=3C([H])=C([H])C=4C([H])=NN([H])C4C3[H])C([H])([H])[H],OCNT-2535170,null,null,null,null,null,null,R,null,R
SIOOYOMYAOCUHO-UHFFFAOYSA-N,[H]C=1N=C([H])C(OC([H])([H])[H])=C(C1[H])N2C([H])([H])C([H])([H])N(C(=O)C3=C([H])N=C(C([H])=C3[H])N([H])C4([H])C([H])([H])C4([H])[H])C([H])([H])C2([H])[H],OCNT-2535171,null,null,null,null,null,null,R,null,R
ULPROYMOSMAZMQ-UHFFFAOYSA-N,[H]C=1C([H])=C([H])C(=C([H])C1[H])C([H])([H])N2C([H])([H])C3([H])C([H])([H])N(C4=NC(=NC([H])=C4Cl)OC([H])([H])[H])C([H])([H])C3([H])C2([H])[H],OCNT-2535172,null,null,null,null,null,null,R,null,R
AUCDWXNJQLIVFH-UHFFFAOYSA-N,[H]C=1C([H])=C(C(F)=C([H])C1N([H])S(=O)(=O)C([H])([H])C([H])([H])N([H])C(=O)N([H])C2=NN(C([H])=C2[H])C([H])(C([H])([H])[H])C([H])([H])[H])C([H])([H])[H],OCNT-2535176,null,null,null,null,null,null,R,null,R
LSKUZWWEXJOCSB-UHFFFAOYSA-N,[H]C1=NN=C(N1[H])C2(N([H])C(=O)C3=C([H])N([H])C=4N=C([H])C(Br)=C([H])C43)C([H])([H])C([H])([H])C2([H])[H],OCNT-2535177,null,null,null,null,null,null,R,null,R
DHILLHKBQUXGCS-UHFFFAOYSA-N,[H]N([H])S(=O)(=O)C1=C([H])N=C(C([H])=C1[H])C(=O)N2C3=C([H])C([H])=C([H])C(=C3N(C([H])([H])C2([H])[H])C4([H])C([H])([H])C4([H])[H])C([H])([H])[H],OCNT-2535178,null,null,null,null,null,null,R,null,R
LMHWJSALLYEJCF-UHFFFAOYSA-N,[H]C=1C([H])=C([H])C2=C(OC([H])([H])C([H])([H])C([H])([H])C2([H])N([H])S(=O)(=O)C3=C([H])C(=C([H])C([H])=C3OC([H])([H])[H])C([H])([H])[H])C1[H],OCNT-2535180,null,null,null,null,null,null,R,null,R
CSKFNYTUMKSYLX-UHFFFAOYSA-N,[H]C=1N=C([H])C(=C([H])C1[H])C2([H])N(C([H])([H])C([H])(C([H])([H])[H])C2([H])[H])S(=O)(=O)C3=C([H])C(=C([H])C([H])=C3OC([H])([H])[H])C([H])([H])[H],OCNT-2535182,null,null,null,null,null,null,R,null,R
WHDAIPZTZHHTKW-UHFFFAOYSA-N,[H]C=1C([H])=C([H])C2=C(C1[H])N(C([H])([H])[H])C([H])([H])C([H])([H])C2([H])N([H])S(=O)(=O)C3=C([H])C(=C([H])C([H])=C3OC([H])([H])[H])C([H])([H])[H],OCNT-2535183,null,null,null,null,null,null,R,null,R
DYJIVBITDVMPFA-UHFFFAOYSA-N,[H]C=1C([H])=C([H])C(=C([H])C1[H])C2=NC(=C([H])S2)C([H])([H])C([H])([H])N([H])C(=O)C=3N=C(C([H])=C(C3[H])C([H])([H])[H])C([H])([H])[H],OCNT-2535184,null,null,null,null,null,null,R,null,R
PAZOKZXCAIDNFZ-UHFFFAOYSA-N,[H]C=1C([H])=C([H])C(=C([H])C1[H])C([H])([H])C2=NN([H])C(=C2[H])C(=O)N([H])C([H])([H])C3([H])C4([H])C=5C([H])=C([H])C([H])=C([H])C5C([H])([H])C43[H],OCNT-2535186,null,null,null,null,null,null,R,null,R
SCFHLIMJKWHKJL-UHFFFAOYSA-N,[H]C=1N=C([H])N(C1[H])C([H])([H])C=2C([H])=C([H])C([H])=C([H])C2C([H])([H])N([H])C(=O)C=3C([H])=C(C([H])=C(C3[H])C([H])([H])[H])C([H])([H])[H],OCNT-2535190,null,null,null,null,null,null,R,null,R
HPDZRDVYWBSEBS-UHFFFAOYSA-N,[H]C=1SC(=NC1C2=C([H])N([H])C(=C2[H])C(=O)N([H])C([H])([H])C3=C([H])C(=NN3C([H])([H])[H])C([H])([H])[H])C([H])([H])[H],OCNT-2535194,null,null,null,null,null,null,R,null,R
PVAMLBAHCBOXIJ-UHFFFAOYSA-N,[H]OC([H])(C(=O)N([H])C([H])([H])C=1OC(=C(C1[H])C(=O)OC([H])([H])[H])C([H])([H])[H])C2=C([H])C([H])=C([H])C(=C2[H])C(F)(F)F,OCNT-2535197,null,null,null,null,null,null,R,null,R
RDEXVBZPMFHERA-UHFFFAOYSA-N,[H]C=1N=C([H])C([H])=C(C1[H])C([H])([H])N2N=C(C([H])=C2[H])N([H])C(=O)C3(C=4C([H])=C([H])C([H])=C(OC([H])([H])[H])C4[H])C([H])([H])C3([H])[H],OCNT-2535199,null,null,null,null,null,null,R,null,R
RUYHWEKISJYKQS-UHFFFAOYSA-N,[H]C=1C([H])=C(OC([H])([H])[H])C([H])=C(C1[H])C2(C(=O)N([H])C([H])(C=3N=C([H])N([H])N3)C([H])([H])[H])C([H])([H])C2([H])[H],OCNT-2535201,null,null,null,null,null,null,R,null,R
QUXUYVPKJKLYRC-UHFFFAOYSA-N,[H]OC([H])(C(=O)N([H])C([H])([H])C([H])(O[H])C([H])([H])OC1=C([H])C([H])=C(C([H])=C1[H])C(F)(F)F)C2=C([H])C([H])=C([H])C(=C2[H])C(F)(F)F,OCNT-2535202,null,null,null,null,null,null,R,null,R
RETYLQGXVVGHBG-UHFFFAOYSA-N,[H]C=1C([H])=C([H])C(=C([H])C1[H])C2=NN([H])C([H])=C2N([H])C(=O)C3=C([H])C(F)=C([H])C([H])=C3OC([H])([H])[H],OCNT-2535203,null,null,null,null,null,null,R,null,R
WGPDWCODYNICIT-UHFFFAOYSA-N,[H]OC1=C([H])N=C([H])C(=C1[H])C(=O)N2C3=C([H])C([H])=C([H])C(=C3N(C([H])([H])C2([H])[H])C4([H])C([H])([H])C4([H])[H])C([H])([H])[H],OCNT-2535204,null,null,null,null,null,null,R,null,R
VYWJZNGNLUYVPF-UHFFFAOYSA-N,[H]OC1(C(=O)N([H])[H])C([H])([H])N(C(=O)C2=C([H])C(=C([H])C3=C([H])N([H])N=C32)C([H])([H])[H])C([H])([H])C1([H])[H],OCNT-2535205,null,null,null,null,null,null,R,null,R
UTIDESMGGKOHKC-UHFFFAOYSA-N,[H]C=1C([H])=C(OC([H])([H])[H])C2=C(C1[H])C([H])([H])C([H])([H])N(C(=O)C3=C([H])N=C(C([H])=C3[H])N([H])C([H])([H])[H])C([H])([H])C2([H])[H],OCNT-2535207,null,null,null,null,null,null,R,null,R
ZJHSRQFIPCNLRS-UHFFFAOYSA-N,[H]C=1C([H])=C(OC([H])([H])[H])C([H])=C(C1[H])C2(C(=O)N([H])C3=NN(C([H])=C3C([H])([H])[H])C([H])(C([H])([H])[H])C([H])([H])[H])C([H])([H])C2([H])[H],OCNT-2535208,null,null,null,null,null,null,R,null,R
UCTMKONSQVYUEN-UHFFFAOYSA-N,[H]C=1C([H])=C([H])C(=C(F)C1[H])C2=NN([H])C([H])=C2N([H])C(=O)C3=C([H])C(F)=C([H])C([H])=C3OC([H])([H])[H],OCNT-2535209,null,null,null,null,null,null,R,null,R
FOSVCJNHTIJCFU-UHFFFAOYSA-N,[H]C=1N=C(SC1C([H])([H])OC([H])([H])[H])N([H])C(=O)C2=C([H])C([H])=C([H])N2C3([H])C([H])([H])C([H])([H])C([H])([H])C3([H])[H],OCNT-2535211,null,null,null,null,null,null,R,null,R
LTSCKLUXDYVJEH-UHFFFAOYSA-N,[H]C=1C([H])=C(C#N)C([H])=C(C1[H])C(=O)N([H])C([H])([H])C([H])([H])C2=NC(=NN2[H])C=3C([H])=C([H])C(Cl)=C([H])C3[H],OCNT-2535212,null,null,null,null,null,null,R,null,R
RBUTUKHYWPLQJW-UHFFFAOYSA-N,[H]C=1N=C(N([H])C1[H])C([H])([H])C2([H])C([H])([H])C([H])([H])N(C(=O)C([H])([H])C([H])([H])C3=NC(=NO3)C=4C([H])=C([H])C(OC([H])([H])[H])=C([H])C4[H])C([H])([H])C2([H])[H],OCNT-2535213,null,null,null,null,null,null,R,null,R
BEZXRIQDCHPXKO-UHFFFAOYSA-N,[H]C=1N=C(N([H])C(=O)C2(C=3C([H])=C([H])C([H])=C(OC([H])([H])[H])C3[H])C([H])([H])C2([H])[H])C(Cl)=C([H])C1[H],OCNT-2535214,null,null,null,null,null,null,R,null,R
RIFKAMYNDLEFGK-UHFFFAOYSA-N,[H]OC([H])([H])C1(C([H])([H])N(C(=O)C2=C([H])C(=C([H])C3=C([H])N([H])N=C32)C([H])([H])[H])C([H])([H])C1([H])[H])C([H])([H])C([H])([H])C([H])([H])[H],OCNT-2535215,null,null,null,null,null,null,R,null,R
FNCANYWIDBSXMR-UHFFFAOYSA-N,[H]OC([H])([H])C1(C([H])([H])N(C(=O)C2=C([H])C(=C([H])C3=C([H])N([H])N=C32)C([H])([H])[H])C([H])([H])C1([H])[H])C([H])(C([H])([H])[H])C([H])([H])[H],OCNT-2535216,null,null,null,null,null,null,R,null,R
AFEXYAZHUWKMSN-UHFFFAOYSA-N,[H]C=1N=C(C(=C([H])C1[H])N(C([H])([H])[H])C([H])([H])[H])C([H])([H])N([H])C(=O)C=2OC(=O)C=3C([H])=C([H])C([H])=C([H])C3C2[H],OCNT-2535217,null,null,null,null,null,null,R,null,R
DUFBSKNQQAXWGC-UHFFFAOYSA-N,[H]C=1C([H])=C([H])C=2C(=O)N(C(=O)N([H])C2C1[H])C([H])([H])C3=C([H])N=C([H])N3C([H])([H])[H],OCNT-2535218,null,null,null,null,null,null,R,null,R
CKIPJCWNVHDWAG-UHFFFAOYSA-N,[H]C=1N=C(N=C(C1Cl)N2C([H])([H])C([H])([H])N(C([H])([H])C([H])([H])N([H])C(=O)C3([H])C([H])([H])C([H])([H])C([H])([H])C3([H])[H])C([H])([H])C2([H])[H])OC([H])([H])[H],OCNT-2535219,null,null,null,null,null,null,R,null,R
UZGCONRMDSJZLL-UHFFFAOYSA-N,[H]C=1N=C([H])N(C1[H])C([H])([H])C(=O)N([H])C([H])(C2=NC=3C([H])=C([H])C([H])=C([H])C3N2[H])C([H])([H])[H],OCNT-2535220,null,null,null,null,null,null,R,null,R
LAHJAXZGIZETPN-UHFFFAOYSA-N,[H]N([H])C(=O)C(N([H])C(=O)C1=C([H])N=NC(=C1[H])C2=C([H])C([H])=C([H])C([H])=C2[H])(C=3C([H])=C([H])C([H])=C([H])C3[H])C([H])([H])[H],OCNT-2535221,null,null,null,null,null,null,R,null,R
AZQPWQINILHIDQ-UHFFFAOYSA-N,[H]OC([H])(C=1SC(Cl)=C([H])C1[H])C([H])([H])N([H])C(=O)C=2N=C([H])OC2C3([H])C([H])([H])C3([H])[H],OCNT-2535224,null,null,null,null,null,null,R,null,R
MQKFKNKJNHXMNZ-UHFFFAOYSA-N,[H]C=1C([H])=C2C(=C(C1[H])C([H])([H])[H])N(C([H])([H])C([H])([H])N2C(=O)C3=NN(N=C3C([H])([H])[H])C([H])([H])C([H])([H])[H])C4([H])C([H])([H])C4([H])[H],OCNT-2535225,null,null,null,null,null,null,R,null,R
QADCZLCKBVLVCV-UHFFFAOYSA-N,[H]C=1N=C([H])C=2N=C(SC2C1[H])C(=O)N([H])C([H])([H])C([H])([H])C([H])([H])OC3=C([H])C([H])=C(C([H])=C3[H])C([H])([H])[H],OCNT-2535226,null,null,null,null,null,null,R,null,R
OJCLHERKFHHUTB-UHFFFAOYSA-N,[H]OC([H])([H])C1([H])C([H])([H])N(C(=O)OC(C([H])([H])[H])(C([H])([H])[H])C([H])([H])[H])C([H])([H])C([H])([H])C1([H])[H],OCNT-2535228,null,null,null,null,null,null,N,null,R
ACGPBLZSPDCGCA-UHFFFAOYSA-N,[H]C1=C([H])C(=C([H])C([H])=C1OC([H])([H])[H])C2=NOC(=N2)C([H])([H])C([H])([H])C(=O)N3C([H])([H])C([H])([H])C([H])([H])C([H])([H])C([H])([H])C3([H])[H],OCNT-2535229,null,null,null,null,null,null,R,null,R
RGMFCAZPSYJLPP-UHFFFAOYSA-N,[H]C=1C([H])=C([H])C(=C(F)C1[H])N2N=C(C([H])=C2[H])C(=O)N3C([H])([H])C([H])([H])C([H])([H])C([H])(N([H])C([H])([H])[H])C3([H])[H],OCNT-2535231,null,null,null,null,null,null,R,null,R
IGZCDJVRJJTBLG-UHFFFAOYSA-N,[H]C1=C([H])C(=C([H])C([H])=C1OC([H])([H])[H])C2=NOC(=N2)C([H])([H])C([H])([H])C(=O)N3C([H])([H])C([H])([H])C([H])(C([H])([H])C([H])([H])C4=C([H])C([H])=C(OC([H])([H])C([H])([H])[H])C([H])=C4[H])C([H])([H])C3([H])[H],OCNT-2535233,null,null,null,null,null,null,R,null,R
AFXVIHMNMRJRDS-UHFFFAOYSA-N,[H]C1=C([H])C(=C([H])C([H])=C1OC([H])([H])[H])C2=NOC(=N2)C([H])([H])C([H])([H])C(=O)N3C([H])([H])C([H])([H])OC([H])(C([H])([H])[H])C3([H])[H],OCNT-2535234,null,null,null,null,null,null,R,null,R
ULRIVKPPJKOYOS-UHFFFAOYSA-N,[H]C([H])=C([H])C([H])([H])C1(C(=O)N([H])C2([H])C([H])([H])C([H])([H])N(C(=O)OC(C([H])([H])[H])(C([H])([H])[H])C([H])([H])[H])C([H])([H])C2([H])[H])C([H])([H])C([H])([H])C([H])([H])C1([H])[H],OCNT-2535237,null,null,null,null,null,null,N,null,R
XKVFOSUENYMPEI-UHFFFAOYSA-N,[H]C([H])=C([H])C([H])([H])C1(C(=O)N([H])C2([H])C([H])([H])N(C(=O)OC(C([H])([H])[H])(C([H])([H])[H])C([H])([H])[H])C([H])([H])C2([H])[H])C([H])([H])C([H])([H])C([H])([H])C1([H])[H],OCNT-2535238,null,null,null,null,null,null,N,null,R
ZJQYUZZNVSDYOM-UHFFFAOYSA-N,[H]OC1(C([H])([H])C(=O)N([H])C([H])(C=2OC=3C([H])=C([H])C(F)=C([H])C3C2[H])C([H])([H])[H])C([H])([H])C([H])([H])C1([H])[H],OCNT-2535239,null,null,null,null,null,null,R,null,R
NRIXKOBBEDUYNB-UHFFFAOYSA-N,[H]C1=C([H])C=2OC(=C([H])C2C([H])=C1F)C([H])(N([H])C(=O)C([H])([H])C3([H])C([H])([H])C(F)(F)C3([H])[H])C([H])([H])[H],OCNT-2535240,null,null,null,null,null,null,R,null,R
RJVMMJOMRIMUAW-UHFFFAOYSA-N,[H]C1=C([H])C=2C([H])=C(C([H])=C([H])C2N1[H])C(=O)N3C([H])([H])C([H])([H])C([H])(C4=NC(=C([H])S4)C(F)(F)F)C([H])([H])C3([H])[H],OCNT-2535241,null,null,null,null,null,null,R,null,R
YQQRUTNMNAZIAR-UHFFFAOYSA-N,[H]OC1=C(I)C([H])=C(C([H])=C1OC([H])([H])[H])C([H])([H])O[H],OCNT-2535242,null,null,null,null,null,null,R,null,R
WYMAJKNSMXCGIZ-UHFFFAOYSA-N,[H]C=1C([H])=C(C([H])=C(C1[H])C(=O)N2C([H])([H])C=3C(OC([H])([H])[H])=C([H])C([H])=C([H])C3C([H])([H])C2([H])[H])C(=O)N([H])C4([H])C([H])([H])C4([H])[H],OCNT-2535245,null,null,null,null,null,null,R,null,R
DXSBLFMKEXSCHT-UHFFFAOYSA-N,[H]C=1C([H])=C([H])C=2SC(=NC2C1[H])N([H])C(=O)N3C([H])([H])C([H])([H])OC([H])([H])C3([H])[H],OCNT-2535246,null,null,null,null,null,null,R,null,R
GQEMTFSFTIYYQV-UHFFFAOYSA-N,[H]C=1C([H])=C([H])C=2SC(=NC2C1[H])N([H])C(=O)N([H])C([H])([H])C3=C([H])C([H])=C4OC([H])([H])C([H])([H])OC4=C3[H],OCNT-2535247,null,null,null,null,null,null,R,null,R
HCTPQQNFDUUQCP-UHFFFAOYSA-N,[H]OC(=O)C1=C([H])C([H])=C([H])C(=C1[H])C([H])([H])N([H])C(=O)N([H])C2=NN(C([H])=C2C([H])([H])[H])C3([H])C([H])([H])C([H])([H])C([H])([H])C([H])([H])C3([H])[H],OCNT-2535251,null,null,null,null,null,null,R,null,R
MVGCIXCMMDGBJB-UHFFFAOYSA-N,[H]C=1C([H])=C(C([H])=C([H])C1N([H])C(=O)C([H])([H])[H])C([H])([H])N([H])C(=O)C2=C([H])C([H])=C(C(=C2[H])N([H])S(=O)(=O)C=3C(=C([H])C(=C([H])C3C([H])([H])[H])C([H])([H])[H])C([H])([H])[H])C([H])([H])[H],OCNT-2535253,null,null,null,null,null,null,R,null,R
KPGSJBXHVSMRQD-UHFFFAOYSA-N,[H]C=1C([H])=C([H])C(=C([H])C1[H])N2N=C([H])C(C(=O)N([H])C([H])([H])C3(N4C([H])([H])C([H])([H])OC([H])([H])C4([H])[H])C([H])([H])C([H])([H])C([H])([H])C([H])([H])C3([H])[H])=C2C([H])([H])[H],OCNT-2535254,null,null,null,null,null,null,R,null,R
KXYNTGNJNDVQPV-UHFFFAOYSA-N,[H]C=1C([H])=C([H])C(=C(F)C1[H])N2N=C(C([H])=C2[H])C(=O)N3C([H])([H])C([H])([H])C([H])(N4C([H])([H])C([H])([H])N([H])C([H])([H])C4([H])[H])C3([H])[H],OCNT-2535255,null,null,null,null,null,null,R,null,R
JXGQGYDGFKVAGS-UHFFFAOYSA-N,[H]C=1C([H])=C([H])C2=C(C1[H])N([H])N=C2C(=O)N([H])C([H])(C([H])([H])[H])C3([H])C([H])([H])N([H])C([H])([H])C([H])([H])C3([H])[H],OCNT-2535256,null,null,null,null,null,null,R,null,R
GIFMHUOKHSZMOX-UHFFFAOYSA-N,[H]N([H])C([H])(C([H])([H])N([H])C(=O)C=1N=C(OC1[H])C=2C([H])=C([H])C([H])=C([H])C2[H])C3([H])C([H])([H])C3([H])[H],OCNT-2535257,null,null,null,null,null,null,R,null,R
ZFLVIIBWHCNOOG-UHFFFAOYSA-N,[H]OC1=C([H])C([H])=C(C([H])=C1Cl)C(=O)N([H])C([H])([H])C2=C([H])C([H])=C(C([H])=C2[H])C([H])([H])N3C([H])=NC([H])=C3[H],OCNT-2535258,null,null,null,null,null,null,R,null,R
KQJADINSIVAITE-UHFFFAOYSA-N,[H]C=1N=C([H])N(C1[H])C([H])([H])C=2C([H])=C([H])C([H])=C([H])C2C([H])([H])N([H])C(=O)C([H])([H])N([H])C(=O)C=3C([H])=C(C([H])=C(C3[H])C([H])([H])[H])C([H])([H])[H],OCNT-2535259,null,null,null,null,null,null,R,null,R
LILSDJBHHJSHBG-UHFFFAOYSA-N,[H]OC(=O)C1=NC([H])=C(N=C1[H])C(=O)N([H])C2(C3=C([H])C([H])=C(OC([H])([H])[H])C([H])=C3[H])C([H])([H])C2([H])[H],OCNT-2535260,null,null,null,null,null,null,R,null,R
JUCBOBOPNBEJRI-UHFFFAOYSA-N,[H]C=1N=C(C(=C([H])C1C([H])([H])[H])C([H])([H])[H])C([H])([H])C([H])([H])N([H])C(=O)N([H])C2=NN(C([H])=C2C([H])([H])[H])C3([H])C([H])([H])C([H])([H])C([H])([H])C([H])([H])C3([H])[H],OCNT-2535261,null,null,null,null,null,null,R,null,R
NEHJFSRZGHWAPB-UHFFFAOYSA-N,[H]C=1N=C([H])N(C1[H])C([H])([H])C=2C([H])=C([H])C([H])=C(C2[H])C(=O)N(C([H])([H])[H])C([H])([H])C3=NC(=NO3)C([H])([H])[H],OCNT-2535263,null,null,null,null,null,null,R,null,R
VOAAHAILZAVKOW-UHFFFAOYSA-N,[H]C=1C([H])=C([H])C(C2=NN=C(O2)SC([H])(C(=O)N([H])C([H])([H])C(F)(F)F)C([H])([H])[H])=C(OC([H])([H])[H])C1[H],OCNT-2535264,null,null,null,null,null,null,R,null,R
RVWYLSURHLCBNJ-UHFFFAOYSA-N,[H]C=1C([H])=C(OC([H])([H])[H])C([H])=C(C1[H])C([H])(N([H])S(=O)(=O)C=2C([H])=C([H])C([H])=C3OC([H])([H])C([H])([H])OC32)C([H])([H])OC([H])([H])[H],OCNT-2535266,null,null,null,null,null,null,R,null,R
ZQAQXWNBLUULQE-UHFFFAOYSA-N,[H]C=1C([H])=C(OC([H])([H])[H])C([H])=C(C1[H])C([H])(N([H])S(=O)(=O)C2([H])C([H])([H])C2([H])[H])C([H])([H])OC([H])([H])[H],OCNT-2535268,null,null,null,null,null,null,R,null,R
HWCQLGJWSXXVAE-UHFFFAOYSA-N,[H]C=1SC(=C(C1[H])C([H])([H])[H])S(=O)(=O)N([H])C([H])(C=2C([H])=C([H])C([H])=C(OC([H])([H])[H])C2[H])C([H])([H])OC([H])([H])[H],OCNT-2535269,null,null,null,null,null,null,R,null,R
GXCCELUQAGUVAT-UHFFFAOYSA-N,[H]C=1C([H])=C(OC([H])([H])[H])C([H])=C(C1[H])C([H])(N([H])S(=O)(=O)C=2C([H])=C(F)C(=C([H])C2F)C([H])([H])[H])C([H])([H])OC([H])([H])[H],OCNT-2535270,null,null,null,null,null,null,R,null,R
FHCGQOSRARVORR-UHFFFAOYSA-N,[H]C=1C([H])=C(OC([H])([H])[H])C([H])=C(C1[H])C([H])(N([H])S(=O)(=O)C2=C([H])C([H])=C([H])C3=NON=C32)C([H])([H])OC([H])([H])[H],OCNT-2535271,null,null,null,null,null,null,R,null,R
YVWCRSMDWAIDNW-UHFFFAOYSA-N,[H]C=1C([H])=C(OC([H])([H])[H])C([H])=C(C1[H])C([H])(N([H])S(=O)(=O)C=2SC(=NC2[H])C([H])([H])[H])C([H])([H])OC([H])([H])[H],OCNT-2535272,null,null,null,null,null,null,R,null,R
NQQMWLIDTXOOPF-UHFFFAOYSA-N,[H]C=1C([H])=C(OC([H])([H])[H])C([H])=C(C1[H])C([H])(N([H])S(=O)(=O)C=2C([H])=C(F)C([H])=C(Cl)C2[H])C([H])([H])OC([H])([H])[H],OCNT-2535273,null,null,null,null,null,null,R,null,R
RDGRHSIXXPNABJ-UHFFFAOYSA-N,[H]C=1C([H])=C(OC([H])([H])[H])C([H])=C(C1[H])C([H])(N([H])S(=O)(=O)C=2SC(=C(C2[H])C([H])([H])[H])C([H])([H])[H])C([H])([H])OC([H])([H])[H],OCNT-2535274,null,null,null,null,null,null,R,null,R
KLUGTQXZEWDNHZ-UHFFFAOYSA-N,[H]C=1C([H])=C(OC([H])([H])[H])C([H])=C(C1[H])C([H])(N([H])S(=O)(=O)C=2C([H])=C([H])C([H])=C(C2C#N)C([H])([H])[H])C([H])([H])OC([H])([H])[H],OCNT-2535275,null,null,null,null,null,null,R,null,R
PAIBPRPWPWWPFS-UHFFFAOYSA-N,[H]C=1C([H])=C(OC([H])([H])[H])C([H])=C(C1[H])C([H])(N([H])S(=O)(=O)C=2C([H])=C([H])C([H])=C(C2F)C([H])([H])[H])C([H])([H])OC([H])([H])[H],OCNT-2535276,null,null,null,null,null,null,R,null,R
HICWUXFYFMDECC-UHFFFAOYSA-N,[H]C=1OC=2C([H])=C([H])C(=C([H])C2C1[H])C([H])([H])N([H])C(=O)N([H])C([H])([H])C3=C([H])C([H])=C(C([H])=C3[H])C([H])([H])N4C([H])([H])C([H])([H])N(C([H])([H])[H])C([H])([H])C4([H])[H],OCNT-2535278,null,null,null,null,null,null,R,null,R
UYICLSJFOXKRDU-UHFFFAOYSA-N,[H]C=1OC=2C([H])=C([H])C(=C([H])C2C1[H])C([H])([H])N([H])C(=O)N([H])C([H])([H])C3=C([H])C([H])=C(C([H])=C3[H])C([H])([H])N4C([H])([H])C([H])([H])C([H])([H])C4([H])[H],OCNT-2535279,null,null,null,null,null,null,R,null,R
HXOXNEUCTFEUBE-UHFFFAOYSA-N,[H]C=1OC=2C([H])=C([H])C(=C([H])C2C1[H])C([H])([H])N([H])C(=O)N([H])C([H])([H])C=3C([H])=C([H])C([H])=C([H])C3N4C([H])([H])C([H])([H])OC([H])([H])C4([H])[H],OCNT-2535280,null,null,null,null,null,null,R,null,R
QOFNSDLTCSJDLA-UHFFFAOYSA-N,[H]C=1OC=2C([H])=C([H])C(=C([H])C2C1[H])C([H])([H])N([H])C(=O)N([H])C=3C(=C([H])C([H])=C([H])C3C([H])([H])[H])C(=O)N4C([H])([H])C([H])([H])C([H])([H])C4([H])[H],OCNT-2535281,null,null,null,null,null,null,R,null,R
RTEFRIHQIDLYBP-UHFFFAOYSA-N,[H]C=1C([H])=C([H])C(=C([H])C1[H])C2([H])C([H])([H])OC([H])(C([H])([H])N([H])C(=O)N([H])C3=NN(C([H])=C3C([H])([H])[H])C4([H])C([H])([H])C([H])([H])C([H])([H])C([H])([H])C4([H])[H])C2([H])[H],OCNT-2535283,null,null,null,null,null,null,R,null,R
CIBADFZITYLDNX-UHFFFAOYSA-N,[H]C1=NN(C(=C1C2([H])C([H])([H])C2([H])[H])C([H])([H])N([H])C(=O)N([H])C3=NN(C([H])=C3C([H])([H])[H])C4([H])C([H])([H])C([H])([H])C([H])([H])C([H])([H])C4([H])[H])C([H])([H])[H],OCNT-2535284,null,null,null,null,null,null,R,null,R
VTDPEPIQXIVVFL-UHFFFAOYSA-N,[H]C=1OC=2C([H])=C([H])C(=C([H])C2C1[H])C([H])([H])N([H])C(=O)N([H])C3=NN(C([H])=C3C([H])([H])[H])C4([H])C([H])([H])C([H])([H])C([H])([H])C([H])([H])C4([H])[H],OCNT-2535285,null,null,null,null,null,null,R,null,R
KHHXJNRZURBROH-UHFFFAOYSA-N,[H]C=1N=C(C(=O)N2C([H])([H])C([H])([H])C([H])(C([H])([H])C=3C([H])=C([H])C([H])=C(F)C3[H])C([H])([H])C2([H])[H])C(=NC1[H])C([H])([H])[H],OCNT-2535286,null,null,null,null,null,null,R,null,R
RFYOYBVDIDEKQI-UHFFFAOYSA-N,[H]C=1N=C(N([H])C1[H])C(=O)N2C([H])([H])C([H])([H])C([H])(C([H])([H])C=3C([H])=C([H])C([H])=C(F)C3[H])C([H])([H])C2([H])[H],OCNT-2535287,null,null,null,null,null,null,R,null,R
BZGJANJTFRAFBQ-UHFFFAOYSA-N,[H]OC(=O)C([H])([H])OC1=C([H])C([H])=C([H])C(=C1[H])C(=O)N([H])C([H])([H])C2([H])C3([H])C=4C([H])=C([H])C([H])=C([H])C4C([H])([H])C32[H],OCNT-2535289,null,null,null,null,null,null,R,null,R
RGMOYEDXVSBPSL-UHFFFAOYSA-N,[H]C1=NC2=NC(=C([H])C([H])=C2C([H])=C1[H])C(=O)N(C([H])([H])[H])C([H])(C([H])([H])[H])C3([H])OC=4C([H])=C([H])C([H])=C([H])C4C3([H])[H],OCNT-2535290,null,null,null,null,null,null,R,null,R
YSKDICVXILSCRT-UHFFFAOYSA-N,[H]C=1C([H])=C(N=C(C1[H])C(=O)N([H])C2([H])C([H])([H])C([H])([H])N([H])C(=O)C([H])([H])C2([H])[H])OC([H])([H])C([H])(F)F,OCNT-2535291,null,null,null,null,null,null,R,null,R
PKNMTVPPGWNIKB-UHFFFAOYSA-N,[H]C=1C([H])=C([H])C2=C(C1[H])N([H])C([H])=C2C([H])([H])C([H])([H])C(=O)N([H])C=3C([H])=C([H])C([H])=C(I)C3[H],OCNT-2535292,null,null,null,null,null,null,R,null,R
NPCMCAXRNNQWJE-UHFFFAOYSA-N,[H]C=1SC(=NC1C(=O)N([H])C([H])([H])C2([H])SC([H])([H])C([H])([H])S2)C=3C([H])=C([H])C=4OC([H])([H])OC4C3[H],OCNT-2535293,null,null,null,null,null,null,R,null,R
YRLRCSRZZHHKRW-UHFFFAOYSA-N,[H]C=1C([H])=C(N=C(C1[H])C(=O)N([H])C2([H])C([H])([H])C([H])([H])C([H])([H])C([H])([H])C32C([H])([H])C([H])([H])C([H])([H])C3([H])[H])OC([H])([H])C([H])(F)F,OCNT-2535294,null,null,null,null,null,null,R,null,R
GGQNCTRLLKCMLM-UHFFFAOYSA-N,[H]OC(=O)C1([H])C([H])([H])N(C(=O)C=2C([H])=C([H])C=3N([H])C([H])=C([H])C3C2[H])C([H])([H])C1([H])[H],OCNT-2535296,null,null,null,null,null,null,R,null,R
PIVAZIMYJGDVBC-UHFFFAOYSA-N,[H]C=1N=C([H])C(=C([H])C1[H])C([H])([H])N([H])C(=O)N([H])C([H])([H])C2([H])C([H])([H])C32C([H])([H])C([H])([H])N(C(=O)OC(C([H])([H])[H])(C([H])([H])[H])C([H])([H])[H])C([H])([H])C3([H])[H],OCNT-2535297,null,null,null,null,null,null,R,null,R
GGZHGKJEPIQYLJ-UHFFFAOYSA-N,[H]C=1C([H])=C([H])C(=C(C1[H])C([H])([H])N([H])C(=O)N([H])C2=NN(C(=C2[H])C([H])([H])[H])C([H])([H])[H])C([H])([H])C(F)(F)F,OCNT-2535298,null,null,null,null,null,null,R,null,R
CXBGWYKVVMYGQM-UHFFFAOYSA-N,[H]C1=NN(C(=C1C(F)(F)F)C([H])([H])N([H])C(=O)N([H])C2=NN(C([H])=C2C([H])([H])[H])C3([H])C([H])([H])C([H])([H])C([H])([H])C([H])([H])C3([H])[H])C([H])([H])[H],OCNT-2535299,null,null,null,null,null,null,R,null,R
KEXUTSNLWKGHAS-UHFFFAOYSA-N,[H]C=1C([H])=C([H])C(=C(C1[H])C([H])([H])N([H])C(=O)N([H])C2=C([H])N(N=C2C3([H])C([H])([H])C([H])([H])C([H])([H])C([H])([H])C3([H])[H])C([H])([H])[H])C([H])([H])C(F)(F)F,OCNT-2535300,null,null,null,null,null,null,R,null,R
LQAPARJGASQPRL-UHFFFAOYSA-N,[H]C=1N=C2C([H])=C([H])C(=C([H])N2C1[H])C(=O)N([H])C([H])([H])C3([H])C([H])([H])C43C([H])([H])C([H])([H])N(C(=O)OC(C([H])([H])[H])(C([H])([H])[H])C([H])([H])[H])C([H])([H])C4([H])[H],OCNT-2535303,null,null,null,null,null,null,R,null,R
LOSYCBROYSQTLJ-UHFFFAOYSA-N,[H]C=1C([H])=C([H])C(=C(OC2([H])C([H])([H])C2([H])[H])C1[H])C(=O)N3C([H])([H])C=4C([H])=C([H])C([H])=C(OC([H])([H])[H])C4C3([H])[H],OCNT-2535304,null,null,null,null,null,null,R,null,R
USRXUCVPWCMYSS-UHFFFAOYSA-N,[H]C=1C([H])=C([H])C=2SC(=NC2C1[H])C(=O)N([H])C([H])([H])C([H])([H])C([H])([H])N([H])C([H])([H])[H],OCNT-2535306,null,null,null,null,null,null,R,null,R
ZUTQJBNPILUONC-UHFFFAOYSA-N,[H]C=1C([H])=C(C([H])=C([H])C1F)N([H])C(=O)C([H])([H])N2C([H])([H])C([H])([H])N(C3=C([H])C([H])=C(C(=C3[H])C([H])([H])[H])C([H])([H])[H])C([H])([H])C2([H])[H],OCNT-2535309,null,null,null,null,null,null,R,null,R
VYPVGXHOCDPJFB-UHFFFAOYSA-N,[H]C=1N=C([H])N(C1[H])C2=C([H])C([H])=C(C([H])=C2[H])N([H])C(=O)C3=C([H])C([H])=C(F)C([H])=C3[H],OCNT-2535311,null,null,null,null,null,null,R,null,R
RRLBFZAIPSUIOF-UHFFFAOYSA-N,[H]C=1N=C([H])N(C1[H])C2=C([H])C([H])=C(C([H])=C2[H])N([H])C(=O)C=3C([H])=C([H])C([H])=C([H])C3F,OCNT-2535312,null,null,null,null,null,null,R,null,R
XQUKYBOAJQUQOE-UHFFFAOYSA-N,[H]C=1N=C([H])N(C1[H])C2=C([H])C([H])=C(C([H])=C2[H])N([H])C(=O)C=3C([H])=C([H])C([H])=C([H])C3[H],OCNT-2535313,null,null,null,null,null,null,R,null,R
OHQVQKICERBNIS-UHFFFAOYSA-N,[H]C=1N=C(C([H])=C([H])C1C(=O)N2C([H])([H])C([H])([H])C([H])([H])C2([H])[H])N([H])C3([H])C([H])([H])C3([H])[H],OCNT-2535315,null,null,null,null,null,null,R,null,R
LGUCUIDFWMIUJQ-UHFFFAOYSA-N,[H]C=1N=C([H])C([H])=C(C1[H])C([H])([H])OC([H])(C(=O)N(C([H])([H])[H])C([H])(C([H])([H])[H])C2([H])OC=3C([H])=C([H])C([H])=C([H])C3C2([H])[H])C([H])([H])[H],OCNT-2535316,null,null,null,null,null,null,R,null,R
SWZAJZUMZQOCSN-UHFFFAOYSA-N,[H]C=1C([H])=C([H])C2=C(C1[H])N([H])C(=O)N(C2=O)C([H])([H])C3=C([H])C([H])=C(N3C([H])([H])[H])C([H])([H])[H],OCNT-2535317,null,null,null,null,null,null,R,null,R
YWYFUCDSZYFUDJ-UHFFFAOYSA-N,[H]C=1N=C(C([H])=C([H])C1[H])C([H])([H])N2C(=O)N([H])C=3C([H])=C([H])C([H])=C([H])C3C2=O,OCNT-2535318,null,null,null,null,null,null,R,null,R
WUECBLFZRORSQU-UHFFFAOYSA-N,[H]C=1N=C([H])C([H])=C(C1[H])C([H])([H])N2C(=O)N([H])C=3C([H])=C([H])C([H])=C([H])C3C2=O,OCNT-2535319,null,null,null,null,null,null,R,null,R
CMVNRHQLCUEETQ-UHFFFAOYSA-N,[H]C=1N=C([H])C(=NC1[H])N([H])C([H])([H])C([H])([H])C([H])([H])N(C2=NC([H])=C([H])C([H])=C2[H])C([H])([H])[H],OCNT-2535321,null,null,null,null,null,null,R,null,R
SMHVCHUZLVAZBN-UHFFFAOYSA-N,[H]C=1C([H])=C(C([H])=C(C1OC([H])([H])[H])C([H])([H])OC([H])([H])[H])N([H])S(=O)(=O)C([H])([H])C([H])(OC([H])([H])[H])C([H])([H])[H],OCNT-2535322,null,null,null,null,null,null,R,null,R
IHEQFDNRVDIHJW-UHFFFAOYSA-N,[H]OC1=C([H])C([H])=C(C([H])=C1[H])C([H])([H])N([H])C(=O)C2=C([H])C(=C([H])N2[H])C=3N=C(SC3[H])C([H])([H])[H],OCNT-2535328,null,null,null,null,null,null,R,null,R
NQBXPLXZRFRUJN-UHFFFAOYSA-N,[H]C=1N=C([H])N(C1[H])C2=C([H])C([H])=C(C([H])=C2[H])N([H])C(=O)C(C([H])([H])[H])(C([H])([H])[H])C([H])([H])[H],OCNT-2535329,null,null,null,null,null,null,R,null,R
AKXGDNNWELLKMK-UHFFFAOYSA-N,[H]C=1N=C([H])N(C1[H])C2=C([H])C([H])=C(C([H])=C2[H])N([H])C(=O)C=3C([H])=C([H])C([H])=C([H])C3N([H])C=4C([H])=C([H])C([H])=C([H])C4[H],OCNT-2535330,null,null,null,null,null,null,R,null,R
GEAVQABWXNCJED-UHFFFAOYSA-N,[H]C=1N=C([H])N(C1[H])C2=C([H])C([H])=C(C([H])=C2[H])N([H])C(=O)C([H])([H])C([H])([H])[H],OCNT-2535331,null,null,null,null,null,null,R,null,R
ICMMMWUIZMXUGY-UHFFFAOYSA-N,[H]C=1C([H])=C([H])C(=C([H])C1[H])C(=O)N([H])C([H])([H])C([H])([H])N([H])C(=O)C2=C([H])C([H])=C(C(=C2[H])N([H])S(=O)(=O)C=3C(=C([H])C(=C([H])C3C([H])([H])[H])C([H])([H])[H])C([H])([H])[H])C([H])([H])[H],OCNT-2535333,null,null,null,null,null,null,R,null,R
ZCNXIPJDCBLBRL-UHFFFAOYSA-N,[H]C=1N=C([H])N(C1[H])C2=NC([H])=C(C([H])=C2[H])C([H])([H])N([H])C(=O)N([H])C3=C([H])C([H])=C(Cl)C(Cl)=C3[H],OCNT-2535334,null,null,null,null,null,null,R,null,R
TZBJSUXIGJPKMR-UHFFFAOYSA-N,[H]C=1N=C([H])N(C1[H])C2=NC([H])=C(C([H])=C2[H])C([H])([H])N([H])C(=O)N([H])C3=C([H])C([H])=C(F)C([H])=C3[H],OCNT-2535335,null,null,null,null,null,null,R,null,R
XEKGCYVFUFFQSH-UHFFFAOYSA-N,[H]C=1N=C([H])N(C1[H])C2=NC([H])=C(C([H])=C2[H])C([H])([H])N([H])C(=O)N([H])C3=C([H])C([H])=C([H])C(=C3[H])C([H])([H])[H],OCNT-2535336,null,null,null,null,null,null,R,null,R
PXAVNFBONRBCOY-UHFFFAOYSA-N,[H]C=1N=C([H])N(C1[H])C2=NC([H])=C(C([H])=C2[H])C([H])([H])N([H])C(=O)N([H])C=3C([H])=C([H])C([H])=C([H])C3[H],OCNT-2535337,null,null,null,null,null,null,R,null,R
WIWKFYCRXKXNRW-UHFFFAOYSA-N,[H]C=1N=C([H])N(C1[H])C2=NC([H])=C(C([H])=C2[H])C([H])([H])N([H])C(=O)N([H])C=3C([H])=C([H])C([H])=C([H])C3F,OCNT-2535338,null,null,null,null,null,null,R,null,R
GVHDPEGPHMMDBI-UHFFFAOYSA-N,[H]C=1N=C([H])N(C1[H])C2=C([H])C([H])=C(C([H])=C2[H])C(=O)N([H])C=3C([H])=C([H])C([H])=C([H])C3[H],OCNT-2535339,null,null,null,null,null,null,R,null,R
DZBHMPCEIYOINT-UHFFFAOYSA-N,[H]C=1N=C([H])N(C1[H])C2=C([H])C([H])=C(C([H])=C2[H])C(=O)N([H])C3=C([H])C([H])=C(C([H])=C3[H])C([H])([H])[H],OCNT-2535340,null,null,null,null,null,null,R,null,R
BOGBICBVOWYGPR-UHFFFAOYSA-N,[H]C=1N=C([H])N(C1[H])C2=C([H])C([H])=C(C([H])=C2[H])C(=O)N([H])C3=C([H])C([H])=C(C([H])=C3[H])C([H])([H])C([H])([H])C([H])([H])C([H])([H])[H],OCNT-2535341,null,null,null,null,null,null,R,null,R
XRKFKALKQHZYQH-UHFFFAOYSA-N,[H]C=1C([H])=C(C([H])=C([H])C1F)N([H])C(=O)C([H])([H])N2C([H])([H])C([H])([H])N(C3=NC(=NC(=C3[H])C([H])([H])[H])C([H])([H])[H])C([H])([H])C2([H])[H],OCNT-2535342,null,null,null,null,null,null,R,null,R
LSYLHJZYAKFPPO-UHFFFAOYSA-N,[H]C1=NN(C2=C([H])C([H])=C(Br)C([H])=C2[H])C(=C1C(=O)N([H])C([H])([H])C3(N4C([H])([H])C([H])([H])OC([H])([H])C4([H])[H])C([H])([H])C([H])([H])C([H])([H])C([H])([H])C3([H])[H])C([H])([H])[H],OCNT-2535344,null,null,null,null,null,null,R,null,R
LWCQUISMXAPNQX-UHFFFAOYSA-N,[H]C=1N=C(C([H])=C([H])C1[H])N2C([H])([H])C([H])([H])N(C([H])([H])C2([H])[H])C([H])([H])C([H])(N([H])C(=O)C34C([H])([H])N(C([H])([H])C([H])([H])C3([H])[H])C([H])([H])C4([H])[H])C([H])([H])[H],OCNT-2535346,null,null,null,null,null,null,R,null,R
XZUGPFGCZDOSPK-UHFFFAOYSA-N,[H]C=1N=C(C([H])=C([H])C1[H])N2C([H])([H])C([H])([H])N(C([H])([H])C2([H])[H])C([H])([H])C([H])(N([H])C(=O)C=3SN=C([H])C3[H])C([H])([H])[H],OCNT-2535348,null,null,null,null,null,null,R,null,R
VBGRXTHNCJGTQN-UHFFFAOYSA-N,[H]C1=NC2=C(C([H])=C1[H])C(=NN2C([H])([H])C(=O)N([H])C([H])(C3=NC=4C([H])=C([H])C([H])=C([H])C4N3[H])C([H])(C([H])([H])[H])C([H])([H])C([H])([H])[H])C([H])([H])[H],OCNT-2535351,null,null,null,null,null,null,R,null,R
DGVSRTOBSYVSPD-UHFFFAOYSA-N,[H]C1=C(C(=NN1C2([H])C([H])([H])C([H])([H])C([H])([H])C([H])([H])C2([H])[H])N([H])C(=O)N([H])C([H])([H])C3(OC([H])([H])C([H])([H])C([H])([H])C3([H])[H])C([H])([H])[H])C([H])([H])[H],OCNT-2535352,null,null,null,null,null,null,N,null,R
IZFCXBYXWOMUMW-UHFFFAOYSA-N,[H]C=1C([H])=C(C([H])=C([H])C1OC([H])([H])[H])C2(N([H])C(=O)C3=C([H])N([H])C(=O)C([H])=C3OC([H])([H])[H])C([H])([H])C([H])([H])C([H])([H])C2([H])[H],OCNT-2535353,null,null,null,null,null,null,R,null,R
RDUREHFLQGXCTB-UHFFFAOYSA-N,[H]C=1C([H])=C([H])C(=C(F)C1[H])S(=O)(=O)N2C([H])([H])C([H])([H])N(C(=O)C([H])([H])OC=3C([H])=C([H])C([H])=C([H])C3Cl)C([H])([H])C2([H])[H],OCNT-2535354,null,null,null,null,null,null,R,null,R
ZMGVXRUDVLUFFM-UHFFFAOYSA-N,[H]C=1N=C(OC2([H])C([H])([H])N(C(=O)C3=NC(=NC([H])=C3[H])OC([H])([H])[H])C([H])([H])C2([H])[H])C([H])=C([H])C1[H],OCNT-2535355,null,null,null,null,null,null,R,null,R
QGBWHCLFLKQBOK-UHFFFAOYSA-N,[H]C=1N=C(C([H])=C(C1[H])N2N=C([H])C([H])=C2[H])C(=O)N([H])C([H])([H])C3([H])OC4(C([H])([H])C([H])([H])OC([H])([H])C4([H])[H])C([H])([H])C3([H])[H],OCNT-2535356,null,null,null,null,null,null,R,null,R
AAOKSSGRLHMOLS-UHFFFAOYSA-N,[H]C1=C([H])N(N=C1C(=O)N([H])C([H])([H])C2([H])OC3(C([H])([H])C([H])([H])OC([H])([H])C3([H])[H])C([H])([H])C2([H])[H])C([H])([H])C([H])([H])N(C([H])([H])[H])C([H])([H])[H],OCNT-2535357,null,null,null,null,null,null,N,null,R
MUDGODBVZQYSCM-UHFFFAOYSA-N,[H]C1=C([H])C(=NN=C1C(=O)N([H])C([H])([H])C2([H])OC3(C([H])([H])C([H])([H])OC([H])([H])C3([H])[H])C([H])([H])C2([H])[H])C([H])([H])[H],OCNT-2535358,null,null,null,null,null,null,R,null,R
KNGAVEYDKBUPDQ-UHFFFAOYSA-N,[H]C1=NN(C(=C1[H])N([H])C(=O)C=2OC(=NC2[H])C3([H])C([H])([H])C3([H])[H])C([H])([H])C=4SC(Cl)=C([H])C4[H],OCNT-2535360,null,null,null,null,null,null,R,null,R
ISNNNHHNZAMUES-UHFFFAOYSA-N,[H]C1=NN(C(=C1[H])N([H])C(=O)C=2ON=C(C2[H])C3([H])C([H])([H])C3([H])[H])C([H])([H])C=4SC(Cl)=C([H])C4[H],OCNT-2535361,null,null,null,null,null,null,R,null,R
PWYSJWCEHZYKSB-UHFFFAOYSA-N,[H]C1=NN(C(=C1[H])N([H])C(=O)C=2N=C(OC2[H])C3([H])C([H])([H])C3([H])[H])C([H])([H])C=4SC(Cl)=C([H])C4[H],OCNT-2535362,null,null,null,null,null,null,R,null,R
GWAUPHFDPBESNO-UHFFFAOYSA-N,[H]C1=NN(C(=C1[H])N([H])C(=O)C2([H])C([H])([H])C([H])([H])C([H])([H])C([H])([H])S2(=O)=O)C([H])([H])C=3SC(Cl)=C([H])C3[H],OCNT-2535363,null,null,null,null,null,null,R,null,R
OBDAAIBHXLZKIK-UHFFFAOYSA-N,[H]C1=NN(C(=C1[H])N([H])C(=O)C2=C([H])C([H])=NN2C([H])(C([H])([H])[H])C([H])([H])[H])C([H])([H])C=3SC(Cl)=C([H])C3[H],OCNT-2535364,null,null,null,null,null,null,R,null,R
UQHJAGZUFVYRJV-UHFFFAOYSA-N,[H]C1=NN(C(=C1[H])N([H])C(=O)C2([H])OC([H])([H])C([H])([H])OC2([H])[H])C([H])([H])C=3SC(Cl)=C([H])C3[H],OCNT-2535365,null,null,null,null,null,null,R,null,R
FRWCDSBODDPUGW-UHFFFAOYSA-N,[H]C1=NN(C(=C1[H])N([H])C(=O)C([H])([H])OC([H])([H])[H])C([H])([H])C=2SC(Cl)=C([H])C2[H],OCNT-2535366,null,null,null,null,null,null,R,null,R
ZUVQLYXIDIMUMH-UHFFFAOYSA-N,[H]C1=NN([H])C(=C1[H])C=2C([H])=C([H])C([H])=C(C2[H])N([H])C(=O)C=3SN=C(C3[H])C([H])([H])[H],OCNT-2535367,null,null,null,null,null,null,R,null,R
VPIKWUUHGOPUOP-UHFFFAOYSA-N,[H]C=1C([H])=C([H])C2=C(C1[H])N([H])C([H])=C2C([H])([H])C([H])([H])C(=O)N([H])C3=C([H])C([H])=C([H])C(=C3[H])C(=O)OC([H])([H])[H],OCNT-2535368,null,null,null,null,null,null,R,null,R
BWZOXLFXXDNFKE-UHFFFAOYSA-N,[H]N(C(=O)C1=NOC(=N1)C([H])([H])[H])C([H])([H])C2([H])OC3(C([H])([H])C([H])([H])OC([H])([H])C3([H])[H])C([H])([H])C2([H])[H],OCNT-2535370,null,null,null,null,null,null,N,null,N
PBXGXPAYWVQDQK-UHFFFAOYSA-N,[H]C=1N=C([H])N(C1[H])C2=NC([H])=C(C([H])=C2[H])C([H])([H])N([H])C(=O)N([H])C3=C([H])C([H])=C(C([H])=C3[H])[N+](=O)[O-],OCNT-2535371,null,null,null,null,null,null,R,null,R
KMTZXKMAAPFECJ-UHFFFAOYSA-N,[H]C=1N=C([H])N(C1[H])C2=NC([H])=C(C([H])=C2[H])C([H])([H])N([H])C(=O)N([H])C3=C([H])C([H])=C(F)C([H])=C3F,OCNT-2535372,null,null,null,null,null,null,R,null,R
SWEIXRZLXUCCAB-UHFFFAOYSA-N,[H]C=1N=C([H])N(C1[H])C2=NC([H])=C(C([H])=C2[H])C([H])([H])N([H])C(=O)N([H])C3=C([H])C([H])=C(C(Cl)=C3[H])C([H])([H])[H],OCNT-2535373,null,null,null,null,null,null,R,null,R
WGOVVAHNYKAPCJ-UHFFFAOYSA-N,[H]N([H])S(=O)(=O)C1=C([H])C([H])=C(C([H])=C1[H])N([H])C(=O)N([H])C([H])([H])C2=C([H])N=C(C([H])=C2[H])N3C([H])=NC([H])=C3[H],OCNT-2535374,null,null,null,null,null,null,R,null,R
SHKLCPADVSLIAN-UHFFFAOYSA-N,[H]C=1N=C([H])N(C1[H])C2=NC([H])=C(C([H])=C2[H])C([H])([H])N([H])C(=O)N([H])C3=C([H])C([H])=C(OC([H])([H])[H])C([H])=C3[H],OCNT-2535375,null,null,null,null,null,null,R,null,R
MYMOKMLRZRZKMY-UHFFFAOYSA-N,[H]C=1C([H])=C(F)C([H])=C(C1[H])C([H])(N([H])C(=O)C2=C([H])C([H])=C(C(=C2[H])N([H])S(=O)(=O)C([H])([H])[H])C([H])([H])[H])C([H])([H])[H],OCNT-2535377,null,null,null,null,null,null,R,null,R
WAQXIKGHBGSXPV-UHFFFAOYSA-N,[H]C=1N=C([H])C([H])=C(C1[H])C([H])([H])N([H])C(=O)C2=C([H])C([H])=C(C(=C2[H])C([H])([H])[H])C([H])([H])[H],OCNT-2535379,null,null,null,null,null,null,R,null,R
NLTKFZLQCNEBSK-UHFFFAOYSA-N,[H]C=1C(Cl)=C([H])C(=C([H])C1Cl)N([H])C(=O)C2=C([H])C(OC([H])([H])[H])=C(C(OC([H])([H])[H])=C2[H])C([H])([H])[H],OCNT-2535380,null,null,null,null,null,null,R,null,R
FBPFGWJEVYEFMD-UHFFFAOYSA-N,[H]C=1C([H])=C([H])C=2SC(=NC2C1[H])N([H])C(=O)C([H])=C([H])C3=C([H])C([H])=C4OC([H])([H])C([H])([H])OC4=C3[H],OCNT-2535381,null,null,null,null,null,null,R,null,R
NHMWJWODFPBDIM-UHFFFAOYSA-N,[H]C=1C([H])=C([H])C=2SC(=NC2C1[H])N([H])C(=O)C([H])([H])C3=C([H])C([H])=C4OC([H])([H])C([H])([H])OC4=C3[H],OCNT-2535382,null,null,null,null,null,null,R,null,R
ZNGPOOQENQJNDX-UHFFFAOYSA-N,[H]C=1C([H])=C([H])C=2SC(=NC2C1[H])N([H])C(=O)C=3OC([H])([H])C([H])([H])OC3[H],OCNT-2535383,null,null,null,null,null,null,R,null,R
XEPNYYFLRCYLKY-UHFFFAOYSA-N,[H]OC(=O)C1([H])C([H])([H])C([H])([H])N(C(=O)C=2C([H])=C([H])C=3N([H])C([H])=C([H])C3C2[H])C([H])([H])C([H])([H])C1([H])[H],OCNT-2535384,null,null,null,null,null,null,R,null,R
NOASYIXQJJHBQC-UHFFFAOYSA-N,[H]OC([H])([H])C([H])([H])C([H])([H])N([H])C1([H])C([H])([H])C([H])([H])N(C(=O)OC(C([H])([H])[H])(C([H])([H])[H])C([H])([H])[H])C([H])([H])C1([H])C([H])([H])C([H])(C([H])([H])[H])C([H])([H])[H],OCNT-2535385,null,null,null,null,null,null,N,null,R
DECFOBOPWZEUFC-UHFFFAOYSA-N,[H]OC([H])(C([H])([H])[H])C([H])([H])N([H])C1([H])C([H])([H])C([H])([H])N(C(=O)OC(C([H])([H])[H])(C([H])([H])[H])C([H])([H])[H])C([H])([H])C1([H])C([H])([H])C([H])(C([H])([H])[H])C([H])([H])[H],OCNT-2535386,null,null,null,null,null,null,N,null,R
CYDRFRYHBJCEJM-UHFFFAOYSA-N,[H]C=1N=C(N=C(C1Cl)N2C([H])([H])C([H])([H])N(C3=NN=C(N3C([H])([H])[H])C([H])([H])[H])C([H])([H])C2([H])[H])OC([H])([H])[H],OCNT-2535388,null,null,null,null,null,null,R,null,R
FBUSTSSATAJVDQ-UHFFFAOYSA-N,[H]C1=NN(C(=C1[H])N([H])C(=O)C=2OC([H])=C([H])C2C([H])(C([H])([H])[H])C([H])([H])[H])C([H])([H])C=3SC(Cl)=C([H])C3[H],OCNT-2535389,null,null,null,null,null,null,R,null,R
QOTOVYDLUWOYSI-UHFFFAOYSA-N,[H]C([H])([H])N1C([H])([H])C([H])([H])N(C([H])([H])C1([H])[H])C([H])([H])C2([H])C([H])([H])C32C([H])([H])C([H])([H])N(C(=O)OC(C([H])([H])[H])(C([H])([H])[H])C([H])([H])[H])C([H])([H])C3([H])[H],OCNT-2535391,null,null,null,null,null,null,R,null,R
HVYPDDQIDBTPSM-UHFFFAOYSA-N,[H]C=1C([H])=C(C([H])=C([H])C1F)N([H])C(=O)C([H])([H])N2C([H])([H])C([H])([H])N(C3=C([H])C([H])=C(F)C([H])=C3[H])C([H])([H])C2([H])[H],OCNT-2535393,null,null,null,null,null,null,R,null,R
AZQAKLANCJPMFX-UHFFFAOYSA-N,[H]C=1N=C(N=C([H])C1[H])N2C([H])([H])C([H])([H])N(C([H])([H])C(=O)N([H])C3=C([H])C([H])=C(F)C([H])=C3[H])C([H])([H])C2([H])[H],OCNT-2535394,null,null,null,null,null,null,R,null,R
QZZSCPKZZMSRQR-UHFFFAOYSA-N,[H]C=1C([H])=C([H])C2=C(N=C([H])N2C3=C([H])C([H])=C(C([H])=C3[H])C(=O)N([H])C([H])([H])C=4C([H])=C([H])C([H])=C(C4[H])C([H])([H])[H])C1[H],OCNT-2535397,null,null,null,null,null,null,R,null,R
YOEFEAFRFSNRDZ-UHFFFAOYSA-N,[H]C1=NN(C(=C1[H])N([H])C(=O)C([H])(N([H])C2([H])C([H])([H])C2([H])[H])C([H])([H])[H])C([H])([H])C=3SC(Cl)=C([H])C3[H],OCNT-2535398,null,null,null,null,null,null,R,null,R
FPJSXKSTUFDVEQ-UHFFFAOYSA-N,[H]C=1C([H])=C(SC1C(=O)N([H])C([H])([H])C2(N3C([H])([H])C([H])([H])C([H])([H])C([H])([H])C3([H])[H])C([H])([H])C([H])([H])C([H])([H])C([H])([H])C2([H])[H])C([H])([H])[H],OCNT-2535399,null,null,null,null,null,null,R,null,R
XTXGLOBWOMUGQB-UHFFFAOYSA-N,[H]OC(=O)C([H])(N([H])[H])C([H])([H])C=1C([H])=C([H])C([H])=C(OC([H])([H])[H])C1[H],OCNT-2535400,null,null,null,null,null,null,R,null,N
NXFZCMYDZHWBPN-UHFFFAOYSA-N,[H]C=1N=C([H])C([H])=C(C1[H])C([H])([H])N([H])C(=O)C2=C([H])C([H])=C(C(=C2[H])S(=O)(=O)N([H])C3=C([H])C([H])=C(F)C([H])=C3[H])C([H])([H])[H],OCNT-2535401,null,null,null,null,null,null,R,null,R
FQUFTVCPQSJFIO-UHFFFAOYSA-N,[H]C=1N=C([H])C([H])=C(C1[H])C([H])([H])N([H])C(=O)C2=C([H])C([H])=C(C([H])=C2[H])N([H])S(=O)(=O)C3=C([H])C(=C([H])C([H])=C3C([H])([H])[H])C([H])([H])[H],OCNT-2535402,null,null,null,null,null,null,R,null,R
QAHCCIYPFFPMQO-UHFFFAOYSA-N,[H]C=1N=C([H])C([H])=C(C1[H])C([H])([H])N([H])C(=O)C2=C([H])C([H])=C(C([H])=C2[H])N([H])S(=O)(=O)C3=C([H])C([H])=C(C(=C3[H])C([H])([H])[H])C([H])([H])[H],OCNT-2535403,null,null,null,null,null,null,R,null,R
MSQXXBBHBNILIU-UHFFFAOYSA-N,[H]C=1N=C([H])N(C1[H])C([H])([H])C([H])([H])C([H])([H])N([H])C(=O)C([H])([H])N([H])C(=O)C=2C([H])=C(C([H])=C(C2[H])C([H])([H])[H])C([H])([H])[H],OCNT-2535404,null,null,null,null,null,null,R,null,R
LBTWHFVYVCJPDY-UHFFFAOYSA-N,[H]C([H])=C([H])C([H])([H])C1(C(=O)N([H])C([H])([H])C(=O)N([H])C([H])([H])[H])C([H])([H])N(C(=O)OC(C([H])([H])[H])(C([H])([H])[H])C([H])([H])[H])C([H])([H])C1([H])[H],OCNT-2535405,null,null,null,null,null,null,N,null,R
RCGSHNCCAXCFBG-UHFFFAOYSA-N,[H]C([H])=C([H])C([H])([H])C1(C(=O)N([H])C([H])([H])C([H])([H])C([H])([H])C(=O)N([H])C([H])([H])[H])C([H])([H])C([H])([H])N(C(=O)OC(C([H])([H])[H])(C([H])([H])[H])C([H])([H])[H])C([H])([H])C1([H])[H],OCNT-2535406,null,null,null,null,null,null,N,null,R
JOZNYWDUWPEPOS-UHFFFAOYSA-N,[H]C=1C([H])=C(C([H])=C([H])C1C(=O)N([H])C([H])([H])C2(N3C([H])([H])C([H])([H])OC([H])([H])C3([H])[H])C([H])([H])C([H])([H])C([H])([H])C([H])([H])C2([H])[H])C([H])([H])[H],OCNT-2535407,null,null,null,null,null,null,R,null,R
GAIJWLNOPUVOQA-UHFFFAOYSA-N,[H]OC1([H])C([H])([H])C([H])(C([H])([H])C([H])([H])N([H])C(=O)C2(C([H])([H])C([H])=C([H])[H])C([H])([H])N(C(=O)OC(C([H])([H])[H])(C([H])([H])[H])C([H])([H])[H])C([H])([H])C([H])([H])C2([H])[H])C1([H])[H],OCNT-2535408,null,null,null,null,null,null,N,null,R
GLVYEJAJUNSCSG-UHFFFAOYSA-N,[H]C([H])=C([H])C([H])([H])C1(C(=O)N([H])C([H])(C(=O)N([H])C([H])([H])[H])C([H])([H])[H])C([H])([H])C([H])([H])N(C(=O)OC(C([H])([H])[H])(C([H])([H])[H])C([H])([H])[H])C([H])([H])C1([H])[H],OCNT-2535409,null,null,null,null,null,null,N,null,R
UDZQACMOTGHBFF-UHFFFAOYSA-N,[H]C([H])=C([H])C([H])([H])C1(C(=O)N([H])C([H])(C(=O)N([H])C([H])([H])[H])C([H])([H])[H])C([H])([H])N(C(=O)OC(C([H])([H])[H])(C([H])([H])[H])C([H])([H])[H])C([H])([H])C1([H])[H],OCNT-2535410,null,null,null,null,null,null,N,null,R
SBJUDQGWTGRCOS-UHFFFAOYSA-N,[H]C([H])=C([H])C([H])([H])C1(C(=O)N([H])C([H])(C([H])([H])[H])C([H])([H])C(=O)N([H])C([H])([H])[H])C([H])([H])C([H])([H])N(C(=O)OC(C([H])([H])[H])(C([H])([H])[H])C([H])([H])[H])C([H])([H])C1([H])[H],OCNT-2535411,null,null,null,null,null,null,N,null,R
BMLYWGFGQHCSOQ-UHFFFAOYSA-N,[H]C=1C([H])=C([H])C(=C([H])C1[H])N2N=C([H])C(=N2)C([H])([H])C([H])([H])N([H])C(=O)C3=NN([H])C(=C3[H])C4([H])C([H])([H])C4([H])[H],OCNT-2535412,null,null,null,null,null,null,R,null,R
MJFUJWPSXJNGFP-UHFFFAOYSA-N,[H]C=1C([H])=C([H])C(=C([H])C1[H])C([H])([H])C([H])([H])N([H])C(=O)C2=NN([H])C(=C2[H])C3([H])C([H])([H])C3([H])[H],OCNT-2535413,null,null,null,null,null,null,R,null,R
FSNBLUCEASGXEI-UHFFFAOYSA-N,[H]C=1SC(=C([H])C1[H])C([H])([H])C([H])([H])N([H])C(=O)C2=NN([H])C(=C2[H])C3([H])C([H])([H])C3([H])[H],OCNT-2535414,null,null,null,null,null,null,R,null,R
JPXISSCEGJBZHC-UHFFFAOYSA-N,[H]C=1C([H])=C([H])C(=C([H])C1[H])C2=NC(=C([H])S2)C([H])([H])N([H])C(=O)C3=NN([H])C(=C3[H])C4([H])C([H])([H])C4([H])[H],OCNT-2535415,null,null,null,null,null,null,R,null,R
FOCJWONFDVXFHW-UHFFFAOYSA-N,[H]C=1SC(=NC1C([H])([H])C([H])([H])N([H])C(=O)C2=NN([H])C(=C2[H])C3([H])C([H])([H])C3([H])[H])C([H])([H])[H],OCNT-2535416,null,null,null,null,null,null,N,null,R
HLKIFKKQUOTSJS-UHFFFAOYSA-N,[H]OC(=O)C(C([H])([H])[H])(C([H])([H])[H])C1([H])C([H])([H])C([H])([H])N(C(=O)C=2C([H])=C([H])C=3N([H])C([H])=C([H])C3C2[H])C([H])([H])C1([H])[H],OCNT-2535417,null,null,null,null,null,null,R,null,R
OSGOAQVFZXVPBZ-UHFFFAOYSA-N,[H]OC1=C([H])C([H])=C(C([H])=C1OC([H])([H])[H])C([H])([H])C([H])(N([H])[H])C(=O)OC([H])([H])[H],OCNT-2535418,null,null,null,null,null,null,R,null,N
IZQNIAQCABSJTP-UHFFFAOYSA-N,[H]C=1C([H])=C([H])C2=C(OC(C([H])([H])[H])(C([H])([H])[H])C([H])([H])C2([H])N([H])S(=O)(=O)C3=C([H])C(Cl)=C([H])C([H])=C3Cl)C1[H],OCNT-2535419,null,null,null,null,null,null,R,null,R
QZRDFJCRLZNCPN-UHFFFAOYSA-N,[H]N([H])C1([H])C([H])([H])C21C([H])([H])C([H])([H])N(C(=O)OC(C([H])([H])[H])(C([H])([H])[H])C([H])([H])[H])C([H])([H])C2([H])[H],OCNT-2535420,null,null,null,null,null,null,N,null,R
OJTZNYZIWIHPPC-UHFFFAOYSA-N,[H]C=1SC(=C(C1[H])C2([H])C([H])([H])C2([H])[H])S(=O)(=O)N([H])C3=C([H])C([H])=C([H])C4=C3C([H])([H])C([H])([H])N([H])C4([H])[H],OCNT-2535421,null,null,null,null,null,null,R,null,R
SQVLKMQEOIPRGY-UHFFFAOYSA-N,[H]C=1SC(=C(C1[H])C2([H])C([H])([H])C2([H])[H])S(=O)(=O)N([H])C=3C([H])=C([H])C([H])=C4N([H])C([H])([H])C([H])([H])C43,OCNT-2535422,null,null,null,null,null,null,R,null,R
UXHBXSYNKYONDN-UHFFFAOYSA-N,[H]C=1SC(=C(C1[H])C2([H])C([H])([H])C2([H])[H])S(=O)(=O)N([H])C3=C([H])C([H])=C([H])C4=C3C([H])([H])N([H])C([H])([H])C4([H])[H],OCNT-2535423,null,null,null,null,null,null,R,null,R
ZQYLZRZOVQVWSK-UHFFFAOYSA-N,[H]OC(=O)C([H])(N([H])[H])C([H])([H])C=1C([H])=C(N([H])[H])C([H])=C(N([H])[H])C1[H],OCNT-2535424,null,null,null,null,null,null,N,null,N
VBQOGIMKZOHJPM-UHFFFAOYSA-N,[H]C=1SC(=C(C1[H])C2([H])C([H])([H])C2([H])[H])S(=O)(=O)N([H])C=3C([H])=C([H])C([H])=C([H])C3S(=O)(=O)C([H])([H])[H],OCNT-2535425,null,null,null,null,null,null,R,null,R
RBETYTIKZNPUDP-UHFFFAOYSA-N,[H]C=1SC(=C(C1[H])C2([H])C([H])([H])C2([H])[H])S(=O)(=O)N([H])C=3C([H])=C([H])C([H])=C([H])C3C([H])([H])[H],OCNT-2535428,null,null,null,null,null,null,R,null,R
BRQBDAGKMWDXBZ-UHFFFAOYSA-N,[H]C=1SC(=C(C1[H])C2([H])C([H])([H])C2([H])[H])S(=O)(=O)N([H])C3=C([H])C([H])=C([H])C(=C3C([H])([H])[H])S(=O)(=O)C([H])([H])[H],OCNT-2535430,null,null,null,null,null,null,R,null,R
UKUBHSNWKWEGCS-UHFFFAOYSA-N,[H]C=1SC(=C(C1[H])C2([H])C([H])([H])C2([H])[H])S(=O)(=O)N([H])C3=C([H])C([H])=C([H])C=4C(=O)C([H])([H])C([H])([H])C34,OCNT-2535431,null,null,null,null,null,null,R,null,R
AJUISAAZXAINSV-UHFFFAOYSA-N,[H]C1=NC([H])=C2C([H])=C([H])C(=C([H])C2=C1[H])C=3N=NN(C3[H])C([H])([H])C4(C([H])([H])[H])C([H])([H])C([H])([H])C4([H])[H],OCNT-2535432,null,null,null,null,null,null,R,null,R
RRLQTFFYDYQAEB-UHFFFAOYSA-N,[H]C1=NC([H])=C2C([H])=C([H])C(=C([H])C2=C1[H])C=3N=NN(C3[H])C([H])([H])C4(C([H])([H])[H])C([H])([H])C4(Cl)Cl,OCNT-2535433,null,null,null,null,null,null,R,null,R
CGBRWURLLFCELN-UHFFFAOYSA-N,[H]C=1C([H])=C([H])C2=C(C1[H])N([H])C([H])=C2C([H])([H])C([H])([H])C(=O)N([H])C=3C([H])=C([H])C([H])=C(C3[H])N([H])C(=O)C4=C([H])C([H])=C5OC([H])([H])OC5=C4[H],OCNT-2535435,null,null,null,null,null,null,R,null,R
SIRLKSMSEUTMAK-UHFFFAOYSA-N,[H]C=1N=C([H])C([H])=C(C1[H])C([H])([H])N2C([H])=C([H])C([H])=C2C(=O)N([H])C3=NC([H])=C(S3)C4([H])C([H])([H])C4([H])[H],OCNT-2535436,null,null,null,null,null,null,R,null,R
TTZISFZGDKKLFB-UHFFFAOYSA-N,[H]C=1C([H])=C([H])C(=C([H])C1[H])C([H])([H])C([H])([H])C([H])(N([H])C(=O)C([H])([H])C=2C([H])=C([H])C=3N([H])N=C([H])C3C2[H])C([H])([H])C([H])([H])C=4C([H])=C([H])C([H])=C([H])C4[H],OCNT-2535438,null,null,null,null,null,null,R,null,R
UFRHULSFWAOUGE-UHFFFAOYSA-N,[H]C=1C([H])=C([H])C2=C(N=C([H])N2C3=C([H])C([H])=C(C([H])=C3[H])C(=O)N([H])C4=C([H])C([H])=C([H])C(=C4[H])C([H])([H])OC([H])([H])[H])C1[H],OCNT-2535439,null,null,null,null,null,null,R,null,R
PDHQXDUBQZIXKW-UHFFFAOYSA-N,[H]C=1C([H])=C([H])C2=C(C1[H])N([H])C(=O)N(C2=O)C([H])([H])C=3C([H])=C([H])C([H])=C([H])C3C([H])([H])OC([H])(C([H])([H])[H])C([H])([H])[H],OCNT-2535441,null,null,null,null,null,null,R,null,R
OMXUVUJESQSBFF-UHFFFAOYSA-N,[H]C([H])=C([H])C([H])([H])C1(C(=O)OC([H])([H])C(=O)N([H])C([H])([H])C([H])(F)F)C([H])([H])C([H])([H])N(C(=O)OC(C([H])([H])[H])(C([H])([H])[H])C([H])([H])[H])C([H])([H])C1([H])[H],OCNT-2535442,null,null,null,null,null,null,N,null,R
TVLXRHKHOIQLFG-UHFFFAOYSA-N,[H]C([H])=C([H])C([H])([H])C1(C(=O)OC([H])([H])C([H])([H])N([H])C(=O)C2([H])C([H])([H])C2([H])[H])C([H])([H])C([H])([H])N(C(=O)OC(C([H])([H])[H])(C([H])([H])[H])C([H])([H])[H])C([H])([H])C1([H])[H],OCNT-2535443,null,null,null,null,null,null,N,null,R
MXIXREIOWMHIHB-UHFFFAOYSA-N,[H]C=1N=C([H])N(C1[H])C([H])([H])C=2C([H])=C([H])C([H])=C(C2[H])C([H])([H])N([H])C(=O)C([H])([H])N([H])C(=O)C=3C([H])=C(C([H])=C(C3[H])C([H])([H])[H])C([H])([H])[H],OCNT-2535444,null,null,null,null,null,null,R,null,R
KZGQIBIENJMMJO-UHFFFAOYSA-N,[H]C=1N=C([H])N(C1[H])C([H])([H])C=2C([H])=C([H])C([H])=C(C2[H])C([H])([H])N([H])C(=O)C=3C([H])=C(C([H])=C(C3[H])C([H])([H])[H])C([H])([H])[H],OCNT-2535445,null,null,null,null,null,null,R,null,R
QNKZOHALSIKOGG-UHFFFAOYSA-N,[H]C=1C([H])=C([H])C(=C([H])C1[H])C=2C([H])=C([H])C(=C([H])C2[H])C(=O)N([H])C([H])([H])C(=O)N([H])C([H])([H])C3([H])OC4(C([H])([H])OC([H])([H])C4([H])[H])C([H])([H])C3([H])[H],OCNT-2535446,null,null,null,null,null,null,R,null,R
VKSYTAAUDUIAJS-UHFFFAOYSA-N,[H]C=1N=C([H])N(C1[H])C([H])([H])C2=C([H])C([H])=C(C([H])=C2[H])C([H])([H])N(C(=O)C([H])([H])N([H])C(=O)C=3C([H])=C(C([H])=C(C3[H])C([H])([H])[H])C([H])([H])[H])C([H])([H])[H],OCNT-2535447,null,null,null,null,null,null,R,null,R
IZRLYXSDUURUQV-UHFFFAOYSA-N,[H]C([H])=C([H])C([H])([H])C1(C(=O)N([H])C([H])([H])C2(F)C([H])([H])C([H])([H])N(C(=O)OC(C([H])([H])[H])(C([H])([H])[H])C([H])([H])[H])C([H])([H])C2([H])[H])C([H])([H])C1([H])[H],OCNT-2535450,null,null,null,null,null,null,N,null,R
PAEOFPRSRSRSST-UHFFFAOYSA-N,[H]OC1(C([H])([H])C([H])([H])N([H])C(=O)C2(C([H])([H])C([H])=C([H])[H])C([H])([H])C([H])([H])C([H])([H])C2([H])[H])C([H])([H])C([H])([H])N(C(=O)OC(C([H])([H])[H])(C([H])([H])[H])C([H])([H])[H])C([H])([H])C1([H])[H],OCNT-2535451,null,null,null,null,null,null,N,null,R
OILYBUCYORVSNU-UHFFFAOYSA-N,[H]C=1N=C([H])N(C1[H])C([H])([H])C=2C([H])=C([H])C([H])=C(C2[H])N([H])C(=O)C([H])([H])N([H])C(=O)C=3C([H])=C(C([H])=C(C3[H])C([H])([H])[H])C([H])([H])[H],OCNT-2535452,null,null,null,null,null,null,R,null,R
OGDCZXVSGBQEND-UHFFFAOYSA-N,[H]C=1SC([H])=C(C1[H])C([H])([H])C([H])([H])N([H])C(=O)C2=NN([H])C(=C2[H])C3([H])C([H])([H])C3([H])[H],OCNT-2535454,null,null,null,null,null,null,R,null,R
AHGPUGNOBPVLGN-UHFFFAOYSA-N,[H]C([H])=C([H])C([H])([H])OC([H])([H])C1(C(=O)N([H])C2([H])C([H])([H])N(C(=O)C3(C([H])([H])C([H])=C([H])[H])C([H])([H])C([H])([H])C([H])([H])C([H])([H])C3([H])[H])C([H])([H])C2([H])C4([H])C([H])([H])C4([H])[H])C([H])([H])N(C(=O)OC(C([H])([H])[H])(C([H])([H])[H])C([H])([H])[H])C([H])([H])C1([H])[H],OCNT-2535460,null,null,null,null,null,null,N,null,R
QUVJUZYXSQGWFB-UHFFFAOYSA-N,[H]OC1([H])C([H])([H])C([H])(C([H])([H])N2C([H])=NC([H])=C2[H])C([H])([H])C1([H])N([H])C3=NC([H])=NN4C([H])=C([H])C([H])=C34,OCNT-2535461,null,null,null,null,null,null,R,null,R
XFNRDHKLLKOGLQ-UHFFFAOYSA-N,[H]OC1([H])C([H])([H])C([H])(C([H])([H])N2C([H])=NC([H])=C2[H])C([H])([H])C1([H])N([H])C=3N=C([H])N=C4C([H])=C([H])C([H])=NC43,OCNT-2535462,null,null,null,null,null,null,R,null,R
QKMHAXQDDXGVIL-UHFFFAOYSA-N,[H]OC1([H])C([H])([H])C([H])(C([H])([H])N2C([H])=NC([H])=C2[H])C([H])([H])C1([H])N([H])C3=NC([H])=C([H])C4=NC([H])=C([H])C([H])=C43,OCNT-2535463,null,null,null,null,null,null,R,null,R
OGVWWRHHLXLTMA-UHFFFAOYSA-N,[H]OC1([H])C([H])([H])C([H])(C([H])([H])N2C([H])=NC([H])=C2[H])C([H])([H])C1([H])N([H])C=3N=C4N=C([H])C([H])=C([H])C4=C([H])C3C#N,OCNT-2535464,null,null,null,null,null,null,R,null,R
RQPHUVUBLSWRJU-UHFFFAOYSA-N,[H]OC1([H])C([H])([H])C([H])(C([H])([H])N2C([H])=NC([H])=C2[H])C([H])([H])C1([H])N([H])C3=NC=4C([H])=C([H])C([H])=C([H])C4N(C3=O)C([H])([H])C([H])([H])[H],OCNT-2535465,null,null,null,null,null,null,R,null,R
RVDIXDKVKBHDOZ-UHFFFAOYSA-N,[H]OC1([H])C([H])([H])C([H])(C([H])([H])N2C([H])=NC([H])=C2[H])C([H])([H])C1([H])N([H])C=3C(C#N)=C([H])N=C4C(Cl)=C([H])C([H])=C([H])C43,OCNT-2535466,null,null,null,null,null,null,R,null,R
GGYFXVVOEHYTQZ-UHFFFAOYSA-N,[H]OC1([H])C([H])([H])C([H])(C([H])([H])N2C([H])=NC([H])=C2[H])C([H])([H])C1([H])N([H])C3=NC(=NC(C#N)=C3[H])C([H])([H])[H],OCNT-2535467,null,null,null,null,null,null,N,null,R
JOBOJJDANUYXJK-UHFFFAOYSA-N,[H]OC1([H])C([H])([H])C([H])(C([H])([H])N2C([H])=NC([H])=C2[H])C([H])([H])C1([H])N([H])C=3C([H])=C(C#N)N=C4C([H])=C([H])C([H])=C([H])C43,OCNT-2535468,null,null,null,null,null,null,R,null,R
LWFCHJCJKHVUIA-UHFFFAOYSA-N,[H]OC1([H])C([H])([H])C([H])(C([H])([H])N2C([H])=NC([H])=C2[H])C([H])([H])C1([H])N([H])C3=C(C#N)N=NC4=C([H])C([H])=C([H])C([H])=C43,OCNT-2535469,null,null,null,null,null,null,R,null,R
UKCAZHRMWOHLFQ-UHFFFAOYSA-N,[H]OC1([H])C([H])([H])C([H])(C([H])([H])N2C([H])=NC([H])=C2[H])C([H])([H])C1([H])N([H])C3=NC(=NO3)C=4C([H])=C([H])C([H])=C([H])C4[H],OCNT-2535471,null,null,null,null,null,null,R,null,R
SPYDUYOFQJNSFT-UHFFFAOYSA-N,[H]C=1C([H])=C(Cl)C(Cl)=C(OC2([H])C([H])([H])N(C2([H])[H])S(=O)(=O)C=3C([H])=C([H])C([H])=C(F)C3[H])C1[H],OCNT-2535473,null,null,null,null,null,null,R,null,R
FSWGWWWYPIFJIM-UHFFFAOYSA-N,[H]C1=NN([H])C(=C1[H])C=2C([H])=C([H])C([H])=C(C2[H])N([H])C(=O)C=3SC(=NC3C([H])([H])[H])C([H])([H])[H],OCNT-2535474,null,null,null,null,null,null,R,null,R
PMBKCNGYNQSXRW-UHFFFAOYSA-N,[H]C1=NN([H])C(=C1[H])C=2C([H])=C([H])C([H])=C(C2[H])N([H])C(=O)C=3SC(=C([H])C3[H])C([H])([H])[H],OCNT-2535475,null,null,null,null,null,null,R,null,R
SWZPUBDKJLZFAB-UHFFFAOYSA-N,[H]C1=NC([H])=C(S1)C(=O)N([H])C2=C([H])C([H])=C([H])C(=C2[H])C3=C([H])C([H])=NN3[H],OCNT-2535477,null,null,null,null,null,null,R,null,R
CETCOIXUUZTGDH-UHFFFAOYSA-N,[H]C=1N=C([H])N(C1[H])C([H])([H])C2=C([H])C([H])=C(C([H])=C2[H])C(=O)N([H])C=3C([H])=C(C([H])=C(C3[H])C([H])([H])[H])C([H])([H])[H],OCNT-2535479,null,null,null,null,null,null,R,null,R
UUNXUCVNDXSLNL-UHFFFAOYSA-N,[H]C([H])=C([H])C([H])([H])C1(C(=O)N([H])C2([H])C([H])([H])C([H])([H])C([H])([H])C2([H])C(=O)N([H])C([H])([H])[H])N(C(=O)OC(C([H])([H])[H])(C([H])([H])[H])C([H])([H])[H])C([H])([H])C([H])([H])C1([H])[H],OCNT-2535482,null,null,null,null,null,null,N,null,R
VFRVNEHAMSLQNP-UHFFFAOYSA-N,[H]C=1N=C([H])C(=C(C1[H])C([H])([H])[H])C([H])([H])N([H])C(=O)C2=C([H])C([H])=C(C(=C2[H])N([H])S(=O)(=O)C=3C(=C([H])C(=C([H])C3C([H])([H])[H])C([H])([H])[H])C([H])([H])[H])C([H])([H])[H],OCNT-2535486,null,null,null,null,null,null,R,null,R
VTLFDKXGCFMBGH-UHFFFAOYSA-N,[H]C=1SC(=NC1C(=O)N([H])C([H])([H])C2([H])C([H])([H])C([H])([H])C([H])([H])C2([H])C([H])([H])[H])C=3C([H])=C([H])C=4OC([H])([H])OC4C3[H],OCNT-2535489,null,null,null,null,null,null,R,null,R
NKNZGJBWIMQANB-UHFFFAOYSA-N,[H]C1=NN([H])C(=C1[H])C=2C([H])=C([H])C([H])=C(C2[H])N([H])C(=O)C=3SC(=NC3C([H])([H])[H])C([H])(C([H])([H])[H])C([H])([H])[H],OCNT-2535491,null,null,null,null,null,null,R,null,R
CUNJKOVWRYTGIN-UHFFFAOYSA-N,[H]C=1N=C([H])C(=C([H])C1[H])C([H])(N([H])C(=O)N([H])C2=C([H])C(=C([H])C([H])=C2C([H])([H])[H])C(=O)OC([H])([H])[H])C([H])([H])[H],OCNT-2535492,null,null,null,null,null,null,R,null,R
IRSOKLHQDCQHTL-UHFFFAOYSA-N,[H]C=1C([H])=C(Cl)C=2N([H])C([H])=C(C2C1[H])C([H])([H])C([H])([H])N([H])C(=O)C3=NC([H])=C(C([H])=C3[H])C(F)(F)F,OCNT-2535493,null,null,null,null,null,null,R,null,R
VOMKYYPGNGBDGC-UHFFFAOYSA-N,[H]OC1=C([H])C([H])=C(Cl)C([H])=C1C(=O)N([H])C([H])([H])C([H])([H])C2=C([H])N([H])C=3C(Cl)=C([H])C([H])=C([H])C23,OCNT-2535494,null,null,null,null,null,null,R,null,R
WYWVZVAYHAEISY-UHFFFAOYSA-N,[H]C=1N=C(OC([H])([H])C([H])([H])[H])C([H])=C(C1[H])C(=O)N([H])C([H])([H])C([H])([H])C2=C([H])N([H])C=3C(Cl)=C([H])C([H])=C([H])C23,OCNT-2535495,null,null,null,null,null,null,R,null,R
WJCCOFSTBUGCPR-UHFFFAOYSA-N,[H]C=1N=C(SC1[H])C(F)(F)C(=O)N([H])C([H])([H])C([H])([H])C2=C([H])N([H])C=3C(Cl)=C([H])C([H])=C([H])C23,OCNT-2535496,null,null,null,null,null,null,R,null,R
MVWWCAXQDZBEKQ-UHFFFAOYSA-N,[H]C=1N=C(C([H])=C(C1[H])C(=O)N([H])C([H])([H])C([H])([H])C2=C([H])N([H])C=3C(Cl)=C([H])C([H])=C([H])C23)C(F)(F)F,OCNT-2535497,null,null,null,null,null,null,R,null,R
OONHUIJZWVUGQD-UHFFFAOYSA-N,[H]C=1C([H])=C(Cl)C=2N([H])C([H])=C(C2C1[H])C([H])([H])C([H])([H])N([H])C(=O)C=3SC(=NC3[H])N([H])C([H])([H])C([H])([H])[H],OCNT-2535498,null,null,null,null,null,null,R,null,R
YTCWQXKCZPKNIM-UHFFFAOYSA-N,[H]C=1N=C(C([H])=C([H])C1N([H])C(=O)C([H])([H])C([H])([H])C2=C([H])N([H])C=3C([H])=C(C([H])=C([H])C32)C([H])([H])[H])N([H])C([H])([H])C([H])([H])[H],OCNT-2535499,null,null,null,null,null,null,R,null,R
HEAHZRJGYCCVPL-UHFFFAOYSA-N,[H]C=1C([H])=C([H])C(=C([H])C1[H])C([H])([H])OC([H])([H])C=2C([H])=C([H])C([H])=C([H])C2C([H])([H])N3C(=O)N([H])C=4C([H])=C([H])C([H])=C([H])C4C3=O,OCNT-2535501,null,null,null,null,null,null,R,null,R
VRGQUHMHMWMMIO-UHFFFAOYSA-N,[H]C=1SC(=C(C1[H])C2([H])C([H])([H])C2([H])[H])S(=O)(=O)N([H])C=3C([H])=C([H])C([H])=C([H])C3C4([H])C([H])([H])C([H])([H])N([H])C([H])([H])C4([H])[H],OCNT-2535502,null,null,null,null,null,null,R,null,R
WXJDGUQDVIHQBV-UHFFFAOYSA-N,[H]C=1C([H])=C(C(Cl)=C([H])C1C#N)N2N=C(C([H])=C2[H])N([H])C(=O)N([H])C3([H])C(C([H])([H])[H])(C([H])([H])[H])C3(C([H])([H])[H])C([H])([H])[H],OCNT-2535505,null,null,null,null,null,null,R,null,R
ASPOCJXGJJQSQE-UHFFFAOYSA-N,[H]C1=NN([H])C([H])=C1C=2C([H])=C([H])C(=C([H])C2[H])C(=O)N([H])C([H])(C([H])([H])[H])C(C(=O)OC([H])([H])[H])(C([H])([H])[H])C([H])([H])[H],OCNT-2535507,null,null,null,null,null,null,R,null,R
CJOSMYTWIBGINT-UHFFFAOYSA-N,[H]C=1C([H])=C(C([H])=C([H])C1Br)C(=O)N([H])C([H])([H])C([H])([H])S(=O)(=O)N([H])C2=C([H])C([H])=C(C(F)=C2[H])C([H])([H])[H],OCNT-2535509,null,null,null,null,null,null,R,null,R
GZLYFBQUIOGBDE-UHFFFAOYSA-N,[H]C=1C([H])=C([H])C(=C(Cl)C1[H])C(=O)N([H])C([H])([H])C([H])([H])S(=O)(=O)N([H])C2=C([H])C([H])=C(C(F)=C2[H])C([H])([H])[H],OCNT-2535510,null,null,null,null,null,null,R,null,R
NFGGLBRCMMWYJY-UHFFFAOYSA-N,[H]C=1C([H])=C([H])C(=C([H])C1[H])C(=O)N([H])C([H])([H])C([H])([H])S(=O)(=O)N([H])C2=C([H])C([H])=C(C(F)=C2[H])C([H])([H])[H],OCNT-2535511,null,null,null,null,null,null,R,null,R
XPKQPEGJZMZRBA-UHFFFAOYSA-N,[H]C=1C([H])=C(C([H])=C([H])C1F)C(=O)N([H])C([H])([H])C([H])([H])S(=O)(=O)N([H])C2=C([H])C([H])=C(C(F)=C2[H])C([H])([H])[H],OCNT-2535513,null,null,null,null,null,null,R,null,R
NRSSWXDHHIECHM-UHFFFAOYSA-N,[H]C=1C([H])=C(C(F)=C([H])C1N([H])S(=O)(=O)C([H])([H])C([H])([H])N([H])C(=O)C2=C([H])C([H])=C(C([H])=C2[H])C([H])([H])[H])C([H])([H])[H],OCNT-2535514,null,null,null,null,null,null,R,null,R
KUDWKUFURSFSJL-UHFFFAOYSA-N,[H]C=1C([H])=C(F)C([H])=C(C1[H])C(=O)N([H])C([H])([H])C([H])([H])S(=O)(=O)N([H])C2=C([H])C([H])=C(C(F)=C2[H])C([H])([H])[H],OCNT-2535516,null,null,null,null,null,null,R,null,R
OXRVVZFSAUNGDY-UHFFFAOYSA-N,[H]C=1C([H])=C([H])C(=C(C1[H])C(=O)N([H])C([H])([H])C([H])([H])S(=O)(=O)N([H])C2=C([H])C([H])=C(C(F)=C2[H])C([H])([H])[H])C([H])([H])[H],OCNT-2535517,null,null,null,null,null,null,R,null,R
LGAAMUFWYIESPQ-UHFFFAOYSA-N,[H]C=1C([H])=C(C([H])=C(C1[H])C([H])([H])[H])C(=O)N([H])C([H])([H])C([H])([H])S(=O)(=O)N([H])C2=C([H])C([H])=C(C(F)=C2[H])C([H])([H])[H],OCNT-2535518,null,null,null,null,null,null,R,null,R
IEQWNXZBGUGNNG-UHFFFAOYSA-N,[H]C=1N=C([H])N(C1[H])C([H])([H])C=2C([H])=C([H])C([H])=C(C2[H])C(=O)N(C([H])([H])C=3C([H])=C([H])C([H])=C([H])C3F)C4([H])C([H])([H])C4([H])[H],OCNT-2535519,null,null,null,null,null,null,R,null,R
QLDUMQHLVQSFJU-UHFFFAOYSA-N,[H]C#CC([H])([H])C([H])([H])C1(N=N1)C([H])([H])C([H])([H])C(=O)N([H])C([H])(C=2OC=3C([H])=C([H])C(F)=C([H])C3C2[H])C([H])([H])[H],OCNT-2535520,null,null,null,null,null,null,R,null,R
DUHXDIDGFSUWJS-UHFFFAOYSA-N,[H]OC(=O)C([H])(N([H])[H])C([H])([H])C1=C([H])C([H])=C(OC([H])(C([H])([H])[H])C([H])([H])[H])C([H])=C1[H],OCNT-2535521,null,null,null,null,null,null,R,null,N
UYYOQMHJNVHBOI-UHFFFAOYSA-N,[H]C=1C([H])=C([H])C2=C(OC([H])(C2([H])[H])C([H])(N(C(=O)N([H])C3=C([H])C([H])=C4SC(=O)N([H])C4=C3[H])C([H])([H])[H])C([H])([H])[H])C1[H],OCNT-2535522,null,null,null,null,null,null,R,null,R
IBFHENRKLHIACR-UHFFFAOYSA-N,[H]C=1C([H])=C([H])C=2C(=NN([H])C2C1[H])C(=O)N3C([H])([H])C([H])([H])C([H])(N([H])C(=O)C=4C([H])=NN(C4[H])C([H])([H])[H])C([H])([H])C3([H])[H],OCNT-2535523,null,null,null,null,null,null,R,null,R
KNZOSALJKRZREA-UHFFFAOYSA-N,[H]C1=C([H])C(=C([H])C([H])=C1OC([H])([H])[H])C2=NOC(=N2)C([H])([H])C([H])([H])C(=O)N3C([H])([H])C([H])([H])SC([H])([H])C3([H])[H],OCNT-2535524,null,null,null,null,null,null,R,null,R
JKGUWXHDDVUFDQ-UHFFFAOYSA-N,[H]C=1C([H])=C([H])C=2SC(=NC2C1[H])N([H])C(=O)N([H])C3=C([H])C([H])=C([H])C=4C([H])=C([H])C([H])=C([H])C43,OCNT-2535529,null,null,null,null,null,null,R,null,R
OIMYVFKAAORUSX-UHFFFAOYSA-N,[H]C=1C([H])=C([H])C2=C(C1[H])N([H])C(C=3C([H])=C([H])C(F)=C([H])C3[H])=C2C([H])([H])C([H])([H])C(=O)N([H])C4=NN([H])C(=C4[H])C([H])([H])[H],OCNT-2535530,null,null,null,null,null,null,R,null,R
PDQJLWJVQZINJW-UHFFFAOYSA-N,[H]N([H])C(=O)C1=C([H])C(=C([H])C([H])=C1F)N([H])C(=O)N([H])C([H])([H])C2([H])C([H])([H])C32C([H])([H])C([H])([H])N(C(=O)OC(C([H])([H])[H])(C([H])([H])[H])C([H])([H])[H])C([H])([H])C3([H])[H],OCNT-2535531,null,null,null,null,null,null,R,null,R
CGXJQNIBUILKHP-UHFFFAOYSA-N,[H]C1=NN=C([H])C(=C1[H])N([H])C(=O)C=2C([H])=C([H])C([H])=C3OC([H])([H])OC32,OCNT-2535533,null,null,null,null,null,null,R,null,R
UEJLENUDLJDDCQ-UHFFFAOYSA-N,[H]C=1C([H])=C([H])C(OC2([H])C([H])([H])N(C([H])([H])C2([H])[H])S(=O)(=O)C=3C([H])=C([H])C([H])=C([H])C3C#N)=C(F)C1[H],OCNT-2535534,null,null,null,null,null,null,R,null,R
MJULYVWFVHPYOK-UHFFFAOYSA-N,[H]C=1N=C(SC1[H])C2=NN([H])C([H])=C2N([H])C(=O)C=3C([H])=C([H])C([H])=C4SC([H])=C([H])C43,OCNT-2535536,null,null,null,null,null,null,R,null,R
CDHXVHJOSNONTE-UHFFFAOYSA-N,[H]C=1N=C(SC1[H])C2=NN([H])C([H])=C2N([H])C(=O)C([H])([H])N3C([H])=C([H])C=4C([H])=C([H])C(F)=C([H])C43,OCNT-2535537,null,null,null,null,null,null,R,null,R
AXXBNPYZYMTTDD-UHFFFAOYSA-N,[H]C=1N=C(SC1[H])C2=NN([H])C([H])=C2N([H])C(=O)C3=C([H])C([H])=C(N([H])C3=O)C([H])(C([H])([H])[H])C([H])([H])[H],OCNT-2535538,null,null,null,null,null,null,R,null,R
WPHUJGOUOZPWGC-UHFFFAOYSA-N,[H]OC([H])([H])C([H])(N([H])C(=O)C=1C([H])=C([H])C([H])=C([H])C1C=2C([H])=C([H])N=C([H])C2[H])C3=C([H])C([H])=C([H])C(=C3[H])C(F)(F)F,OCNT-2535539,null,null,null,null,null,null,R,null,R
PJBBPZUOXMVBGM-UHFFFAOYSA-N,[H]C=1N=C([H])N(C1[H])C([H])([H])C=2C([H])=C([H])C([H])=C(C2[H])C(=O)N(C([H])([H])[H])C3([H])C([H])([H])C([H])([H])C([H])([H])C([H])([H])C3([H])[H],OCNT-2535540,null,null,null,null,null,null,R,null,R
NSIHAZMQGXAMJI-UHFFFAOYSA-N,[H]C=1C([H])=C([H])C(=C(F)C1[H])S(=O)(=O)N2C([H])([H])C([H])([H])C([H])([H])C([H])([H])C([H])([H])C2([H])[H],OCNT-2535541,null,null,null,null,null,null,R,null,R
KVTMJSLAIYWPFK-UHFFFAOYSA-N,[H]OC(=O)C1([H])C([H])([H])C([H])([H])N(C([H])([H])C1([H])[H])S(=O)(=O)C=2C([H])=C([H])C([H])=C([H])C2F,OCNT-2535543,null,null,null,null,null,null,R,null,R
HEQILIHBMVATFY-UHFFFAOYSA-N,[H]C=1C([H])=C(SC1Cl)S(=O)(=O)N([H])C2=C([H])C([H])=C(OC([H])([H])[H])C(OC([H])([H])[H])=C2[H],OCNT-2535545,null,null,null,null,null,null,R,null,R
QAYKGARWIMDBCY-UHFFFAOYSA-N,[H]C=1C([H])=C([H])C(=C([H])C1[H])C([H])([H])C([H])([H])N2C([H])([H])C([H])([H])N(C3=NC(Cl)=C([H])C=4C([H])=C([H])C([H])=C([H])C43)C([H])([H])C2([H])[H],OCNT-2535547,null,null,null,null,null,null,R,null,R
SEIPXTQBZWGTMU-UHFFFAOYSA-N,[H]C=1C([H])=C([H])C(=C([H])C1[H])C=2C([H])=C([H])C(=C(C2[H])C(=O)N([H])C([H])([H])C3([H])OC4(C([H])([H])OC([H])([H])C4([H])[H])C([H])([H])C3([H])[H])C([H])([H])[H],OCNT-2535549,null,null,null,null,null,null,R,null,R
GGQNCTRLLKCMLM-UHFFFAOYSA-N,[H]OC(=O)C1([H])C([H])([H])N(C(=O)C=2C([H])=C([H])C=3N([H])C([H])=C([H])C3C2[H])C([H])([H])C1([H])[H],OCNT-2535550,null,null,null,null,null,null,R,null,R
ZZCTYRLJKBBNHT-UHFFFAOYSA-N,[H]C=1C([H])=C(C(=C([H])C1C(=O)N([H])C([H])([H])C=2ON=C(C2[H])C(=O)OC([H])([H])[H])N([H])S(=O)(=O)C=3C(=C([H])C(=C([H])C3C([H])([H])[H])C([H])([H])[H])C([H])([H])[H])C([H])([H])[H],OCNT-2535551,null,null,null,null,null,null,R,null,R
XAPMDMIYUPCJOP-UHFFFAOYSA-N,[H]C=1N=C([H])N(C1[H])C2=C([H])C([H])=C(C([H])=C2F)C([H])([H])N([H])C(=O)N([H])C3=NC(C#N)=C([H])C([H])=C3[H],OCNT-2535552,null,null,null,null,null,null,R,null,R
XTWCXVCCEWOSNH-UHFFFAOYSA-N,[H]C1=NC=2N([H])C(=O)C([H])=C(N([H])C([H])([H])C([H])([H])C3=C([H])N([H])C=4C(Cl)=C([H])C([H])=C([H])C34)C2C([H])=C1[H],OCNT-2535554,null,null,null,null,null,null,R,null,R
OGDXWUYRZVGURY-UHFFFAOYSA-N,[H]OC([H])(C=1C([H])=C([H])C([H])=C([H])C1[H])C([H])([H])N2N=NC(=C2[H])C=3C([H])=C([H])C4=C([H])N=C([H])C([H])=C4C3[H],OCNT-2535555,null,null,null,null,null,null,R,null,R
UHNOQEIMMMIKDG-UHFFFAOYSA-N,[H]OC(=O)C([H])(N([H])C(=O)C1(C=2C([H])=C([H])C([H])=C(OC([H])([H])[H])C2[H])C([H])([H])C1([H])[H])C([H])([H])C=3C([H])=C([H])C([H])=C(F)C3[H],OCNT-2535556,null,null,null,null,null,null,R,null,R
LZZLJQWRSKMQMX-UHFFFAOYSA-N,[H]C=1N=C([H])C([H])=C(C1[H])C([H])([H])N([H])C(=O)N([H])C2=C([H])C([H])=C([H])C(=C2[H])N([H])C(=O)C3=C([H])C([H])=C(C([H])=C3[H])N4C([H])=C([H])C=5C([H])=C([H])C([H])=C([H])C54,OCNT-2535557,null,null,null,null,null,null,R,null,R
IKMMRTDWOWYUQN-UHFFFAOYSA-N,[H]C1=NC([H])=C2C([H])=C([H])C(=C([H])C2=C1[H])C=3N=NN(C3[H])C([H])(C([H])([H])[H])C([H])([H])[H],OCNT-2535559,null,null,null,null,null,null,R,null,R
BMGVQTUPKNPSSW-UHFFFAOYSA-N,[H]C=1C([H])=C([H])C2=C(OC([H])(C2([H])[H])C([H])(N(C(=O)C34C([H])([H])C4([H])C3([H])[H])C([H])([H])[H])C([H])([H])[H])C1[H],OCNT-2535560,null,null,null,null,null,null,R,null,R
BIIDUTRIXMOTDH-UHFFFAOYSA-N,[H]C=1SC(=C([H])C1[H])C=2N=C(C([H])=C([H])C2[H])C(=O)N([H])C([H])([H])C([H])([H])C3=NN([H])C(=O)N3[H],OCNT-2535563,null,null,null,null,null,null,R,null,R
JQGBNTLYTQELFB-UHFFFAOYSA-N,[H]C=1N=C([H])N(C1[H])C([H])([H])C=2C([H])=C([H])C([H])=C(C2[H])C(=O)N(C([H])([H])C3=C([H])C([H])=C(F)C([H])=C3[H])C([H])([H])C([H])([H])C([H])([H])C([H])([H])C([H])([H])[H],OCNT-2535564,null,null,null,null,null,null,R,null,R
VXDCYZBVHBMOOK-UHFFFAOYSA-N,[H]OC([H])(C=1C([H])=C([H])C([H])=C([H])C1[H])C(=O)N([H])C([H])([H])C2=C([H])C([H])=C([H])C([H])=C2C3=C([H])N=C([H])C([H])=C3[H],OCNT-2535565,null,null,null,null,null,null,R,null,R
VXDCYZBVHBMOOK-UHFFFAOYSA-N,[H]OC([H])(C=1C([H])=C([H])C([H])=C([H])C1[H])C(=O)N([H])C([H])([H])C2=C([H])C([H])=C([H])C([H])=C2C3=C([H])N=C([H])C([H])=C3[H],OCNT-2535566,null,null,null,null,null,null,R,null,R
OEPIHANONNHMIE-UHFFFAOYSA-N,[H]C=1SC(=C([H])C1[H])C=2N=C(C([H])=C([H])C2[H])C(=O)N([H])C([H])([H])C3=NN=C([H])N3[H],OCNT-2535567,null,null,null,null,null,null,R,null,R
TUUPNQAXRIADQY-UHFFFAOYSA-N,[H]C1=C([H])C2=C(C([H])=C1C([H])([H])[H])N([H])C([H])=C2C([H])([H])C([H])([H])C(=O)N([H])C3=C([H])N([H])N([H])C3=O,OCNT-2535569,null,null,null,null,null,null,R,null,R
JKDXJPZIACJBTM-UHFFFAOYSA-N,[H]C=1C([H])=C(F)C(C#N)=C(C1[H])N2N=C(C([H])=C2[H])N([H])C(=O)N([H])C([H])([H])C([H])([H])S(=O)(=O)N([H])C3=C([H])C([H])=C(C(F)=C3[H])C([H])([H])[H],OCNT-2535572,null,null,null,null,null,null,R,null,R
DHIODPBJMYLUQH-UHFFFAOYSA-N,[H]C=1C([H])=C(C(F)=C([H])C1N([H])S(=O)(=O)C([H])([H])C([H])([H])N([H])C(=O)N([H])C2=NN(C([H])=C2[H])C3=C([H])C(F)=C(F)C([H])=C3F)C([H])([H])[H],OCNT-2535573,null,null,null,null,null,null,R,null,R
JQHCHHDQTVUKIS-UHFFFAOYSA-N,[H]C=1N=C(N=C([H])C1[H])N2N=C(C([H])=C2[H])N([H])C(=O)N([H])C([H])([H])C([H])([H])S(=O)(=O)N([H])C3=C([H])C([H])=C(C(F)=C3[H])C([H])([H])[H],OCNT-2535574,null,null,null,null,null,null,R,null,R
UQPFUHRCFWVGOQ-UHFFFAOYSA-N,[H]C=1C([H])=C([H])C(=C(C1[H])N2N=C(C([H])=C2[H])N([H])C(=O)N([H])C([H])([H])C([H])([H])S(=O)(=O)N([H])C3=C([H])C([H])=C(C(F)=C3[H])C([H])([H])[H])C(F)(F)F,OCNT-2535576,null,null,null,null,null,null,R,null,R
VKBGDNSTFIYJRU-UHFFFAOYSA-N,[H]C=1C([H])=C(SC1Cl)S(=O)(=O)N([H])C2=C([H])C([H])=C(OC([H])([H])C([H])([H])[H])C(OC([H])([H])[H])=C2[H],OCNT-2535577,null,null,null,null,null,null,R,null,R
MYLDNWDULMBTAK-UHFFFAOYSA-N,[H]C([H])=C([H])C([H])([H])C1(C(=O)N([H])C([H])(C(=O)N2C([H])([H])C([H])([H])C([H])([H])C2([H])[H])C([H])([H])[H])C([H])([H])N(C(=O)OC(C([H])([H])[H])(C([H])([H])[H])C([H])([H])[H])C1([H])[H],OCNT-2535578,null,null,null,null,null,null,N,null,R
ZLFAIQGHKPFLLF-UHFFFAOYSA-N,[H]OC([H])(C([H])([H])[H])C([H])([H])N1N=NC(=C1[H])C=2C([H])=C([H])C3=C([H])N=C([H])C([H])=C3C2[H],OCNT-2535579,null,null,null,null,null,null,R,null,R
BIARALUSFDYYBK-UHFFFAOYSA-N,[H]C=1SC(=C(C1[H])C2([H])C([H])([H])C2([H])[H])S(=O)(=O)N([H])C3=C([H])C([H])=C([H])C4=C3OC([H])([H])C4([H])[H],OCNT-2535581,null,null,null,null,null,null,R,null,R
ZRYRYSZIVIUSQK-UHFFFAOYSA-N,[H]C=1SC(=C(C1[H])C2([H])C([H])([H])C2([H])[H])S(=O)(=O)N([H])C=3C([H])=C([H])C([H])=C([H])C3N([H])S(=O)(=O)C=4C([H])=C([H])C([H])=C([H])C4[H],OCNT-2535582,null,null,null,null,null,null,R,null,R
OIXWVLVYLBMTPP-UHFFFAOYSA-N,[H]OC=1C([H])=C([H])C([H])=C([H])C1N([H])S(=O)(=O)C=2SC([H])=C([H])C2C3([H])C([H])([H])C3([H])[H],OCNT-2535583,null,null,null,null,null,null,R,null,R
YQVIOHWFDXKKCF-UHFFFAOYSA-N,[H]C=1SC(=C(C1[H])C2([H])C([H])([H])C2([H])[H])S(=O)(=O)N([H])C=3C([H])=C([H])C([H])=C(F)C3F,OCNT-2535584,null,null,null,null,null,null,R,null,R
PLWGTEPFFAFSNK-UHFFFAOYSA-N,[H]C=1SC2=C(C1[H])C([H])=C([H])C([H])=C2N([H])S(=O)(=O)C=3SC([H])=C([H])C3C4([H])C([H])([H])C4([H])[H],OCNT-2535585,null,null,null,null,null,null,R,null,R
SUUBBRAIMMIKJS-UHFFFAOYSA-N,[H]C=1SC(=C(C1[H])C2([H])C([H])([H])C2([H])[H])S(=O)(=O)N([H])C3=C([H])C([H])=C([H])C(=C3C([H])([H])[H])C([H])([H])[H],OCNT-2535586,null,null,null,null,null,null,R,null,R
MQDNXQXDFDMRTR-UHFFFAOYSA-N,[H]C=1SC(=C(C1[H])C2([H])C([H])([H])C2([H])[H])S(=O)(=O)N([H])C=3C([H])=C([H])C([H])=C(Cl)C3Cl,OCNT-2535587,null,null,null,null,null,null,R,null,R
LPZGJDHZXHWFKL-UHFFFAOYSA-N,[H]C=1SC(=C(C1[H])C2([H])C([H])([H])C2([H])[H])S(=O)(=O)N([H])C3=C([H])C([H])=C([H])C=4C(=O)N([H])C([H])=C([H])C34,OCNT-2535588,null,null,null,null,null,null,R,null,R
DXQZQTGBCDFXJN-UHFFFAOYSA-N,[H]C=1SC(=C(C1[H])C2([H])C([H])([H])C2([H])[H])S(=O)(=O)N([H])C3=C([H])C([H])=C([H])C=4C([H])=C([H])C(=O)N([H])C43,OCNT-2535589,null,null,null,null,null,null,R,null,R
JMEVYSUMMPPCNK-UHFFFAOYSA-N,[H]C=1SC(=C(C1[H])C2([H])C([H])([H])C2([H])[H])S(=O)(=O)N([H])C=3C([H])=C([H])C([H])=C([H])C3Cl,OCNT-2535590,null,null,null,null,null,null,R,null,R
SPMCZRVDSHKPHZ-UHFFFAOYSA-N,[H]C=1SC(=C(C1[H])C2([H])C([H])([H])C2([H])[H])S(=O)(=O)N([H])C3=C([H])C([H])=C([H])C=4C(=O)N=C([H])N([H])C34,OCNT-2535592,null,null,null,null,null,null,R,null,R
QORPNJUHQFNFAO-UHFFFAOYSA-N,[H]C=1SC(=C(C1[H])C2([H])C([H])([H])C2([H])[H])S(=O)(=O)N([H])C=3C([H])=C([H])C([H])=C(F)C3Br,OCNT-2535593,null,null,null,null,null,null,R,null,R
PGZDULVGIFEKJO-UHFFFAOYSA-N,[H]OC([H])([H])C(N([H])C(=O)C=1C([H])=C([H])C(=C([H])C1[H])C=2C([H])=NN([H])C2[H])(C([H])([H])[H])C([H])([H])C=3C([H])=C([H])C([H])=C([H])C3F,OCNT-2535596,null,null,null,null,null,null,R,null,R
CIKYTJVUIFDYBQ-UHFFFAOYSA-N,[H]OC([H])([H])C=1N=C(C([H])=C([H])C1[H])C([H])([H])N2N=NC(=C2[H])C=3C([H])=C([H])C4=C([H])N=C([H])C([H])=C4C3[H],OCNT-2535597,null,null,null,null,null,null,R,null,R
PTRNIWLUYYNJPG-UHFFFAOYSA-N,[H]N([H])S(=O)(=O)C([H])([H])C([H])([H])N([H])C(=O)N([H])C1=NN(C([H])=C1[H])C=2C([H])=C([H])C([H])=C([H])C2[H],OCNT-2535598,null,null,null,null,null,null,R,null,R
DBKQNLOMLAQNIS-UHFFFAOYSA-N,[H]C=1C([H])=C([H])C(=C([H])C1[H])C([H])([H])C([H])([H])N2C([H])=C([H])C([H])=C2C(=O)N([H])C3=NC([H])=C(S3)C4([H])C([H])([H])C4([H])[H],OCNT-2535599,null,null,null,null,null,null,R,null,R
JTSBSXZVHCIHLI-UHFFFAOYSA-N,[H]C=1C([H])=C([H])C(=C([H])C1[H])C([H])(N2C([H])=C([H])C([H])=C2C(=O)N([H])C3=NC([H])=C(S3)C4([H])C([H])([H])C4([H])[H])C([H])([H])[H],OCNT-2535600,null,null,null,null,null,null,R,null,R
GEFUIQKFYGBVRF-UHFFFAOYSA-N,[H]C=1C([H])=C([H])C(=C(F)C1[H])C([H])([H])N2C([H])=C([H])C([H])=C2C(=O)N([H])C3=NC([H])=C(S3)C4([H])C([H])([H])C4([H])[H],OCNT-2535601,null,null,null,null,null,null,R,null,R
PZNNPXHBWSCTTO-UHFFFAOYSA-N,[H]C=1C([H])=C(C(=O)N([H])C2=NC([H])=C(S2)C(C([H])([H])[H])(C([H])([H])[H])C([H])([H])[H])N(C1[H])C3([H])C([H])([H])C([H])([H])C([H])([H])C3([H])[H],OCNT-2535602,null,null,null,null,null,null,R,null,R
CUFPYJFLBNZMOA-UHFFFAOYSA-N,[H]C=1C([H])=C([H])C2=C(C1[H])N([H])C(=O)N(C2=O)C([H])([H])C([H])([H])C([H])([H])[H],OCNT-2535603,null,null,null,null,null,null,R,null,R
DQHOPQPJUVXCQP-UHFFFAOYSA-N,[H]C=1N=C([H])C=2N=C(SC2C1[H])C(=O)N([H])C([H])([H])C([H])([H])N(C(=O)C=3C([H])=C([H])C([H])=C([H])C3F)C([H])([H])[H],OCNT-2535605,null,null,null,null,null,null,R,null,R
HACCLFSUZUAKGP-UHFFFAOYSA-N,[H]C=1C([H])=C([H])C(=C(C1[H])[N+](=O)[O-])C2([H])C=3C(=O)N([H])C(=NC3N([H])C(=C2C(=O)OC([H])([H])[H])C([H])([H])[H])SC([H])([H])[H],OCNT-2535606,null,null,null,null,null,null,R,null,R
CKXVFIPITDNXJD-UHFFFAOYSA-N,[H]C=1C([H])=C(C([H])=C(C1OC([H])(F)F)C2([H])C(C(=O)OC([H])([H])[H])=C(N([H])C(=C2C(=O)OC([H])([H])[H])C([H])([H])[H])C([H])([H])[H])[N+](=O)[O-],OCNT-2535607,null,null,null,null,null,null,R,null,R
MAPJHDPXQXFZKP-UHFFFAOYSA-N,[H]C=1C([H])=C([H])C=2N([H])C(=NC2C1[H])C([H])(N([H])C(=O)C([H])([H])SC=3C([H])=C([H])C([H])=C([H])C3C([H])([H])[H])C([H])(C([H])([H])[H])C([H])([H])C([H])([H])[H],OCNT-2535611,null,null,null,null,null,null,R,null,R
ROSOUTDABWNWNG-UHFFFAOYSA-N,[H]C=1N=C([H])C([H])=C(C1[H])N([H])C(=O)C2=C([H])C([H])=C([H])C(=C2[H])C([H])([H])[H],OCNT-2535612,null,null,null,null,null,null,R,null,R
BNTNTTDFRWQZSX-UHFFFAOYSA-N,[H]C=1C([H])=C(C([H])=C([H])C1OC([H])([H])[H])N([H])C(=O)C2=C([H])C([H])=C(OC([H])([H])[H])C(Br)=C2[H],OCNT-2535614,null,null,null,null,null,null,R,null,R
NNSHXSLVAWXCRS-UHFFFAOYSA-N,[H]C=1C([H])=C([H])C(=C([H])C1[H])N([H])C(=O)C2=C([H])C([H])=C(OC([H])([H])[H])C(Br)=C2[H],OCNT-2535616,null,null,null,null,null,null,R,null,R
ASONSTZFKYORPI-UHFFFAOYSA-N,[H]C=1C([H])=C([H])C(=C([H])C1[H])C([H])([H])N2N=C(C([H])=C2[H])N([H])C(=O)N([H])C=3C([H])=C([H])C([H])=C([H])C3OC([H])([H])[H],OCNT-2535617,null,null,null,null,null,null,R,null,R
GMSGUDRQGQFXOP-UHFFFAOYSA-N,[H]C=1C([H])=C(C([H])=C(Cl)C1F)N([H])C(=O)C2=C([H])C([H])=C(OC([H])([H])[H])C(Br)=C2[H],OCNT-2535618,null,null,null,null,null,null,R,null,R
RNRNGFWNMPQBSY-UHFFFAOYSA-N,[H]C=1C([H])=C(C([H])=C(Br)C1OC([H])([H])[H])C(=O)N([H])C2=C([H])C([H])=C(C([H])=C2[H])C([H])([H])[H],OCNT-2535619,null,null,null,null,null,null,R,null,R
AMPWWLIMOOMKAQ-UHFFFAOYSA-N,[H]C=1C([H])=C(C([H])=C([H])C1Br)N([H])C(=O)C2=C([H])C([H])=C(OC([H])([H])[H])C(Br)=C2[H],OCNT-2535620,null,null,null,null,null,null,R,null,R
QHEWAGFBUXKCTM-UHFFFAOYSA-N,[H]C=1C([H])=C(C([H])=C([H])C1F)N([H])C(=O)C2=C([H])C([H])=C(OC([H])([H])[H])C(Br)=C2[H],OCNT-2535621,null,null,null,null,null,null,R,null,R
JJYWLFQRQOTSKA-UHFFFAOYSA-N,[H]OC([H])([H])C1([H])C([H])([H])N(C(=O)OC(C([H])([H])[H])(C([H])([H])[H])C([H])([H])[H])C([H])([H])C([H])([H])C1([H])N([H])[H],OCNT-2535623,null,null,null,null,null,null,N,null,R
IYCLSQIPWSQNIF-UHFFFAOYSA-N,[H]C=1C([H])=C(C([H])=C([H])C1F)N2C([H])([H])C([H])([H])N(C([H])([H])C2([H])[H])S(=O)(=O)C3=C([H])C(=C([H])C([H])=C3OC([H])([H])[H])C([H])([H])[H],OCNT-2535624,null,null,null,null,null,null,R,null,R
ODSYZVWQYJLMAW-UHFFFAOYSA-N,[H]C1=C([H])C(=C([H])C([H])=C1OC([H])([H])[H])C2=NOC(=N2)C([H])([H])C([H])([H])C(=O)N3C([H])([H])C([H])([H])C([H])([H])C([H])([H])C3([H])[H],OCNT-2535625,null,null,null,null,null,null,R,null,R
ZPNQUHVMHVNRCK-UHFFFAOYSA-N,[H]C1=C([H])C(=C([H])C([H])=C1OC([H])([H])[H])C2=NOC(=N2)C([H])([H])C([H])([H])C(=O)N3C([H])([H])C([H])([H])N(C([H])([H])[H])C([H])([H])C3([H])[H],OCNT-2535626,null,null,null,null,null,null,R,null,R
PXARPJQYVTVYOH-UHFFFAOYSA-N,[H]C=1C([H])=C([H])C=2C(=O)OC(=C([H])C2C1[H])C(=O)N([H])C([H])([H])C=3N=C4C(Cl)=C([H])C(Cl)=C([H])N4C3[H],OCNT-2535627,null,null,null,null,null,null,R,null,R
KVPAMEMYQLETCL-UHFFFAOYSA-N,[H]C=1N=C([H])C(=C([H])C1[H])C2([H])C(C(=O)OC([H])([H])C([H])(C([H])([H])[H])C([H])([H])[H])=C(N([H])C(=C2C(=O)OC([H])([H])C([H])(C([H])([H])[H])C([H])([H])[H])C([H])([H])[H])C([H])([H])[H],OCNT-2535630,null,null,null,null,null,null,R,null,R
DILHJKQJIRRSPN-UHFFFAOYSA-N,[H]C=1C([H])=C([H])C(=C([H])C1[H])N([H])C(=O)C=2C([H])=C([H])C([H])=C3OC([H])([H])OC32,OCNT-2535632,null,null,null,null,null,null,R,null,R
GNWYBOAPRZJEJI-UHFFFAOYSA-N,[H]OC(=O)C1=C([H])C([H])=C([H])C(=C1[H])C([H])([H])N([H])C(=O)C2=C([H])C(=C([H])N2[H])C=3N=C(SC3[H])C([H])([H])[H],OCNT-2535634,null,null,null,null,null,null,R,null,R
RFLYDQLJNTUTAF-UHFFFAOYSA-N,[H]C=1C([H])=C([H])C(=C([H])C1[H])C([H])([H])N2N=C(C([H])=C2[H])N([H])C(=O)N([H])C([H])([H])C([H])([H])S(=O)(=O)N([H])C3=C([H])C([H])=C(C(F)=C3[H])C([H])([H])[H],OCNT-2535635,null,null,null,null,null,null,R,null,R
JBUMYJJTMDCCOX-UHFFFAOYSA-N,[H]C=1C([H])=C(N([H])C(=O)C1C(=O)N([H])C([H])([H])C2(N3C([H])([H])C([H])([H])OC([H])([H])C3([H])[H])C([H])([H])C([H])([H])C([H])([H])C([H])([H])C2([H])[H])C([H])([H])[H],OCNT-2535638,null,null,null,null,null,null,R,null,R
ALWDRGAHNVDCTR-UHFFFAOYSA-N,[H]C=1C([H])=C([H])C(=C([H])C1[H])C(=O)N2C([H])([H])C([H])([H])C(C(=O)N([H])C([H])([H])C([H])([H])N3C([H])=C([H])C(=O)C([H])=C3[H])(C([H])([H])C([H])([H])[H])C([H])([H])C2([H])[H],OCNT-2535639,null,null,null,null,null,null,R,null,R
XXGXHKARXLHQMT-UHFFFAOYSA-N,[H]C=1C([H])=C(SC1C(=O)C([H])([H])C([H])([H])C(=O)N([H])C([H])([H])C2(N3C([H])([H])C([H])([H])OC([H])([H])C3([H])[H])C([H])([H])C([H])([H])C([H])([H])C([H])([H])C2([H])[H])C([H])([H])[H],OCNT-2535640,null,null,null,null,null,null,R,null,R
DUVCDNFPERLZRI-UHFFFAOYSA-N,[H]C=1N=C(C(=NC1C([H])([H])[H])N2C([H])([H])C([H])([H])N(C([H])([H])C(=O)N([H])C3=C([H])C([H])=C(F)C([H])=C3[H])C([H])([H])C2([H])[H])C([H])([H])[H],OCNT-2535642,null,null,null,null,null,null,R,null,R
UPPVEVGLQBMBBV-UHFFFAOYSA-N,[H]C=1C([H])=C(C([H])=C([H])C1F)N([H])C(=O)C([H])([H])N2C([H])([H])C([H])([H])N(C=3N=C(N=C(C3[H])C([H])([H])[H])C([H])(C([H])([H])[H])C([H])([H])[H])C([H])([H])C2([H])[H],OCNT-2535643,null,null,null,null,null,null,R,null,R
FYBARWQRIIGYFV-UHFFFAOYSA-N,[H]OC([H])(C(=O)N([H])C([H])([H])C=1C([H])=C([H])C([H])=C([H])C1C([H])([H])N([H])[H])C2=C([H])C([H])=C(C([H])=C2[H])C(F)(F)F,OCNT-2535644,null,null,null,null,null,null,R,null,R
PHWVFUZKPXFHHN-UHFFFAOYSA-N,[H]OC([H])(C(=O)N([H])C([H])([H])C=1C([H])=NC([H])=C(F)C1[H])C2=C([H])C([H])=C([H])C(=C2[H])C(F)(F)F,OCNT-2535645,null,null,null,null,null,null,R,null,R
MCDMTZKCLHECNU-UHFFFAOYSA-N,[H]C=1C([H])=C([H])C2=C(C1[H])N([H])C(=O)N(C2=O)C([H])([H])C3=C([H])C([H])=C([H])C(=C3[H])C([H])([H])N(C([H])([H])C([H])([H])[H])C([H])([H])C([H])([H])[H],OCNT-2535646,null,null,null,null,null,null,R,null,R
OMNJUTZGQKOEPZ-UHFFFAOYSA-N,[H]N([H])C([H])(C1=C([H])C([H])=C(OC([H])([H])[H])C([H])=C1[H])C([H])([H])N([H])C(=O)C2=C([H])N([H])C=3N=C([H])C(Br)=C([H])C32,OCNT-2535648,null,null,null,null,null,null,R,null,R
VQUDCUFYSLKRGD-UHFFFAOYSA-N,[H]C=1C([H])=C([H])C(=C([H])C1[H])C([H])(N([H])C(=O)C([H])(SC2=NN=C(O2)C3=C([H])N([H])C=4C([H])=C([H])C([H])=C([H])C43)C([H])([H])[H])C([H])([H])C([H])([H])C([H])([H])[H],OCNT-2535649,null,null,null,null,null,null,R,null,R
OQMAXFFQKLMZJI-UHFFFAOYSA-N,[H]C1=NC=2N=C(C3=C([H])SC([H])=C3F)N(C2C([H])=C1[H])C([H])([H])[H],OCNT-2535650,null,null,null,null,null,null,R,null,R
UWRJXBUQMYHCRA-UHFFFAOYSA-N,[H]C=1N=C([H])C=2N=C(SC2C1[H])C(=O)N([H])C([H])([H])C3=NC=4C([H])=C([H])C([H])=C([H])C4N3[H],OCNT-2535651,null,null,null,null,null,null,R,null,R
HTLOUMQRJPHKLH-UHFFFAOYSA-N,[H]OC(=O)C([H])([H])OC1=C([H])C([H])=C(C([H])=C1[H])C(=O)N([H])C([H])([H])C2=C([H])C([H])=C(C(F)=C2[H])N3C([H])=NC([H])=C3[H],OCNT-2535652,null,null,null,null,null,null,R,null,R
IIZRSIBPQXZADI-UHFFFAOYSA-N,[H]N([H])C([H])(C=1C([H])=C([H])C([H])=C([H])C1[H])C([H])([H])C(=O)N([H])C([H])([H])C=2C([H])=C([H])C([H])=C([H])C2C=3C([H])=C([H])N=C([H])C3[H],OCNT-2535653,null,null,null,null,null,null,R,null,R
NAPKFRKJFGJAFA-UHFFFAOYSA-N,[H]C=1C([H])=C([H])C=2SC(=NC2C1[H])C(=O)N([H])C([H])([H])C([H])([H])C([H])([H])N(C([H])([H])[H])C([H])([H])[H],OCNT-2535654,null,null,null,null,null,null,R,null,R
IXIORTXFXIMRGX-UHFFFAOYSA-N,[H]OC=1C([H])=C([H])C([H])=C([H])C1C(=O)N([H])C([H])([H])C2(N3C([H])([H])C([H])([H])OC([H])([H])C3([H])[H])C([H])([H])C([H])([H])C([H])([H])C([H])([H])C2([H])[H],OCNT-2535655,null,null,null,null,null,null,R,null,R
KECHVMAHQAJKAO-UHFFFAOYSA-N,[H]C1=NSC(=C1[H])C([H])([H])C([H])([H])N2N=NC(=C2[H])C=3C([H])=C([H])C4=C([H])N=C([H])C([H])=C4C3[H],OCNT-2535657,null,null,null,null,null,null,R,null,R
NBVNOCVGFIHQIF-UHFFFAOYSA-N,[H]C=1C([H])=C2OC([H])([H])C([H])([H])C2=C(C1[H])N([H])C(=O)N([H])C3=NC=4C([H])=C(OC([H])([H])[H])C([H])=C([H])C4S3,OCNT-2535658,null,null,null,null,null,null,R,null,R
KNFDVTMLZUPRKU-UHFFFAOYSA-N,[H]C=1N=C2N=C(C=3C([H])=C([H])C(OC([H])([H])C(F)(F)F)=C(F)C3[H])N(C2=C([H])C1[H])C([H])([H])[H],OCNT-2535659,null,null,null,null,null,null,R,null,R
PVEVZCXYGQHBHJ-UHFFFAOYSA-N,[H]C=1N=C2N=C(C=3C([H])=C(F)C([H])=C(C3[H])C([H])([H])[H])N(C2=C([H])C1[H])C([H])([H])[H],OCNT-2535660,null,null,null,null,null,null,R,null,R
HARCRWKYGNXMLV-UHFFFAOYSA-N,[H]C=1N=C2N=C(C=3C([H])=C([H])C(Cl)=C([H])C3F)N(C2=C([H])C1[H])C([H])([H])[H],OCNT-2535661,null,null,null,null,null,null,R,null,R
CJSGMMLTXFAXPB-UHFFFAOYSA-N,[H]C=1N=C2N=C(C=3C([H])=C([H])C(OC([H])(F)F)=C([H])C3F)N(C2=C([H])C1[H])C([H])([H])[H],OCNT-2535662,null,null,null,null,null,null,R,null,R
OFRPTPAADJOPPM-UHFFFAOYSA-N,[H]C=1N=C2N=C(C=3C([H])=C([H])C(=C(F)C3[H])C([H])(F)F)N(C2=C([H])C1[H])C([H])([H])[H],OCNT-2535663,null,null,null,null,null,null,R,null,R
VACWFTSNYCGOSP-UHFFFAOYSA-N,[H]C=1N=C2N=C(C=3C([H])=C([H])C(C#N)=C(F)C3[H])N(C2=C([H])C1[H])C([H])([H])[H],OCNT-2535664,null,null,null,null,null,null,R,null,R
VWWGWOGNHKPWNE-UHFFFAOYSA-N,[H]C=1N=C2N=C(C=3C([H])=C([H])C(OC([H])(F)F)=C(F)C3[H])N(C2=C([H])C1[H])C([H])([H])[H],OCNT-2535665,null,null,null,null,null,null,R,null,R
LVFVQOFQOOLRJQ-UHFFFAOYSA-N,[H]C=1N=C([H])C([H])=C(C1[H])C(=O)N2C([H])([H])C([H])([H])C([H])(C([H])([H])C=3C([H])=C([H])C([H])=C(F)C3[H])C([H])([H])C2([H])[H],OCNT-2535666,null,null,null,null,null,null,R,null,R
BLMVIILCDNTTEE-UHFFFAOYSA-N,[H]N([H])C1=NC([H])=C([H])N=C1C(=O)N2C([H])([H])C([H])([H])C([H])(C([H])([H])C=3C([H])=C([H])C([H])=C(F)C3[H])C([H])([H])C2([H])[H],OCNT-2535667,null,null,null,null,null,null,R,null,R
DACUBDAGRHAABD-UHFFFAOYSA-N,[H]C1=NC2=C(C([H])=NN2C([H])=C1[H])C(=O)N3C([H])([H])C([H])([H])C([H])(C([H])([H])C=4C([H])=C([H])C([H])=C(F)C4[H])C([H])([H])C3([H])[H],OCNT-2535668,null,null,null,null,null,null,R,null,R
UUWMHEHPBUPKAP-UHFFFAOYSA-N,[H]C=1N=C([H])C([H])=C(C1[H])C(=O)N([H])C([H])(C2=NC=3C([H])=C([H])C([H])=C([H])C3N2[H])C([H])(C([H])([H])[H])C([H])([H])C([H])([H])[H],OCNT-2535670,null,null,null,null,null,null,R,null,R
JRAMMCXVHLQAHP-UHFFFAOYSA-N,[H]C=1N=C([H])N(N1)C2=NC([H])=C([H])C(=C2[H])C(=O)N([H])C([H])([H])C3([H])C=4C([H])=C([H])C([H])=C([H])C4C([H])([H])C([H])([H])C3([H])[H],OCNT-2535671,null,null,null,null,null,null,R,null,R
XFGAAZPALJLDKG-UHFFFAOYSA-N,[H]C=1N=C2N=C(C=3C([H])=C(F)C([H])=C([H])C3Br)N(C2=C([H])C1[H])C([H])([H])[H],OCNT-2535672,null,null,null,null,null,null,R,null,R
PVGVRWLPMOYWEH-UHFFFAOYSA-N,[H]C=1N=C([H])C([H])=C(C1[H])C(=O)N([H])C2=C([H])C([H])=C([H])C(=C2[H])C([H])([H])N([H])C(=O)N([H])C=3C([H])=C([H])C([H])=C([H])C3[H],OCNT-2535673,null,null,null,null,null,null,R,null,R
RUOLLNNGVRSGNN-UHFFFAOYSA-N,[H]C=1C([H])=C([H])C=2N([H])C(=NC2C1[H])C([H])(N([H])C(=O)C([H])([H])C(F)(F)F)C([H])(C([H])([H])[H])C([H])([H])C([H])([H])[H],OCNT-2535675,null,null,null,null,null,null,R,null,R
IVEIBVYQZUNAHX-UHFFFAOYSA-N,[H]C=1C([H])=C([H])C=2N([H])C(=NC2C1[H])C([H])(N([H])C(=O)C([H])([H])N3N=C([H])C(=C3[H])C([H])([H])[H])C([H])(C([H])([H])[H])C([H])([H])C([H])([H])[H],OCNT-2535677,null,null,null,null,null,null,R,null,R
LRBSZSOVEIBXRY-UHFFFAOYSA-N,[H]C=1N=C2N=C(C=3C([H])=C([H])C(=C(F)C3[H])N(C([H])([H])[H])C([H])([H])[H])N(C2=C([H])C1[H])C([H])([H])[H],OCNT-2535679,null,null,null,null,null,null,R,null,R
DRSRKEFMNUKDTA-UHFFFAOYSA-N,[H]C=1C([H])=C([H])C2=C(OC([H])([H])C([H])(N([H])S(=O)(=O)C3=C([H])C(=C([H])C([H])=C3OC([H])([H])[H])C([H])([H])[H])C2([H])[H])C1[H],OCNT-2535681,null,null,null,null,null,null,R,null,R
CSTRDFXEVCRSAM-UHFFFAOYSA-N,[H]C=1N=C([H])C([H])=C(C1[H])N2N=C([H])C(=C2[H])C(=O)N3C([H])([H])C([H])([H])C([H])(C([H])([H])N([H])C(=O)C4=NN([H])C=5C([H])=C([H])C(F)=C([H])C45)C([H])(C([H])([H])[H])C3([H])[H],OCNT-2535683,null,null,null,null,null,null,R,null,R
MGRICPSSZFRPCD-UHFFFAOYSA-N,[H]C=1N=C([H])C([H])=C(C1[H])N2N=C([H])C(=C2[H])C(=O)N3C([H])([H])C([H])([H])C(=C([H])C([H])([H])N([H])C(=O)C4=NN([H])C=5C([H])=C([H])C(=C([H])C45)C([H])([H])[H])C([H])([H])C3([H])[H],OCNT-2535685,null,null,null,null,null,null,R,null,R
WYGJCBYIFAATAO-UHFFFAOYSA-N,[H]OC1(C([H])([H])C([H])([H])N(C(=O)C2=NN(C([H])=C2[H])C=3C([H])=C([H])N=C([H])C3[H])C([H])([H])C1([H])[H])C([H])(N([H])C(=O)C4=NN([H])C=5C([H])=C([H])C([H])=C([H])C45)C([H])([H])[H],OCNT-2535686,null,null,null,null,null,null,R,null,R
NZQNBNRENDLDML-UHFFFAOYSA-N,[H]OC([H])(C(=O)N([H])C([H])([H])C1=NC(=C([H])O1)C(=O)N([H])[H])C2=C([H])C([H])=C([H])C(=C2[H])C(F)(F)F,OCNT-2535687,null,null,null,null,null,null,R,null,R
UFSYAAOXXINHFF-UHFFFAOYSA-N,[H]C=1N=C([H])N(C1[H])C([H])([H])C=2C([H])=C([H])C([H])=C(C2[H])C(=O)N(C([H])([H])[H])C([H])([H])C3=C([H])OC([H])=C3[H],OCNT-2535688,null,null,null,null,null,null,R,null,R
JBYVSGPXEKBQBZ-UHFFFAOYSA-N,[H]C1=NC([H])=C(C([H])=C1[H])C2=C([H])C([H])=C([H])C(=C2[H])C([H])([H])N([H])C([H])([H])C([H])([H])C3=C([H])N([H])C=4C(Cl)=C([H])C([H])=C([H])C34,OCNT-2535689,null,null,null,null,null,null,R,null,R
HLZIGJDHLUTNLW-UHFFFAOYSA-N,[H]C=1C([H])=C([H])C=2SC(=NC2C1[H])N([H])C(=O)N([H])C([H])([H])C=3C([H])=C([H])C([H])=C4OC([H])([H])OC43,OCNT-2535690,null,null,null,null,null,null,R,null,R
CMZPXMYQADBDAY-UHFFFAOYSA-N,[H]C=1N=C(C([H])=C(C1[H])C(=O)N([H])C([H])([H])C2([H])OC=3C([H])=C([H])C([H])=C([H])C3OC2([H])[H])N4C([H])=NC([H])=C4[H],OCNT-2535691,null,null,null,null,null,null,R,null,R
ODTKYEDYGZTROD-UHFFFAOYSA-N,[H]C=1N=C(C([H])=C([H])C1[H])N(C([H])([H])[H])C([H])([H])C([H])([H])C([H])([H])N([H])C(=O)C=2C([H])=C([H])C3=C([H])N=C([H])N3C2[H],OCNT-2535692,null,null,null,null,null,null,R,null,R
QBYBLJHTEHMIGP-UHFFFAOYSA-N,[H]C=1N=C(C([H])=C(C1[H])C(=O)N([H])C2([H])C=3C([H])=C([H])C([H])=C([H])C3C([H])([H])C2([H])[H])N4C([H])=NC([H])=C4[H],OCNT-2535693,null,null,null,null,null,null,R,null,R
KWJSMLGDFNJFDG-UHFFFAOYSA-N,[H]C=1N=C([H])N(C1[H])C2=NC([H])=C([H])C(=C2[H])C(=O)N([H])C([H])([H])C3([H])C([H])([H])C([H])([H])S(=O)(=O)C3([H])[H],OCNT-2535694,null,null,null,null,null,null,R,null,R
OHDKEIMBJAPVQR-UHFFFAOYSA-N,[H]C=1N=C(C([H])=C(C1[H])C(=O)N([H])C([H])([H])C2([H])OC=3C([H])=C([H])C([H])=C([H])C3C2([H])[H])N4C([H])=NC([H])=C4[H],OCNT-2535695,null,null,null,null,null,null,R,null,R
USSXXNFTIIOUDG-UHFFFAOYSA-N,[H]C=1N=C(C([H])=C(C1[H])C(=O)N([H])C([H])([H])C2([H])C([H])([H])N(C=3C([H])=C([H])C([H])=C([H])C3[H])C([H])([H])C2([H])[H])N4C([H])=NC([H])=C4[H],OCNT-2535696,null,null,null,null,null,null,R,null,R
DIGRVLNWOITUJN-UHFFFAOYSA-N,[H]C=1C([H])=C(F)C([H])=C(C1[H])C([H])([H])C2([H])C([H])([H])C([H])([H])N(C(=O)C=3C([H])=C([H])C([H])=C4N([H])N=C([H])C43)C([H])([H])C2([H])[H],OCNT-2535700,null,null,null,null,null,null,R,null,R
GEYDCUDSXDUENK-UHFFFAOYSA-N,[H]C=1N=C([H])C(C(=O)N2C([H])([H])C([H])([H])C([H])(C([H])([H])C=3C([H])=C([H])C([H])=C(F)C3[H])C([H])([H])C2([H])[H])=C(N1)C([H])([H])C([H])([H])[H],OCNT-2535701,null,null,null,null,null,null,R,null,R
RFADLVBLBNWYRW-UHFFFAOYSA-N,[H]C=1N=C(C=2C([H])=C([H])C([H])=C(C2[H])N([H])C(=O)C=3C([H])=C([H])C([H])=C4OC([H])([H])OC43)N(C1[H])C([H])([H])[H],OCNT-2535702,null,null,null,null,null,null,R,null,R
SPSHBGKJKWGKHH-UHFFFAOYSA-N,[H]C=1N=C([H])C([H])=C(C1[H])N2N=C([H])C(=C2[H])C(=O)N3C([H])([H])C([H])([H])C([H])(C([H])([H])C3([H])[H])C([H])(N([H])C(=O)C4=C([H])N=C5N4C([H])([H])C([H])([H])C5([H])[H])C([H])([H])[H],OCNT-2535703,null,null,null,null,null,null,R,null,R
HXVPFDWDSDTTSE-UHFFFAOYSA-N,[H]C=1N=C(C([H])=C([H])C1[H])N(C([H])([H])[H])C([H])([H])C([H])([H])C([H])([H])N([H])C(=O)C2=NOC(=C2[H])C=3SC([H])=C([H])C3[H],OCNT-2535705,null,null,null,null,null,null,R,null,R
DZDXENYZKRWWPA-UHFFFAOYSA-N,[H]C=1C([H])=C(OC([H])([H])[H])C([H])=C(C1[H])C(=O)N2C([H])([H])C([H])([H])N(C(=O)C3=C([H])N=C(C([H])=C3[H])N([H])C4([H])C([H])([H])C4([H])[H])C([H])([H])C2([H])[H],OCNT-2535706,null,null,null,null,null,null,R,null,R
RWFMTTFMSFTYDP-UHFFFAOYSA-N,[H]OC(C([H])([H])[H])(C([H])([H])[H])C([H])([H])C(=O)N([H])C([H])([H])C=1C([H])=C([H])C([H])=C(C1[H])N2N=NC(=C2[H])C=3C([H])=C([H])C4=C([H])N=C([H])C([H])=C4C3[H],OCNT-2535708,null,null,null,null,null,null,R,null,R
ROEIPZQYACJARQ-UHFFFAOYSA-N,[H]OC([H])([H])C(N([H])C(=O)C=1C([H])=C([H])C(=C([H])C1[H])C=2C([H])=NN([H])C2[H])(C([H])([H])[H])C([H])([H])C=3C([H])=C([H])C([H])=C([H])C3OC([H])([H])[H],OCNT-2535712,null,null,null,null,null,null,R,null,R
BCOJQNDYKGDSKW-UHFFFAOYSA-N,[H]OC(=O)C(N([H])C(=O)C=1C([H])=C([H])C(=C([H])C1[H])C=2C([H])=NN([H])C2[H])(C([H])([H])[H])C([H])([H])C=3C([H])=C([H])C([H])=C([H])C3F,OCNT-2535713,null,null,null,null,null,null,N,null,R
RYXWZOWLCANEOY-UHFFFAOYSA-N,[H]C=1C([H])=C([H])C=2N([H])C(=NC2C1[H])C([H])(N([H])C(=O)C([H])([H])S(=O)(=O)C([H])([H])C([H])([H])[H])C([H])(C([H])([H])[H])C([H])([H])C([H])([H])[H],OCNT-2535715,null,null,null,null,null,null,R,null,R
HUGNWMRXMYQMAD-UHFFFAOYSA-N,[H]C=1C([H])=C([H])C=2N([H])C(=NC2C1[H])C([H])(N([H])C(=O)C([H])([H])N([H])C(=O)C([H])(C([H])([H])[H])C([H])([H])C([H])([H])[H])C([H])(C([H])([H])[H])C([H])([H])C([H])([H])[H],OCNT-2535717,null,null,null,null,null,null,R,null,R
DOMSXLVTHIWDNG-UHFFFAOYSA-N,[H]C=1N=C(N=C([H])C1[H])N2C([H])([H])C([H])([H])N(C(=O)C3=C([H])N=C(C([H])=C3[H])N([H])C4([H])C([H])([H])C4([H])[H])C([H])([H])C2([H])[H],OCNT-2535720,null,null,null,null,null,null,R,null,R
YMRPNHDRNWAFJV-UHFFFAOYSA-N,[H]C=1N=C([H])N(C1[H])C([H])([H])C([H])([H])C([H])([H])C([H])([H])N([H])C(=O)C([H])([H])N([H])C(=O)C=2C([H])=C(C([H])=C(C2[H])C([H])([H])[H])C([H])([H])[H],OCNT-2535724,null,null,null,null,null,null,R,null,R
HGUJPLVJHNCGPO-UHFFFAOYSA-N,[H]OC=1C([H])=C([H])C([H])=C([H])C1C(=O)N([H])C([H])([H])C2=C([H])C([H])=C(C(F)=C2[H])N3C([H])=NC([H])=C3[H],OCNT-2535725,null,null,null,null,null,null,R,null,R
DZEYODOFDOXEBZ-UHFFFAOYSA-N,[H]C=1N=C([H])N(C1[H])C2=C([H])C([H])=C(C([H])=C2F)C([H])([H])N([H])C(=O)C([H])([H])SC(C([H])([H])[H])(C([H])([H])[H])C([H])([H])[H],OCNT-2535726,null,null,null,null,null,null,R,null,R
AGKPKQIXODEXMV-UHFFFAOYSA-N,[H]OC=1C([H])=C([H])C([H])=C([H])C1C([H])([H])C([H])([H])C(=O)N([H])C([H])([H])C2=C([H])C([H])=C(C(F)=C2[H])N3C([H])=NC([H])=C3[H],OCNT-2535728,null,null,null,null,null,null,R,null,R
DCNQMYDCNBYKNX-UHFFFAOYSA-N,[H]C=1N=C([H])N(C1[H])C2=C([H])C([H])=C(C([H])=C2F)C([H])([H])N([H])C(=O)C3=C([H])C(Cl)=C4OC([H])([H])OC4=C3[H],OCNT-2535729,null,null,null,null,null,null,R,null,R
BLUQTPIYVZRMCH-UHFFFAOYSA-N,[H]C=1N=C2C([H])=C([H])C([H])=C([H])C2=C(C1[H])C(=O)N([H])C([H])([H])C3=C([H])C([H])=C(C(F)=C3[H])N4C([H])=NC([H])=C4[H],OCNT-2535730,null,null,null,null,null,null,R,null,R
SYGNILDAYOGBAE-UHFFFAOYSA-N,[H]C=1N=C([H])N(C1[H])C2=C([H])C([H])=C(C([H])=C2F)C([H])([H])N([H])C(=O)C([H])([H])OC([H])([H])C(=O)N([H])C([H])([H])C3=C([H])C([H])=C(C(F)=C3[H])N4C([H])=NC([H])=C4[H],OCNT-2535731,null,null,null,null,null,null,R,null,R
XYNADGGLDALKBZ-UHFFFAOYSA-N,[H]C=1N=C([H])N(C1[H])C2=C([H])C([H])=C(C([H])=C2F)C([H])([H])N([H])C(=O)C([H])([H])C3=C([H])C([H])=C(C([H])=C3[H])N4N=NN=C4[H],OCNT-2535732,null,null,null,null,null,null,R,null,R
JDKQFMVTCMWQJY-UHFFFAOYSA-N,[H]C=1N=C([H])C(=C([H])C1[H])C([H])([H])SC([H])([H])C(=O)N([H])C([H])([H])C2=C([H])C([H])=C(C(F)=C2[H])N3C([H])=NC([H])=C3[H],OCNT-2535733,null,null,null,null,null,null,R,null,R
YJEZLCBPSMHHEI-UHFFFAOYSA-N,[H]C=1N=C([H])N(C1[H])C2=C([H])C([H])=C(C([H])=C2F)C([H])([H])N([H])C(=O)C([H])([H])OC([H])([H])C(F)(F)F,OCNT-2535734,null,null,null,null,null,null,R,null,R
NJFMBQGRCMUABM-UHFFFAOYSA-N,[H]C=1N=C([H])N(C1[H])C2=C([H])C([H])=C(C([H])=C2F)C([H])([H])N([H])C(=O)C3=C([H])C(=NN3C([H])([H])[H])C([H])([H])[H],OCNT-2535736,null,null,null,null,null,null,R,null,R
KUBKVEWRTKQMEO-UHFFFAOYSA-N,[H]C=1N=C([H])N(C1[H])C2=C([H])C([H])=C(C([H])=C2F)C([H])([H])N([H])C(=O)N([H])C([H])([H])C3=C([H])C([H])=C(C([H])=C3[H])C(=O)N(C([H])([H])[H])C([H])([H])[H],OCNT-2535737,null,null,null,null,null,null,R,null,R
XTMPNZLSNOJPCM-UHFFFAOYSA-N,[H]C=1N=C([H])N(C1[H])C2=C([H])C([H])=C(C([H])=C2F)C([H])([H])N([H])C(=O)N([H])C([H])([H])C(=O)N([H])C([H])([H])[H],OCNT-2535738,null,null,null,null,null,null,R,null,R
KIYHLOCUJAIDOX-UHFFFAOYSA-N,[H]C=1N=C(OC([H])([H])C([H])([H])[H])C(=C([H])C1[H])C([H])([H])N([H])C(=O)N([H])C([H])([H])C2=C([H])C([H])=C(C(F)=C2[H])N3C([H])=NC([H])=C3[H],OCNT-2535739,null,null,null,null,null,null,R,null,R
XOLWPVSAEUFQJI-UHFFFAOYSA-N,[H]C=1N=C([H])N(C1[H])C2=C([H])C([H])=C(C([H])=C2F)C([H])([H])N([H])C(=O)N([H])C([H])([H])C=3C([H])=C([H])C([H])=C(C3[H])N([H])C(=O)C([H])([H])[H],OCNT-2535740,null,null,null,null,null,null,R,null,R
DTPDRVISUIINAK-UHFFFAOYSA-N,[H]C=1N=C([H])N(C1[H])C2=C([H])C([H])=C(C([H])=C2F)C([H])([H])N([H])C(=O)N([H])C([H])([H])C=3C([H])=C([H])C([H])=C(C3[H])C(=O)N([H])C([H])([H])C([H])([H])[H],OCNT-2535741,null,null,null,null,null,null,R,null,R
GHKDUBULJOTSMF-UHFFFAOYSA-N,[H]OC1=C([H])C([H])=C(C([H])=C1F)C([H])([H])N([H])C(=O)C2=C([H])C([H])=C(C(F)=C2[H])N3C([H])=NC([H])=C3[H],OCNT-2535744,null,null,null,null,null,null,R,null,R
SDXKHDJDJZBWJN-UHFFFAOYSA-N,[H]C=1C([H])=C([H])C2=C(C1[H])N([H])C(C=3C([H])=C([H])C(F)=C([H])C3[H])=C2C([H])([H])C([H])([H])C(=O)N([H])C4=NN([H])C([H])=C4[H],OCNT-2535745,null,null,null,null,null,null,R,null,R
SCGUSKMJDDLFPT-UHFFFAOYSA-N,[H]OC1=C([H])C([H])=C(C([H])=C1[H])C2([H])C([H])([H])N(C(=O)C=3C([H])=C([H])C=4N([H])C([H])=C([H])C4C3[H])C([H])([H])C2([H])[H],OCNT-2535746,null,null,null,null,null,null,R,null,R
ZYXJEDLTPGIXRH-UHFFFAOYSA-N,[H]C=1N=C([H])N(C1[H])C2=C([H])C([H])=C(C([H])=C2F)C([H])([H])N([H])C(=O)C=3C([H])=C([H])C=4N([H])N=NC4C3[H],OCNT-2535747,null,null,null,null,null,null,R,null,R
ZXXIGCQOYSVQBE-UHFFFAOYSA-N,[H]C=1N=C([H])C(=C([H])C1[H])C([H])(N([H])C(=O)C2=C([H])C([H])=C(C([H])=C2[H])C([H])([H])[H])C([H])([H])[H],OCNT-2535748,null,null,null,null,null,null,R,null,R
DFKUWBZCRWBFBD-UHFFFAOYSA-N,[H]C=1N=C([H])C(=C([H])C1[H])C([H])(N([H])C(=O)C=2C([H])=C([H])C([H])=C([H])C2[H])C([H])([H])[H],OCNT-2535749,null,null,null,null,null,null,R,null,R
LEBZWCJYLFQIKX-UHFFFAOYSA-N,[H]C=1N=C([H])C(=C([H])C1[H])C([H])(N([H])C(=O)C2=C([H])C(=C([H])C([H])=C2C([H])([H])[H])S(=O)(=O)N([H])C=3C([H])=C([H])C([H])=C([H])C3F)C([H])([H])[H],OCNT-2535750,null,null,null,null,null,null,R,null,R
XJBRIKMVJPSFNO-UHFFFAOYSA-N,[H]C=1N=C([H])C(=C([H])C1[H])C([H])(N([H])C(=O)C2=C([H])C([H])=C(C([H])=C2[H])S(=O)(=O)N([H])C3=C([H])C([H])=C(C(=C3[H])C([H])([H])[H])C([H])([H])[H])C([H])([H])[H],OCNT-2535751,null,null,null,null,null,null,R,null,R
HPHMKNZBEMPYIM-UHFFFAOYSA-N,[H]C=1C([H])=C([H])C=2N([H])C(=NC2C1[H])C([H])(N([H])C(=O)C([H])([H])OC([H])(C([H])([H])[H])C([H])([H])[H])C([H])(C([H])([H])[H])C([H])([H])C([H])([H])[H],OCNT-2535753,null,null,null,null,null,null,R,null,R
QDNGMDMPPXVWJW-UHFFFAOYSA-N,[H]C=1N=C([H])C([H])=C(C1[H])N2N=C(C([H])=C2[H])C(=O)N3C([H])([H])C([H])([H])C([H])(C([H])([H])C3([H])[H])C([H])(N([H])C(=O)C4=NN([H])C=5C([H])=C([H])C(F)=C([H])C45)C([H])([H])[H],OCNT-2535754,null,null,null,null,null,null,R,null,R
SYTRDJXUBLVVSS-UHFFFAOYSA-N,[H]OC(=O)C([H])(N([H])C(=O)C([H])([H])C([H])([H])OC([H])([H])C([H])([H])N1C(=O)C([H])=C([H])C1=O)C([H])([H])C2=C([H])C(I)=C(OC3=C([H])C([H])=C(O[H])C(I)=C3[H])C(I)=C2[H],OCNT-2535755,null,null,null,null,null,null,N,null,R
WKYHEHGKKDLBRU-UHFFFAOYSA-N,[H]C=1N=C([H])C([H])=C(C1[H])N([H])C(=O)C([H])([H])C([H])([H])C([H])([H])C2=C([H])N([H])C=3C([H])=C([H])C([H])=C([H])C32,OCNT-2535757,null,null,null,null,null,null,R,null,R
CDQCUPVHZNEFQP-UHFFFAOYSA-N,[H]C=1C([H])=C(C([H])=C([H])C1F)N([H])C(=O)C([H])([H])N2C([H])([H])C([H])([H])N(C3=NC(=C([H])C(=C3C#N)C([H])([H])[H])C([H])([H])[H])C([H])([H])C2([H])[H],OCNT-2535759,null,null,null,null,null,null,R,null,R
LYOAVHYUUXMMEH-UHFFFAOYSA-N,[H]C=1C([H])=C([H])C2=C(C1[H])C([H])([H])C(C([H])([H])[H])(C([H])([H])[H])C2([H])N([H])S(=O)(=O)C3=C([H])C(=C([H])C([H])=C3OC([H])([H])[H])C([H])([H])[H],OCNT-2535760,null,null,null,null,null,null,R,null,R
KDDXXHDAXWIDFL-UHFFFAOYSA-N,[H]C=1N=C([H])N(C1[H])C2=NC([H])=C([H])C(=C2[H])C(=O)N([H])C([H])([H])C3([H])C([H])([H])C([H])=C([H])C([H])([H])C3([H])[H],OCNT-2535761,null,null,null,null,null,null,R,null,R
SJOFEAYJCSETSO-UHFFFAOYSA-N,[H]C([H])=C(Br)C([H])([H])N([H])C(=O)C1=C([H])C(=C([H])N1[H])C=2N=C(SC2[H])C([H])([H])[H],OCNT-2535762,null,null,null,null,null,null,R,null,R
LTUDQJFGRMACGP-UHFFFAOYSA-N,[H]C=1C([H])=C([H])C(=C([H])C1[H])C([H])([H])N([H])C(=O)C2=C([H])C([H])=C(C([H])=C2[H])N3C([H])=NC=4C([H])=C([H])C([H])=C([H])C43,OCNT-2535763,null,null,null,null,null,null,R,null,R
GUXDQSOLXUVFEX-UHFFFAOYSA-N,[H]C=1N=C([H])C(=C([H])C1[H])C([H])([H])N([H])C(=O)C2=C([H])C([H])=C(C([H])=C2[H])N3C([H])=NC=4C([H])=C([H])C([H])=C([H])C43,OCNT-2535764,null,null,null,null,null,null,R,null,R
DTRMTQCFCBDOGO-UHFFFAOYSA-N,[H]C=1C([H])=C([H])C2=C(N=C([H])N2C3=C([H])C([H])=C(C([H])=C3[H])C(=O)N([H])C4=C([H])C([H])=C([H])C(=C4[H])C(=O)N([H])C([H])([H])C([H])([H])[H])C1[H],OCNT-2535765,null,null,null,null,null,null,R,null,R
JXCHQUUVGOJRKJ-UHFFFAOYSA-N,[H]C=1C([H])=C(C([H])=C(OC([H])([H])[H])C1OC([H])([H])[H])N([H])C(=O)C2=C([H])C([H])=C(OC([H])([H])[H])C(Br)=C2[H],OCNT-2535766,null,null,null,null,null,null,R,null,R
QTYUBSTUSLGHAD-UHFFFAOYSA-N,[H]C=1C([H])=C([H])C2=C(C1[H])C([H])([H])C([H])([H])C([H])([H])C2([H])N([H])S(=O)(=O)C3=C([H])C(=C([H])C([H])=C3OC([H])([H])[H])C([H])([H])[H],OCNT-2535767,null,null,null,null,null,null,R,null,R
DZFXOMRXESENLI-UHFFFAOYSA-N,[H]C=1C([H])=C([H])C2=C(SC([H])([H])C([H])([H])C2([H])N([H])S(=O)(=O)C3=C([H])C(=C([H])C([H])=C3OC([H])([H])[H])C([H])([H])[H])C1[H],OCNT-2535768,null,null,null,null,null,null,R,null,R
OBDRTDABZZJYNV-UHFFFAOYSA-N,[H]C=1C([H])=C([H])C=2SC(=NC2C1[H])N([H])C(=O)C3=C([H])C(OC([H])([H])[H])=C4OC([H])([H])C([H])([H])OC4=C3[H],OCNT-2535769,null,null,null,null,null,null,R,null,R
RXZOPUPVNNGHNG-UHFFFAOYSA-N,[H]C1=C([H])C=2SC(=C([H])C2C([H])=C1Cl)S(=O)(=O)N([H])C(=O)N([H])C([H])(C([H])([H])OC([H])([H])[H])C([H])([H])C([H])([H])[H],OCNT-2535770,null,null,null,null,null,null,R,null,R
GFLBMXPEJCZAIQ-UHFFFAOYSA-N,[H]C=1C([H])=C([H])C2=C(C1[H])C([H])([H])C([H])([H])N([H])C2([H])C([H])([H])N([H])C(=O)C3=C([H])C=4C(F)=C([H])C([H])=C([H])C4N3[H],OCNT-2535771,null,null,null,null,null,null,R,null,R
LUELAUJTIDGOGT-UHFFFAOYSA-N,[H]C=1N=C([H])N(C1[H])C([H])([H])C=2C([H])=C([H])C([H])=C(C2[H])C(=O)N(C3=C([H])C([H])=C(C([H])=C3[H])S(=O)(=O)C([H])([H])[H])C([H])([H])[H],OCNT-2535772,null,null,null,null,null,null,R,null,R
JPSHHOVFBYETDT-UHFFFAOYSA-N,[H]C=1C([H])=C([H])C=2N([H])C(=NC2C1[H])C([H])(N([H])C(=O)C([H])([H])N3C([H])=C([H])C(=O)C=4C([H])=C([H])C([H])=C([H])C43)C([H])(C([H])([H])[H])C([H])([H])C([H])([H])[H],OCNT-2535773,null,null,null,null,null,null,R,null,R
NBFPPDSKRLSWEK-UHFFFAOYSA-N,[H]C=1N=C(C([H])=C([H])C1C(=O)N2C([H])([H])C([H])([H])N(C([H])([H])C2([H])[H])C3([H])C([H])([H])C3([H])[H])N([H])C4([H])C([H])([H])C4([H])[H],OCNT-2535774,null,null,null,null,null,null,R,null,R
PVGFAMHQHVOWIM-UHFFFAOYSA-N,[H]C=1C([H])=C([H])C(=C(C1[H])C=2OC(=C([H])C2[H])C3([H])C(C(=O)OC([H])([H])[H])=C(N([H])C(=C3C(=O)OC([H])([H])[H])C([H])([H])[H])C([H])([H])[H])[N+](=O)[O-],OCNT-2535775,null,null,null,null,null,null,R,null,R
MCTRZKAKODSRLQ-UHFFFAOYSA-N,[H]C=1C([H])=C(C([H])=C(C1[H])C2([H])C(C(=O)OC([H])([H])[H])=C(N([H])C(=C2C(=O)OC([H])([H])[H])C([H])([H])[H])C([H])([H])[H])[N+](=O)[O-],OCNT-2535776,null,null,null,null,null,null,R,null,R
CKXAAXUYRZNYJP-UHFFFAOYSA-N,[H]C=1C([H])=C([H])C(=C(OC([H])([H])[H])C1[H])C2([H])C(C(=O)OC([H])([H])C([H])([H])[H])=C(N([H])C(=C2C(=O)OC([H])([H])C([H])([H])[H])C([H])([H])[H])C([H])([H])[H],OCNT-2535777,null,null,null,null,null,null,R,null,R
VFQXEYKTWNRSQE-UHFFFAOYSA-N,[H]C=1C([H])=C(C([H])=C([H])C1[N+](=O)[O-])C2([H])C(C(=O)OC([H])([H])[H])=C(N([H])C(=C2C(=O)OC([H])([H])[H])C([H])([H])[H])C([H])([H])[H],OCNT-2535778,null,null,null,null,null,null,R,null,R
JQYVYWKGLKWXMU-UHFFFAOYSA-N,[H]C=1C([H])=C([H])C2=C(C1[H])C([H])=C([H])C([H])=C2C3([H])C(C(=O)OC([H])([H])C([H])([H])[H])=C(N([H])C(=C3C(=O)OC([H])([H])C([H])([H])[H])C([H])([H])[H])C([H])([H])[H],OCNT-2535779,null,null,null,null,null,null,R,null,R
MLOXWFJWKSNEFB-UHFFFAOYSA-N,[H]C=1C([H])=C([H])C(=C(C1[H])C=2OC(=C([H])C2[H])C3([H])C(C(=O)OC([H])([H])C([H])([H])[H])=C(N([H])C(=C3C(=O)OC([H])([H])C([H])([H])[H])C([H])([H])[H])C([H])([H])[H])[N+](=O)[O-],OCNT-2535780,null,null,null,null,null,null,R,null,R
ZVYVOMJOBMQXDF-UHFFFAOYSA-N,[H]C=1N=C2C(=C([H])C1[H])C([H])=C([H])C([H])=C2C([H])([H])N3C(=O)N([H])C=4C([H])=C([H])C([H])=C([H])C4C3=O,OCNT-2535785,null,null,null,null,null,null,R,null,R
BIZWRKPRTALEGZ-UHFFFAOYSA-N,[H]C1=NN([H])C(=C1[H])C=2C([H])=C([H])C([H])=C(C2[H])N([H])C(=O)C=3SC(=NC3[H])C([H])([H])[H],OCNT-2535786,null,null,null,null,null,null,R,null,R
YLHGXCNUHMCAAZ-UHFFFAOYSA-N,[H]OC([H])([H])C([H])(N([H])C(=O)C1=C([H])C=2C(F)=C([H])C([H])=C([H])C2N1[H])C([H])([H])N([H])C(=O)C3([H])C=4C([H])=C([H])C([H])=C([H])C4C3([H])[H],OCNT-2535787,null,null,null,null,null,null,R,null,R
DLHHFYXNVIMXSY-UHFFFAOYSA-N,[H]C=1N=C([H])C2=C(C1[H])C([H])([H])N(C(=O)N([H])C([H])([H])C3([H])C([H])([H])C43C([H])([H])C([H])([H])N(C(=O)OC(C([H])([H])[H])(C([H])([H])[H])C([H])([H])[H])C([H])([H])C4([H])[H])C2([H])[H],OCNT-2535788,null,null,null,null,null,null,R,null,R
HFQKXZJLNCTZKT-UHFFFAOYSA-N,[H]C=1N=C([H])C([H])=C(C1[H])C([H])(OC(=O)N([H])C([H])([H])C2([H])C([H])([H])C32C([H])([H])C([H])([H])N(C(=O)OC(C([H])([H])[H])(C([H])([H])[H])C([H])([H])[H])C([H])([H])C3([H])[H])C([H])([H])[H],OCNT-2535793,null,null,null,null,null,null,R,null,R
LNATUTXDDFFCAO-UHFFFAOYSA-N,[H]C1=NC(=O)N(C([H])=C1[H])C([H])([H])C=2C([H])=C([H])C([H])=C(C2[H])N([H])C(=O)N([H])C([H])([H])C3=C([H])C([H])=C(C([H])=C3[H])N4C([H])=NC=5C([H])=C([H])C([H])=C([H])C54,OCNT-2535795,null,null,null,null,null,null,R,null,R
SPYQSXKSVXZMGL-UHFFFAOYSA-N,[H]C=1C([H])=C([H])C(=C([H])C1[H])C(=O)N([H])C([H])([H])C2=C([H])C([H])=C(C([H])=C2[H])N3C([H])=NC=4C([H])=C([H])C([H])=C([H])C43,OCNT-2535797,null,null,null,null,null,null,R,null,R
NPYMTVWOEKCYBC-UHFFFAOYSA-N,[H]C1=NN([H])C(=C1[H])C=2C([H])=C([H])C([H])=C(C2[H])N([H])C(=O)C=3SC(=NC3C([H])([H])[H])C([H])([H])C([H])([H])[H],OCNT-2535799,null,null,null,null,null,null,R,null,R
ONFHJCDDZWRYCM-UHFFFAOYSA-N,[H]C1=NC([H])=C2C([H])=C([H])C(=C([H])C2=C1[H])C=3N=NN(C3[H])C([H])([H])C(=O)N([H])C=4C([H])=C(Cl)C([H])=C(Cl)C4[H],OCNT-2535801,null,null,null,null,null,null,R,null,R
FTBFYEZBFASXNM-UHFFFAOYSA-N,[H]C=1N=C(C([H])=C([H])C1[H])C=2C([H])=NC(=C([H])C2[H])N([H])C(=O)N([H])C([H])([H])C3=C([H])C([H])=C(C(F)=C3[H])N4C([H])=NC([H])=C4[H],OCNT-2535802,null,null,null,null,null,null,R,null,R
LKHMLRTWBDHNIT-UHFFFAOYSA-N,[H]C=1N=C([H])C(=C([H])C1[H])C([H])([H])N2N=C(C([H])=C2[H])N([H])C(=O)C([H])([H])C=3C([H])=C([H])C([H])=C([H])C3OC([H])([H])[H],OCNT-2535804,null,null,null,null,null,null,R,null,R
RBJSXJXXKINGKA-UHFFFAOYSA-N,[H]C=1N=C([H])C(=C([H])C1[H])C([H])([H])N2N=C(C([H])=C2[H])N([H])C(=O)N([H])C=3C([H])=C([H])C([H])=C([H])C3Cl,OCNT-2535805,null,null,null,null,null,null,R,null,R
PGPXIARBWTYIGW-UHFFFAOYSA-N,[H]C=1N=C([H])C(=C([H])C1[H])C([H])([H])N2N=C(C([H])=C2[H])N([H])C(=O)N([H])C3=C([H])C([H])=C(OC([H])([H])[H])C([H])=C3[H],OCNT-2535808,null,null,null,null,null,null,R,null,R
FZTBDZWEDOVRFP-UHFFFAOYSA-N,[H]C=1N=C([H])C(=C([H])C1[H])C([H])([H])N2N=C(C([H])=C2[H])N([H])C(=O)N([H])C=3C([H])=C([H])C([H])=C([H])C3F,OCNT-2535809,null,null,null,null,null,null,R,null,R
MEQMJZOEHYDCQO-UHFFFAOYSA-N,[H]N([H])C(=O)C1=C([H])N=C(C([H])=C1[H])C(=O)N2C([H])([H])C([H])([H])C([H])(C([H])([H])C=3C([H])=C([H])C([H])=C(F)C3[H])C([H])([H])C2([H])[H],OCNT-2535810,null,null,null,null,null,null,R,null,R
MEPRZRJWPNAIHY-UHFFFAOYSA-N,[H]OC1=C([H])C([H])=C(C([H])=C1C(=O)N2C([H])([H])C([H])([H])C([H])(C([H])([H])C=3C([H])=C([H])C([H])=C(F)C3[H])C([H])([H])C2([H])[H])C([H])([H])C([H])([H])[H],OCNT-2535811,null,null,null,null,null,null,R,null,R
VCFQFPHACUNRAC-UHFFFAOYSA-N,[H]C=1N=C(C([H])=C([H])C1[H])N2N=C([H])C(=C2[H])C(=O)N3C([H])([H])C=4C([H])=C([H])C([H])=C(OC([H])([H])[H])C4C3([H])[H],OCNT-2535812,null,null,null,null,null,null,R,null,R
HKIGXXRMJFUUKV-UHFFFAOYSA-N,[H]OC([H])([H])C1([H])C([H])([H])N(C(=O)OC(C([H])([H])[H])(C([H])([H])[H])C([H])([H])[H])C([H])([H])C1([H])[H],OCNT-2535813,null,null,null,null,null,null,N,null,R
FRFKEOSMRYMHPT-UHFFFAOYSA-N,[H]N([H])C(=O)C(N([H])C(=O)C=1C([H])=C(OC([H])([H])[H])C([H])=C(OC([H])([H])[H])C1[H])(C=2C([H])=C([H])C([H])=C([H])C2[H])C([H])([H])[H],OCNT-2535814,null,null,null,null,null,null,R,null,R
IUUBNJJLZBNSNC-UHFFFAOYSA-N,[H]N([H])C(=O)C(N([H])C(=O)C=1C([H])=C([H])N=C([H])C1[H])(C=2C([H])=C([H])C([H])=C([H])C2[H])C([H])([H])[H],OCNT-2535815,null,null,null,null,null,null,R,null,R
GWWARNAMYLWFAV-UHFFFAOYSA-N,[H]C1=NN(C(=C1[H])N([H])C(=O)C([H])([H])C([H])([H])C=2C=3C([H])=C([H])C([H])=C([H])C3N([H])C2C=4C([H])=C([H])C(F)=C([H])C4[H])C([H])([H])[H],OCNT-2535816,null,null,null,null,null,null,R,null,R
OTTWXFWSWWLTQO-UHFFFAOYSA-N,[H]C=1N=C([H])N(C1[H])C2=C([H])C([H])=C(C([H])=C2F)C([H])([H])N([H])C(=O)C([H])([H])C=3C([H])=NN(C3[H])C([H])([H])[H],OCNT-2535817,null,null,null,null,null,null,R,null,R
YUECIVDTKKYMID-UHFFFAOYSA-N,[H]C=1C([H])=C([H])C(=C([H])C1[H])C([H])([H])N([H])C(=O)C2([H])C([H])([H])C([H])([H])C([H])(N([H])C(=O)C([H])([H])C3([H])C([H])([H])C([H])([H])C([H])([H])C3([H])[H])C([H])([H])C2([H])[H],OCNT-2535819,null,null,null,null,null,null,R,null,R
PMFHBNLDQVCDDX-UHFFFAOYSA-N,[H]C=1N=C(C([H])=C([H])C1[H])C([H])([H])N([H])C(=O)C2([H])C([H])([H])C([H])([H])C([H])(N([H])C(=O)C([H])([H])C3([H])C([H])([H])C([H])([H])C([H])([H])C([H])([H])C3([H])[H])C([H])([H])C2([H])[H],OCNT-2535820,null,null,null,null,null,null,R,null,R
IHQFZWWKWCJFSI-UHFFFAOYSA-N,[H]C=1N=C([H])C(=C([H])C1[H])C([H])([H])N([H])C(=O)C2([H])C([H])([H])C([H])([H])C([H])(N([H])C(=O)C([H])([H])C3([H])C([H])([H])C([H])([H])C([H])([H])C([H])([H])C3([H])[H])C([H])([H])C2([H])[H],OCNT-2535821,null,null,null,null,null,null,R,null,R
QOXBOCMHNFGBOB-UHFFFAOYSA-N,[H]C=1N=C(N=C(C1[H])C([H])([H])N([H])C(=O)C2([H])C([H])([H])C([H])([H])C([H])(N([H])C(=O)C([H])([H])C3([H])C([H])([H])C([H])([H])C([H])([H])C3([H])[H])C([H])([H])C2([H])[H])C([H])([H])[H],OCNT-2535823,null,null,null,null,null,null,R,null,R
DWQNAARBDYKTBP-UHFFFAOYSA-N,[H]C=1N=C([H])C([H])=C(C1[H])N([H])C(=O)C2([H])C([H])([H])C([H])([H])C([H])(N([H])C(=O)C([H])([H])C3([H])C([H])([H])C([H])([H])C([H])([H])C3([H])[H])C([H])([H])C2([H])[H],OCNT-2535824,null,null,null,null,null,null,R,null,R
BOGABBQKWLODMY-UHFFFAOYSA-N,[H]C=1N=C([H])C([H])=C(C1[H])N([H])C(=O)C2([H])C([H])([H])C([H])([H])C([H])(N([H])C(=O)C([H])([H])C3([H])C([H])([H])C([H])([H])C([H])([H])C([H])([H])C3([H])[H])C([H])([H])C2([H])[H],OCNT-2535825,null,null,null,null,null,null,R,null,R
