compound_id,endpoint,observed,calibrated_prediction,fold,scaffold_id
OCNT-0018684,CYP1A2,5.783014945,5.009789712542613,0,MURCKO::c1ccc2ccccc2c1
OCNT-0021943,CYP1A2,5.053625558,4.604608419868869,2,MURCKO::c1ccc2[nH]ccc2c1
OCNT-0022119,CYP1A2,5.40955026,4.90120296715655,2,MURCKO::c1ccc2c(c1)Sc1ccccc1N2CCCN1CCNCC1
OCNT-0022129,CYP1A2,3.86440727,4.675478605065054,0,MURCKO::c1ccc2c(c1)N=c1ccccc1=C(N1CCNCC1)N2
OCNT-0022130,CYP1A2,1.932731887,4.746714704503626,0,MURCKO::c1ccc2c(c1)N=c1sccc1=C(N1CCNCC1)N2
OCNT-0022141,CYP1A2,4.99798696,4.7072965180779685,3,MURCKO::c1ccc2c(c1)Sc1ccccc1N2CCC1CCCCN1
OCNT-0022246,CYP1A2,5.40455451,5.026462087904097,2,MURCKO::c1ccc2c(c1)Sc1ccccc1N2CCCN1CCNCC1
OCNT-0022254,CYP1A2,5.40609378,4.8169494563979915,4,MURCKO::c1ccc2c(c1)Nc1ccccc1S2
OCNT-0022266,CYP1A2,5.019858453,5.3447259821859925,4,MURCKO::c1ccc2c(c1)Nc1ccccc1S2
OCNT-0022268,CYP1A2,5.477508187,5.2296813351450036,2,MURCKO::c1ccc2c(c1)Sc1ccccc1N2CCCN1CCNCC1
OCNT-0022269,CYP1A2,4.861767925,4.939668275203707,3,MURCKO::c1ccc2c(c1)Sc1ccccc1N2CCCN1CCCCC1
OCNT-0022288,CYP1A2,5.388658353,4.855007451567273,2,MURCKO::c1ccc2c(c1)Sc1ccccc1N2CCCN1CCNCC1
OCNT-0022294,CYP1A2,5.038514985,4.9612844440421515,4,MURCKO::c1ccc2c(c1)Nc1ccccc1S2
OCNT-0022316,CYP1A2,2.131196685,4.709350236322464,4,MURCKO::O=C(C1CCCO1)N1CCN(c2ncc3ccccc3n2)CC1
OCNT-0200796,CYP1A2,2.132871568,4.567121826068972,3,MURCKO::c1ccc(NCc2cnc3ncncc3n2)cc1
OCNT-0283087,CYP1A2,5.844020868,4.738567532030654,0,MURCKO::O=C(c1cc2ccccc2[nH]1)N1CCn2cncc2C1
OCNT-0294781,CYP1A2,5.899677993,5.043202227677147,4,MURCKO::O=C(c1c[nH]c2ccccc12)N1CCc2n[nH]cc2C1
OCNT-0381046,CYP1A2,5.753405707,5.055338010453541,2,MURCKO::O=C(CCc1ccccc1)c1ccccc1
OCNT-0436875,CYP1A2,5.249563868,5.145267821150888,1,MURCKO::O=c1cc(-c2ccccc2)oc2ccccc12
OCNT-0476578,CYP1A2,5.62699618,4.763373083972327,0,MURCKO::[N+]=c1ccc2nc3ccccc3sc-2c1
OCNT-0476778,CYP1A2,5.85949227,5.507284056776068,2,MURCKO::c1ccc2[nH]c(-c3cscn3)nc2c1
OCNT-0478585,CYP1A2,5.595434417,5.298617799707256,3,MURCKO::c1ccc2nc3c(cc2c1)CCCC3
OCNT-0483505,CYP1A2,6.692482703,6.300557858048932,4,MURCKO::O=c1ccc2cc3ccoc3cc2o1
OCNT-0493792,CYP1A2,2.198138092,4.809251836085605,4,MURCKO::O=C1Cc2cc3n(c(=O)c2CO1)Cc1cc2ccccc2nc1-3
OCNT-0493842,CYP1A2,5.50240846,4.6543497527703055,0,MURCKO::c1ccc2scnc2c1
OCNT-0493904,CYP1A2,6.40645018,4.6281617043922045,3,MURCKO::c1ccc(OCC2CNCCO2)cc1
OCNT-0493927,CYP1A2,4.865116112,4.81939482389345,0,MURCKO::O=C1Nc2ccccc2C(C#CC2CC2)O1
OCNT-0493951,CYP1A2,5.353338098,4.485455736302436,0,MURCKO::O=C1c2ccccc2C(=O)c2ccccc21
OCNT-0494012,CYP1A2,5.802336085,5.630750143065417,4,MURCKO::O=C(Nc1ccccc1)c1cnoc1
OCNT-0494105,CYP1A2,5.820105097,4.810802572460001,0,MURCKO::c1ccc(Nc2ccccc2)cc1
OCNT-0494164,CYP1A2,4.601161295,4.762564598800854,4,MURCKO::O=C(Nc1ccc2[nH]cc(Cc3ccc(C(=O)NS(=O)(=O)c4ccccc4)cc3)c2c1)OC1CCCC1
OCNT-0495216,CYP1A2,5.301143663,4.868827044226986,3,MURCKO::c1ccc(CC2CCCCC2)cc1
OCNT-0495277,CYP1A2,4.98720785,5.194364912267659,4,MURCKO::O=C1c2c([nH]c3ccccc23)CCC1Cn1ccnc1
OCNT-0495303,CYP1A2,2.099860792,4.549476218995988,0,MURCKO::c1ccc2ncccc2c1
OCNT-0495682,CYP1A2,5.616129457,5.180694009320016,0,MURCKO::c1ccc2ncccc2c1
OCNT-0496475,CYP1A2,4.765568825,4.762320870791617,1,MURCKO::c1ccc(CN2CCc3sccc3C2)cc1
OCNT-0497719,CYP1A2,5.412951787,4.848299244952486,1,MURCKO::O=C(Cc1ccc(-c2ccccc2)cc1)Nc1ccccn1
OCNT-0497926,CYP1A2,5.295571237,4.410697601105001,0,MURCKO::O=C(c1ccccc1)c1ccc2n1CCC2
OCNT-0497946,CYP1A2,4.946983765,4.389474535526991,0,MURCKO::c1ccncc1
OCNT-0497954,CYP1A2,5.046060555,5.187646413397399,2,MURCKO::C=C1c2ccccc2Sc2ccccc21
OCNT-0497994,CYP1A2,1.96732382,4.556452905250893,0,MURCKO::C1=CC(c2ccccc2)C=CN1
OCNT-0498014,CYP1A2,6.994413592,5.425917736615994,0,MURCKO::C1=CC(c2ccccc2)C=CN1
OCNT-0498030,CYP1A2,5.100591315,5.073788305549355,2,MURCKO::O=C(Cc1cccc(C(=O)c2ccccc2)c1)Nc1ccccn1
OCNT-0498090,CYP1A2,6.540418253,5.371892547782456,0,MURCKO::C1=CC(c2ccccc2)C=CN1
OCNT-0498125,CYP1A2,5.464861375,5.453271736662661,4,MURCKO::C1=C2CCCCC2C2CCC3C(c4cccnc4)=CCC3C2C1
OCNT-0498126,CYP1A2,5.587237593,5.619122512017928,3,MURCKO::O=c1[nH]c2ccccc2o1
OCNT-0498430,CYP1A2,5.76834609,5.017548123883911,0,MURCKO::c1ccc(-c2cn3ccccc3n2)cc1
OCNT-1755349,CYP1A2,5.91949229,5.136945354945379,2,MURCKO::c1ccccc1
OCNT-1911800,CYP1A2,5.14513125,4.897901468499683,4,MURCKO::c1ccc(C2CCNCC2COc2ccc3c(c2)OCO3)cc1
OCNT-2308460,CYP1A2,5.041184842,5.500037322898773,0,MURCKO::O=C(Nc1cccc(-c2ncco2)c1)c1ccc2[nH]nnc2c1
OCNT-2308465,CYP1A2,5.402595805,5.253926718375412,4,MURCKO::c1ncc(Cc2nc(-c3ccc4c(c3)OCO4)no2)cn1
OCNT-2308468,CYP1A2,3.43026558,4.787891162817714,0,MURCKO::O=C(c1ccc2[nH]nnc2c1)N1CCCC(n2cccn2)C1
OCNT-2308470,CYP1A2,5.107489447,4.492909279929791,4,MURCKO::c1ccc(-c2cn(Cc3nccs3)nn2)cc1
OCNT-2308474,CYP1A2,6.01210488,4.685086924957799,2,MURCKO::O=C(Nc1ccccc1-c1ncc[nH]1)c1cc(-c2ccccc2)n[nH]1
OCNT-2308475,CYP1A2,4.999731902,5.103302105014302,0,MURCKO::O=S(=O)(Nc1cccc2[nH]ccc12)c1sccc1C1CC1
OCNT-2308476,CYP1A2,4.386259468,4.541281892877388,1,MURCKO::O=C(Nc1ccc2c(c1)NCC2)N1CCCCC1
OCNT-2308483,CYP1A2,5.34602963,5.1076486453853445,4,MURCKO::c1ccc2ncc(-c3c[nH]c4cnccc34)cc2c1
OCNT-2308499,CYP1A2,7.114525278,5.146952468849708,4,MURCKO::c1ccc(N2CC(Oc3cn[nH]c3)C2)cc1
OCNT-2308506,CYP1A2,4.867253745,4.854604674424479,0,MURCKO::O=C1CC2OCCC2(c2nc(-c3ccc4c(c3)CCC4)no2)CN1
OCNT-2308508,CYP1A2,5.176037263,5.2290392929492215,0,MURCKO::O=C(Nc1c[nH]nc1-c1ccccn1)c1cccc(-n2cccn2)c1
OCNT-2308510,CYP1A2,3.874486005,5.348166917991587,2,MURCKO::O=C(Nc1cccc(-c2nnn[nH]2)c1)c1cn[nH]c1
OCNT-2308519,CYP1A2,5.529981917,4.817288261126279,1,MURCKO::O=c1c2cncn2c2ccccc2n1CC1C2CCCCCC21
OCNT-2308520,CYP1A2,5.379134973,5.109407103864556,2,MURCKO::O=C(NCc1ccc(-n2ccnc2)nc1)NC1COc2ccccc21
OCNT-2308529,CYP1A2,5.021356355,4.698102926384346,4,MURCKO::O=C(Cc1cc[nH]n1)Nc1ccn2nccc2c1
OCNT-2308546,CYP1A2,5.416281745,5.099593904074546,1,MURCKO::O=C(Nc1c[nH]c2ccccc12)C1CC1c1cnc[nH]1
OCNT-2308553,CYP1A2,5.15728653,4.875678530928559,4,MURCKO::O=C(C1CCC1)N1CCCn2nc(-c3ccccc3)nc21
OCNT-2308554,CYP1A2,3.235258265,4.985238173390071,1,MURCKO::O=C(c1cnc2ccccn2c1=O)N1CCN(C2CC2)c2ccccc21
OCNT-2308562,CYP1A2,4.911011337,4.911897838363803,0,MURCKO::O=C(Nc1nc2ccccc2s1)C1CCCOC1
OCNT-2308571,CYP1A2,5.564723962,4.692818402243471,0,MURCKO::O=C(NCCc1nnc(-c2ccccc2)o1)c1ccccc1
OCNT-2308588,CYP1A2,5.273967155,5.115562527507203,2,MURCKO::c1ccc(Oc2ccnc(N3CCCNCC3)n2)cc1
OCNT-2308594,CYP1A2,5.990223753,5.365331240538511,0,MURCKO::O=C(Nc1cccc(-c2cccnc2)c1)NC1CC1
OCNT-2308597,CYP1A2,5.081854505,4.985009500006567,1,MURCKO::c1ccc2c(c1)[nH]c1ncnc(N3CCCCC3)c12
OCNT-2308600,CYP1A2,5.030569498,4.845022642105445,4,MURCKO::O=C(NCc1ccccc1)c1n[nH]c2ccccc12
OCNT-2308605,CYP1A2,4.189079855,5.202096395347951,0,MURCKO::O=C(Cc1cn[nH]c1)N1CCc2[nH]ncc2C1
OCNT-2308619,CYP1A2,3.255417185,5.044405850773743,3,MURCKO::O=C(NCC(=O)N1Cc2ccccc2C1)c1nn[nH]c1-c1ccccc1
OCNT-2308626,CYP1A2,2.508812232,4.4091284644181705,4,MURCKO::O=C(NC1CCOc2ccccc21)C1CCCO1
OCNT-2308632,CYP1A2,4.876318503,5.0998237085680564,0,MURCKO::c1ccc(CSc2nnc(NC3CC3)s2)cc1
OCNT-2308635,CYP1A2,5.796193795,4.864711874079033,2,MURCKO::O=C(NCc1ccccc1)C1CCc2[nH]ncc2C1
OCNT-2308638,CYP1A2,5.211921692,4.800915535544295,1,MURCKO::O=C(Nc1ccc(-c2cncnc2)cc1)C1CC2CC2C1
OCNT-2308646,CYP1A2,4.668175377,5.014325183759645,2,MURCKO::O=C1CNC(=O)N1CCc1c[nH]c2ccccc12
OCNT-2308649,CYP1A2,5.028129372,4.619084887302801,4,MURCKO::O=C(Cc1ccccc1)NCc1ccccc1-n1ccnc1
OCNT-2308682,CYP1A2,6.125472485,5.907517050903763,2,MURCKO::O=c1c2ccccc2c(-c2nc(Cn3cncn3)no2)nn1Cc1ccccc1
OCNT-2308693,CYP1A2,5.764120808,5.674009690162481,1,MURCKO::c1ccc(OCCSc2nnc(NC3CC3)s2)cc1
OCNT-2308707,CYP1A2,2.098388835,4.831711491630402,4,MURCKO::O=C(NCC12CC1COC21CCC1)c1cc(-c2ccco2)[nH]n1
OCNT-2308723,CYP1A2,4.741873508,4.488025680417641,2,MURCKO::c1ccc2c(CCNc3ncnc4[nH]cnc34)c[nH]c2c1
OCNT-2308740,CYP1A2,5.235968535,5.510789641500473,2,MURCKO::c1cnn(CC2CCC(Nc3nccc(-n4cccn4)n3)C2)c1
OCNT-2308747,CYP1A2,4.901963337,5.05658998309478,3,MURCKO::O=c1[nH]c(Cc2c[nH]c3ncccc23)nc2sccc12
OCNT-2308748,CYP1A2,4.508949242,4.768553273516594,0,MURCKO::O=C(Cc1ccccc1)N1CCN(c2ncccn2)CC1
OCNT-2308758,CYP1A2,3.942125723,5.108752067323016,3,MURCKO::O=C(Nc1cnn(-c2ccccc2)c1)NC(c1ccccc1)c1nnc[nH]1
OCNT-2308762,CYP1A2,3.794313387,4.855507891615062,4,MURCKO::O=C(Nc1ccc(OCc2ccccc2)cc1)c1cnn2cccnc12
OCNT-2308765,CYP1A2,3.86872516,4.811888875662286,4,MURCKO::O=C(NC1CCC(Cn2cccn2)C1)c1onc2ccccc12
OCNT-2308768,CYP1A2,5.177702333,4.688803305294364,0,MURCKO::O=C(Nc1nc2ccccc2n1-c1cc[nH]n1)C1CC1
OCNT-2308774,CYP1A2,5.206897602,4.665763311225797,1,MURCKO::O=C(NCc1ccccc1)c1cc(-c2ccccc2)[nH]n1
OCNT-2308786,CYP1A2,5.544890505,4.694088339215405,2,MURCKO::c1cc2ccc(-c3cnn(C4CCCCO4)c3)cc2[nH]1
OCNT-2308803,CYP1A2,4.948839665,4.806447327032441,0,MURCKO::O=S1(=O)CCC(CNc2ccccc2OCC2CCCCC2)C1
OCNT-2308808,CYP1A2,3.846529133,5.15998981220592,2,MURCKO::O=C(Cc1ccccn1)Nc1ncc[nH]1
OCNT-2308829,CYP1A2,5.310150098,4.919515875415394,0,MURCKO::O=C(COCc1ccncc1)N1CCCCC1
OCNT-2308837,CYP1A2,5.4050786,5.898942292414014,4,MURCKO::c1ccc(CCNCc2cccc(-n3ccnc3)c2)cc1
OCNT-2308847,CYP1A2,3.98482508,4.5875887856143365,2,MURCKO::O=C(NCC1CCNCC1)c1ccnc(N2CCCC2)n1
OCNT-2308854,CYP1A2,5.307070495,5.83656024375041,1,MURCKO::O=C(NCc1cccc(Cn2ccnc2)c1)c1cn2ccccc2n1
OCNT-2308855,CYP1A2,3.000227785,4.916897811388589,3,MURCKO::O=C(Nc1ccncc1)NC(c1ccccn1)C1CC1
OCNT-2308857,CYP1A2,5.046667327,4.637958252564969,0,MURCKO::O=C(Nc1ccc2c(c1)C(=O)NCC2)c1cccc(S(=O)(=O)Nc2ccccc2)c1
OCNT-2308859,CYP1A2,5.676891138,4.784024634838102,1,MURCKO::c1ccc(Nc2nc(C3COCCO3)cs2)cc1
OCNT-2308860,CYP1A2,6.142259447,4.758994592063609,4,MURCKO::O=C(Nc1ccccc1)c1ccccn1
OCNT-2308866,CYP1A2,4.71698677,4.845576982338289,2,MURCKO::O=C(NCC#CC1CCCCO1)c1cc2ccccc2[nH]1
OCNT-2308867,CYP1A2,2.183939,4.9320143075006255,3,MURCKO::c1ccc(Cn2cc(CC3CCCCC3)nn2)cc1
OCNT-2308870,CYP1A2,4.175317817,4.907464960388211,1,MURCKO::O=C(Nc1cc[nH]c1)c1ccc(N2CCC=N2)cc1
OCNT-2308871,CYP1A2,5.284392625,5.067442661838609,3,MURCKO::c1cn(C2CCC2)nc1-c1cn(CC2CC2)nn1
OCNT-2308896,CYP1A2,3.340069977,4.383960558158334,4,MURCKO::O=C(Nc1c[nH]nc1-c1ccccn1)c1cccnc1
OCNT-2308899,CYP1A2,6.44116655,4.422610952779922,3,MURCKO::c1ccc(CCNc2ccn(-c3ncccn3)n2)cc1
OCNT-2308900,CYP1A2,4.902761188,5.195356006108185,2,MURCKO::O=C(Nc1cccc(-n2cnnn2)c1)c1cnc2n1CCCC2
OCNT-2308903,CYP1A2,5.943690125,4.851919046621622,3,MURCKO::c1ccc(CCCn2cc(-c3cnc[nH]3)nn2)cc1
OCNT-2308905,CYP1A2,4.857112792,4.976589101398984,4,MURCKO::c1ccc(-c2cn(CC3COc4ccccc4O3)nn2)nc1
OCNT-2308908,CYP1A2,4.97390783,5.012464665415727,4,MURCKO::O=C1CC(Cc2nc(Cc3ccccc3)no2)c2ccccc2N1
OCNT-2308918,CYP1A2,5.307835752,4.659969530540019,4,MURCKO::O=C(CCC=Cc1ccccc1)Nc1coc2ccccc12
OCNT-2308924,CYP1A2,5.339429423,4.912462341733399,3,MURCKO::O=C(NC1CCC1)c1cccc(Nc2nccs2)c1
OCNT-2308925,CYP1A2,5.585823915,4.361265467115343,4,MURCKO::c1ccc2c(c1)CCCC2n1cc(-c2ncc[nH]2)nn1
OCNT-2308929,CYP1A2,5.10768271,5.134930230859559,1,MURCKO::c1cc(N(Cc2ccns2)CC2CCC2)ncn1
OCNT-2308945,CYP1A2,5.431624307,4.876703061440753,2,MURCKO::O=C(Nc1cn[nH]c1)N1CCc2ccccc21
OCNT-2308952,CYP1A2,5.513475127,5.008822046895158,2,MURCKO::c1ccc2c(c1)CCC2NCc1noc2c1COCC2
OCNT-2308958,CYP1A2,5.08100234,4.64106084658393,0,MURCKO::O=C(Nc1ccccc1)N1CCCC(C2CCCCO2)C1
OCNT-2308961,CYP1A2,5.253674242,4.791173719490482,1,MURCKO::c1c[nH]c(C2CCN(c3ncnc4ccsc34)CC2)n1
OCNT-2308965,CYP1A2,2.21598687,4.683459534577738,3,MURCKO::c1nc(N2CCCC2)cc(N2CCCC2)n1
OCNT-2308971,CYP1A2,5.017242875,4.627514598590682,3,MURCKO::O=C(NCc1ccc[nH]c1=O)NC(c1ccccc1)C1CCCC1
OCNT-2308975,CYP1A2,2.532522198,4.741426377543627,2,MURCKO::O=C1CN(S(=O)(=O)c2c[nH]c3ncccc23)CCN1
OCNT-2308989,CYP1A2,5.155951453,5.438432792193511,3,MURCKO::O=c1c2c(-c3cccs3)csc2ncn1Cc1ncno1
OCNT-2308995,CYP1A2,5.266856083,5.177742927071831,0,MURCKO::c1cncc(Cc2noc(CN3CCc4ccccc43)n2)c1
OCNT-2308998,CYP1A2,6.262584408,4.9843099412673855,4,MURCKO::O=C(Nc1ccccc1)c1cncc(-c2ccccc2)c1
OCNT-2309004,CYP1A2,4.85597139,5.4039783067114,4,MURCKO::O=C(Nc1cccnc1)N1CCCC(c2ccn[nH]2)C1
OCNT-2309014,CYP1A2,4.737715497,5.1309114005739245,4,MURCKO::O=C(NC1CCCc2ccccc21)c1cccc2[nH]c(=O)oc12
OCNT-2309025,CYP1A2,3.70103229,5.580603039499578,1,MURCKO::c1cc(N2CCCC2c2nnc[nH]2)nc(-n2cnc3ccccc32)c1
OCNT-2309038,CYP1A2,3.131129773,4.785948758100359,0,MURCKO::O=C(c1n[nH]c2ccccc12)N1CCOC2CCNCC21
OCNT-2309039,CYP1A2,3.434587342,5.120205579113585,0,MURCKO::O=C(NCCN1CCN(c2ccccn2)CC1)c1c[nH]c2cccnc12
OCNT-2309040,CYP1A2,5.328568543,5.011150306456421,0,MURCKO::O=C1COc2c(NCCCOc3ccccc3)cccc2N1
OCNT-2309042,CYP1A2,4.096998445,4.729153387506052,3,MURCKO::O=C(Nc1nnc[nH]1)c1ccn(-c2ccccc2)n1
OCNT-2309065,CYP1A2,5.617261335,5.6609856222116335,0,MURCKO::c1ccc2c(OCCCc3noc(Cc4cnoc4)n3)cccc2c1
OCNT-2309070,CYP1A2,5.78048507,5.0098163304218986,0,MURCKO::O=C(Nc1cn[nH]c1)c1ccccc1
OCNT-2309077,CYP1A2,5.30529893,4.754873084504718,0,MURCKO::O=C(CSc1nc2ccccc2c(=O)[nH]1)NC1CCCCC1
OCNT-2309093,CYP1A2,5.021856983,4.841111020708755,0,MURCKO::c1ccc(-c2cn(Cc3coc(C4CC4)n3)nn2)cc1
OCNT-2309109,CYP1A2,4.923873225,4.927545859172457,0,MURCKO::c1ccc(CCNC2CCc3ccccc32)cc1
OCNT-2309110,CYP1A2,5.114729933,4.9912214142870575,3,MURCKO::c1cncc(CNc2ccnc3ccnn23)c1
OCNT-2309111,CYP1A2,3.896427225,4.417611245014228,0,MURCKO::O=C(c1coc(C2CC2)n1)N1CCCc2cnccc21
OCNT-2309126,CYP1A2,3.40651477,4.9633387113068945,0,MURCKO::O=C(CC1(N2CCOCC2)CCCC1)NCc1ccccn1
OCNT-2309138,CYP1A2,5.58659819,5.394991124685588,3,MURCKO::c1ccc(Cc2noc(-c3ccn[nH]3)n2)cc1
OCNT-2309158,CYP1A2,4.362328292,4.807055293086107,4,MURCKO::O=C1CCc2ccc(NC(=O)c3cccc4[nH]ccc34)cc2N1
OCNT-2309179,CYP1A2,5.41586177,4.846591626779705,2,MURCKO::c1ccc(NCc2ccc(-n3ccnc3)cc2)nc1
OCNT-2309204,CYP1A2,4.947380695,4.808215694466872,1,MURCKO::c1ccc(-c2cn(C3CCOc4ccccc43)nn2)cc1
OCNT-2309232,CYP1A2,3.662160178,5.171995356416473,0,MURCKO::O=S(=O)(Nc1c[nH]nc1-c1ccco1)c1cnn(C2CCC2)c1
OCNT-2309238,CYP1A2,3.60950645,4.612003281018221,3,MURCKO::c1ncc(C2CCNCC2)[nH]1
OCNT-2309242,CYP1A2,4.07457127,4.54944469782315,0,MURCKO::O=C(NC1CCNCC1)NC1CCN(c2ccccc2)C1
OCNT-2309243,CYP1A2,5.328740902,4.754503491647066,2,MURCKO::O=C(c1ccc(-n2ccnc2)cc1)N1CCCCC1
OCNT-2309246,CYP1A2,4.57543194,5.331486312844144,4,MURCKO::O=C(c1cnc2ccccn12)N1CCN(C2CC2)c2ccccc21
OCNT-2309265,CYP1A2,4.013291025,4.846065028326144,0,MURCKO::c1cc(CCN2CCN(c3ncnc4[nH]ncc34)CC2)ccn1
OCNT-2309277,CYP1A2,6.30727257,5.073075952104895,3,MURCKO::O=C(NCc1ccccc1)c1cc2ccccc2s1
OCNT-2309286,CYP1A2,3.87610005,5.017848275496384,0,MURCKO::O=C(CNc1cccc(-n2cnnn2)c1)Nc1ccccc1
OCNT-2309292,CYP1A2,4.535458238,5.152182115217741,1,MURCKO::O=C(Cc1ccccc1)N1CCN(c2cc(C3CC3)n[nH]2)CC1
OCNT-2309302,CYP1A2,6.495533205,5.0755291876514566,3,MURCKO::O=C(NCC1C2Cc3ccccc3C12)c1cc2ccccc2[nH]1
OCNT-2309323,CYP1A2,3.809379935,5.179241249071604,1,MURCKO::O=C(Cn1cnnn1)N1CCN(C(=O)c2coc3ccccc23)CC1
OCNT-2309324,CYP1A2,4.751570948,4.408106280509479,0,MURCKO::c1ccc(OC2CCCN(c3ncnc4[nH]ncc34)C2)cc1
OCNT-2309355,CYP1A2,4.03319713,4.971615458257477,3,MURCKO::O=C(c1cccnc1)N1CCCC1c1nc2ccccc2[nH]1
OCNT-2309376,CYP1A2,4.346900945,4.836749266926058,3,MURCKO::O=C(Nc1c[nH]nc1-c1ccccc1)c1cccc(-c2ncn[nH]2)c1
OCNT-2309378,CYP1A2,4.734020822,4.8444459937202975,2,MURCKO::O=C(Nc1ccccc1)c1cccnc1
OCNT-2309390,CYP1A2,5.35283503,4.79288055632023,1,MURCKO::c1ccc(-c2cnc(SCc3nccs3)[nH]2)cc1
OCNT-2309396,CYP1A2,1.90962809,4.813338266934326,1,MURCKO::O=C1CCc2ccc(NC(=O)c3ccnc4[nH]ncc34)cc2N1
OCNT-2309399,CYP1A2,2.632390405,4.8197814836136015,0,MURCKO::O=C(NCc1ccccc1)N1CCC(Cn2cccn2)CC1
OCNT-2309430,CYP1A2,2.657626473,4.689926121753089,1,MURCKO::O=C1CCCCN1Cc1nc(-c2ccccn2)no1
OCNT-2309431,CYP1A2,2.222225958,4.404812596942667,4,MURCKO::O=C(Cc1csc(-c2ccccc2)n1)Nc1cc2n(n1)CCC2
OCNT-2309443,CYP1A2,4.876238563,5.0075196894008265,3,MURCKO::O=C1NCCN(C(=O)Nc2ccccc2)C1c1ccccc1
OCNT-2309444,CYP1A2,4.188894158,4.678611703651009,1,MURCKO::O=C(c1coc(C2CCCCC2)n1)N1CCCC(c2ccncn2)C1
OCNT-2309448,CYP1A2,5.825900875,5.284976261255121,1,MURCKO::c1cncc(COc2cccc(-c3noc(C4CCCCC4)n3)c2)c1
OCNT-2309449,CYP1A2,5.212759145,5.507987231694867,3,MURCKO::O=C(NCc1cccnc1)N1CCC(c2ccccc2)C1
OCNT-2309458,CYP1A2,5.260399738,5.216678655523993,2,MURCKO::O=C(c1cn2ccccc2n1)N1CCCC(c2cc[nH]n2)C1
OCNT-2309468,CYP1A2,3.588619277,5.023884749174707,2,MURCKO::O=C(NCCc1ccccn1)c1ccn[nH]1
OCNT-2309471,CYP1A2,4.94583745,5.125318101337976,2,MURCKO::O=C(Cc1cnn(Cc2ccccc2)c1)Nc1ncc(C2CCCCC2)cn1
OCNT-2309480,CYP1A2,3.941705128,4.8197334923530795,1,MURCKO::O=C(Nc1cccc(-c2nc(Cn3cnc4ccccc43)no2)c1)C1CCCO1
OCNT-2309491,CYP1A2,5.875974053,5.166693285003898,0,MURCKO::O=C(Cc1csc(-c2ccc3c(c2)OCO3)n1)NC1CCc2[nH]ncc2C1
OCNT-2309495,CYP1A2,4.300952497,5.048977850778233,3,MURCKO::O=C(Cc1ccccn1)Nc1ccc(-n2ccnc2)cc1
OCNT-2309500,CYP1A2,3.363730327,4.33014975800639,1,MURCKO::O=C(CC1CCC1)Nc1ccc2c(c1)CCC(=O)N2
OCNT-2309501,CYP1A2,5.200461928,4.760199309027994,4,MURCKO::O=C(Cc1cnn(Cc2ccccc2)c1)Nc1cc[nH]n1
OCNT-2309502,CYP1A2,5.15856721,4.790369066860277,1,MURCKO::O=C1CCc2cc(-c3ccccc3)cc3c2N1CCC3
OCNT-2309503,CYP1A2,5.269682055,5.201761758331205,4,MURCKO::O=C(Nc1cc[nH]n1)c1cccn1Cc1ccncc1
OCNT-2309511,CYP1A2,6.365419265,5.332589646747094,4,MURCKO::O=C(Nc1ccon1)C(NCCCn1ccnc1)c1ccccc1
OCNT-2309518,CYP1A2,4.999545695,4.611446494561077,0,MURCKO::O=C(Nc1ccccc1)N1CCN(c2cnccn2)CC1
OCNT-2309526,CYP1A2,2.645436473,4.8856064435951145,4,MURCKO::O=C(NCc1ccccc1)N1CCC(Oc2ccccn2)CC1
OCNT-2309532,CYP1A2,5.089029995,4.392962837965426,1,MURCKO::O=C(c1ccn(-c2ccccc2)n1)N1CCCc2ccccc21
OCNT-2309536,CYP1A2,5.18596381,5.131521329927327,0,MURCKO::O=C(Nc1cnc2ccccc2c1)C1CCCCC1
OCNT-2309544,CYP1A2,5.587521188,5.055613564960059,3,MURCKO::O=C(Cc1cnn(-c2ccccc2)n1)NCc1cccnc1
OCNT-2309576,CYP1A2,4.411497823,5.3152988036448905,0,MURCKO::O=C(C1CCSc2ccccc21)N1CCC(c2ccncn2)CC1
OCNT-2309586,CYP1A2,2.63697236,5.119343698908296,3,MURCKO::O=C(c1cscn1)N1CCC(c2nccs2)CC1
OCNT-2309593,CYP1A2,4.807199705,4.749661207054145,3,MURCKO::c1ccc(-c2nn(-c3ccccc3)cc2CNCCc2nc[nH]n2)cc1
OCNT-2309596,CYP1A2,6.39124083,4.944811966853484,0,MURCKO::O=C1NCC2(CCCC2)C(=O)N1CCc1ccccc1
OCNT-2309597,CYP1A2,3.614950857,4.686764290692484,4,MURCKO::O=C(NCc1cccnc1)c1ccno1
OCNT-2309598,CYP1A2,3.686655173,4.560034415420381,2,MURCKO::O=C(NCc1csc(-c2ccccc2)n1)NC1CCC1
OCNT-2309599,CYP1A2,5.153638547,4.86330068629212,1,MURCKO::O=C(Nc1[nH]ncc1-c1ccc2c(c1)OCCO2)c1ccn(-c2ccccc2)n1
OCNT-2309600,CYP1A2,4.52852544,4.508563627922083,0,MURCKO::O=c1[nH]c2ccccc2cc1CNC1CCOC1
OCNT-2309602,CYP1A2,4.777768225,4.623651892124456,3,MURCKO::O=S(=O)(Nc1ccn(-c2ccccn2)n1)c1ccccc1
OCNT-2309612,CYP1A2,5.372954847,4.70021642150865,0,MURCKO::O=S1(=O)CC(CSc2nnc(-c3ccccc3)[nH]2)C1
OCNT-2309619,CYP1A2,5.14139961,5.00465522032974,2,MURCKO::O=C(Nc1ccc2ccccc2n1)NC1CCCOC1
OCNT-2309623,CYP1A2,3.774960395,4.903677999940072,1,MURCKO::c1ccc(Cc2noc(CN3CCC(c4ccccc4)C3)n2)cc1
OCNT-2309630,CYP1A2,4.13112114,4.8281484957341725,2,MURCKO::O=C(NCc1ccccn1)Nc1ccc(Oc2ccccc2)cc1
OCNT-2309634,CYP1A2,5.619969043,4.841596922245635,1,MURCKO::O=C(Nc1ccc2cn[nH]c2c1)N1CC=C(c2c[nH]c3ccccc23)CC1
OCNT-2309635,CYP1A2,5.309551372,4.8464568014810006,0,MURCKO::O=C(Nc1ccc2nc(C3CC3)sc2c1)N1CCn2cncc2C1
OCNT-2309641,CYP1A2,4.320567018,4.714221687907172,3,MURCKO::O=C(Cc1cnn(-c2ccccc2)c1)N1CCc2ccccc21
OCNT-2309655,CYP1A2,2.492578865,4.700826166741568,3,MURCKO::O=C(NCCC1CCCCN1)NCc1cn(-c2ccccc2)nn1
OCNT-2309658,CYP1A2,4.17323028,4.801928091752366,3,MURCKO::O=C(Nc1cccc(-c2nc(-c3cnc4ccccn34)no2)c1)C1CCCO1
OCNT-2309659,CYP1A2,6.538059178,5.100157956748205,2,MURCKO::c1ccc(-c2nccc(Nc3cnn(-c4ccccn4)c3)n2)cc1
OCNT-2309661,CYP1A2,5.190142685,5.070653030584017,2,MURCKO::O=C(CSc1ncc(-c2ccccc2)o1)NCc1ccccc1
OCNT-2309664,CYP1A2,5.571034195,4.824188085486834,4,MURCKO::O=C(NCc1ccn(-c2ccccc2)n1)c1cc2ccccc2[nH]1
OCNT-2309665,CYP1A2,5.392889668,5.36650846053407,1,MURCKO::O=C(Nc1nc2ccccc2s1)c1cccn1Cc1ccncc1
OCNT-2309684,CYP1A2,3.929221478,5.295608233302252,1,MURCKO::c1cc(OCC2CC2)ncc1-c1noc(C23CCCN(CCC2)C3)n1
OCNT-2309695,CYP1A2,4.387167883,4.906071324682247,0,MURCKO::O=C(Nc1cc2ccccc2nn1)c1cc(-c2ccccc2)nc2[nH]ncc12
OCNT-2309734,CYP1A2,5.255905082,4.909324882570481,4,MURCKO::O=C(Nc1ccccc1)c1coc2c1C(=O)NCC2
OCNT-2309736,CYP1A2,5.024121013,4.922485715590413,1,MURCKO::O=C(CC1CCC1)NCc1nc(-c2ccccc2)cs1
OCNT-2309752,CYP1A2,4.53786015,4.754702823561643,1,MURCKO::C1=Nc2nc3cc4c(cc3n2C(c2cccc(OCc3ccccc3)c2)N1)OCCCO4
OCNT-2309757,CYP1A2,5.224100145,5.042695825842713,2,MURCKO::c1ccc(NCc2ncn3c2CCCC3)nc1
OCNT-2309758,CYP1A2,5.412610013,4.806478381617337,4,MURCKO::c1ccc2c3c([nH]c2c1)CCC(Nc1ncns1)C3
OCNT-2309765,CYP1A2,6.303200555,5.379651231873871,4,MURCKO::c1cc(-c2noc(-c3cn[nH]c3-c3ccc4c(c3)OCO4)n2)cs1
OCNT-2309780,CYP1A2,5.42342565,5.080993004838683,1,MURCKO::O=C(NCCc1c[nH]c2ccccc12)c1ccccn1
OCNT-2309782,CYP1A2,4.459346655,4.568579916491907,3,MURCKO::O=c1n(CCCOc2ccccc2)nnn1C1CCCC1
OCNT-2309787,CYP1A2,4.93336408,5.574733676597446,0,MURCKO::c1ccc(CNC2(c3ncccn3)CC2)cc1
OCNT-2309794,CYP1A2,5.402288363,4.886677610051277,3,MURCKO::c1[nH]nnc1-c1nc(CC2CC2)no1
OCNT-2309801,CYP1A2,5.83432212,4.929196907593837,4,MURCKO::O=C(c1cscn1)N1CCc2ccccc2C1
OCNT-2309804,CYP1A2,4.593093738,5.7211245100433,2,MURCKO::O=C(NCC1CC1)Nc1ccc(-n2ccnn2)cc1
OCNT-2309805,CYP1A2,4.939639675,4.720617911352365,1,MURCKO::O=C(c1cccc2[nH]ccc12)N1CCc2ccccc2C1
OCNT-2309809,CYP1A2,4.815146673,5.00076207312141,3,MURCKO::O=C(Cc1c[nH]c2ccccc12)N1CCc2oc(-c3ccccc3)cc2C1
OCNT-2309810,CYP1A2,4.237526648,4.953856054001819,3,MURCKO::O=C(C1CCN(c2nc3ccccc3o2)CC1)N1CCCC2(CCCc3ccccc32)C1
OCNT-2309811,CYP1A2,5.5868905,5.369780004207022,3,MURCKO::O=C(OCc1nc(Cc2ccccc2)no1)C(C1CC1)C1CC1
OCNT-2309836,CYP1A2,4.912275887,5.282346551711121,1,MURCKO::O=C(Nc1ccc(OCCN2CCCCC2)cc1)c1cccc(Cn2ccnc2)c1
OCNT-2309846,CYP1A2,5.503999183,5.092664404401771,4,MURCKO::O=C(CNC(=O)c1ccccc1)Nc1ccc(Cn2ccnc2)cc1
OCNT-2309850,CYP1A2,5.042702487,4.9935573900381645,2,MURCKO::O=C(NCc1cccc2[nH]ccc12)Nc1cccc(N2CCCC2)c1
OCNT-2309854,CYP1A2,4.007750837,4.797964844725583,1,MURCKO::O=C(CCc1c(-c2ccccc2)[nH]c2ccccc12)NCc1cc(=O)nc[nH]1
OCNT-2309866,CYP1A2,5.370652495,5.268574343295482,4,MURCKO::O=C(Nc1ccc(SCCN2CCCC2)cc1)c1cccc(Cn2ccnc2)c1
OCNT-2309871,CYP1A2,5.852009543,4.977347140798596,0,MURCKO::O=C1CCCC(C(=O)Nc2ccc(Oc3ccncc3)cc2)N1
OCNT-2309879,CYP1A2,5.027380925,4.747308421027519,2,MURCKO::O=C(Cc1c[nH]c2ncccc12)N1CCOc2ccccc21
OCNT-2309883,CYP1A2,5.031979407,4.821470992440869,4,MURCKO::c1cnn(C2CCCN(c3ncnc4[nH]ccc34)C2)c1
OCNT-2309897,CYP1A2,3.631932888,5.279424345152835,2,MURCKO::O=C1CCCN1Cc1ccc(NCc2cnn(-c3ccccc3)n2)cc1
OCNT-2309901,CYP1A2,5.512484602,5.0776260783729334,0,MURCKO::O=C(NCCc1c[nH]c2ccccc12)c1cncc2[nH]ccc12
OCNT-2309918,CYP1A2,2.801646928,4.5887583921812904,4,MURCKO::O=C(Nc1ccccc1)N1CCc2ccccc2C1
OCNT-2309929,CYP1A2,5.621801438,5.28815254643706,4,MURCKO::O=C(Cc1c[nH]c2ccccc12)Nc1ccccc1
OCNT-2309931,CYP1A2,4.631574237,5.463745385527727,0,MURCKO::O=C(NCc1cn(-c2ccccc2)nc1-c1ccncc1)Nc1c[nH]nc1-c1ccncc1
OCNT-2309935,CYP1A2,5.532844648,4.93932097854503,0,MURCKO::c1cc(C2CC2)ccc1OCc1cc2n(n1)CCCC2
OCNT-2309940,CYP1A2,6.960038212,4.997132333588064,4,MURCKO::c1ccc(COc2cccc3cc[nH]c23)cc1
OCNT-2309950,CYP1A2,5.480999648,4.627265730875386,4,MURCKO::O=C(NCCc1nc(-c2ccccc2)n[nH]1)c1ccccc1
OCNT-2309967,CYP1A2,5.199803552,4.982185689385597,4,MURCKO::O=C(NCc1cn[nH]c1)NCc1cnc(-c2ccccc2)s1
OCNT-2309977,CYP1A2,4.80178124,5.088787375439766,0,MURCKO::O=S(=O)(NC12CCCC1CNC2)c1ccccc1
OCNT-2309981,CYP1A2,5.127732293,4.800740817257289,1,MURCKO::O=c1ccc2ccccc2n1CC1CCC1
OCNT-2309991,CYP1A2,5.17612895,4.919999500802484,2,MURCKO::c1cnc(CCNc2ncnc3scnc23)cn1
OCNT-2309995,CYP1A2,3.955306943,4.693681206237888,2,MURCKO::O=C(c1cccc(S(=O)(=O)NCc2cc3n(n2)CCCC3)c1)N1CCCC1
OCNT-2310008,CYP1A2,5.28092029,4.916934290248902,2,MURCKO::c1c(-c2noc(C3CC4(CCC4)C3)n2)n[nH]c1C1CC1
OCNT-2310018,CYP1A2,5.32895928,4.977275563273021,4,MURCKO::c1ccc2c(c1)CCN(c1nccn3nccc13)CC2
OCNT-2310022,CYP1A2,5.471223128,4.738533418243118,3,MURCKO::O=C1COc2cc(-c3ccc4c(c3)CCOC4)ccc2N1
OCNT-2310028,CYP1A2,3.170949508,4.756290137119236,3,MURCKO::O=C(Nc1ccc(-n2ccnc2)cc1)c1ccccc1
OCNT-2310035,CYP1A2,5.83376288,5.189234636077061,0,MURCKO::O=C(Nc1ccccc1)N1CCc2cnccc2C1
OCNT-2310036,CYP1A2,5.809098493,5.24161492147406,1,MURCKO::O=C(Nc1ccccc1)c1coc(-c2ccccc2)n1
OCNT-2310045,CYP1A2,3.9816744,5.162781427679239,2,MURCKO::O=C(Cc1ccccc1)Nc1cc[nH]n1
OCNT-2310046,CYP1A2,4.89550261,5.030247514889284,1,MURCKO::c1ccc2c(N3CCOC4(CCCC4)C3)ncnc2c1
OCNT-2310055,CYP1A2,5.319163178,4.893704587919022,0,MURCKO::O=C1Cc2c(cccc2-c2ccc3c(c2)CCO3)N1
OCNT-2310081,CYP1A2,6.060211415,4.646395012432726,1,MURCKO::c1ccc(-c2nncs2)cc1
OCNT-2310083,CYP1A2,5.383637797,4.539069217297142,4,MURCKO::O=C(CC1CCNCC1)N1CCc2ccccc21
OCNT-2310084,CYP1A2,3.906673188,4.817152180035091,2,MURCKO::O=c1[nH]c2ccccc2c(=O)n1CCS(=O)(=O)NC1CC1
OCNT-2310088,CYP1A2,5.749697375,4.603344863270695,4,MURCKO::O=C(Nc1ccc(Oc2ccccc2)cc1)c1cccs1
OCNT-2310093,CYP1A2,4.994680215,5.039784948594451,3,MURCKO::O=C(NCc1cc(-c2ccccc2)on1)c1cccnc1
OCNT-2310094,CYP1A2,4.625363453,4.759885170034703,4,MURCKO::O=C(Nc1nc(-c2ccccc2)n[nH]1)c1cn[nH]c1
OCNT-2310098,CYP1A2,5.246580845,4.897703074413152,1,MURCKO::O=C(Nc1cc2c3c(c1)CCC(=O)N3CCC2)c1ccco1
OCNT-2310110,CYP1A2,3.754456368,4.652803665059851,4,MURCKO::O=C(NCCn1cccn1)c1ccc2c(c1)C(=O)NCCO2
OCNT-2310114,CYP1A2,6.077491923,4.741694816641821,3,MURCKO::c1ccc(-c2csc(Nc3ccc(Cn4cncn4)cc3)n2)cc1
OCNT-2310115,CYP1A2,4.944019035,4.605864094851393,0,MURCKO::c1ccc(-c2c[nH]cn2)cc1
OCNT-2310119,CYP1A2,4.85225406,4.660012637789792,3,MURCKO::O=c1[nH]c(SCCc2ccccc2)nc2ccccc12
OCNT-2310141,CYP1A2,3.85430554,4.915660155319203,1,MURCKO::O=C(NCCc1ccccc1)c1cn[nH]c1Cc1ccccc1
OCNT-2310144,CYP1A2,4.896674622,4.701589234722003,4,MURCKO::O=C(NC1CCN(C2CCNCC2)C1)c1cccc2ccccc12
OCNT-2310153,CYP1A2,5.743245413,4.690933225966582,0,MURCKO::O=C(NC1CCN(c2ccccc2)C1)c1cnn[nH]1
OCNT-2310158,CYP1A2,4.463285895,4.891810317469702,4,MURCKO::O=C(Nc1cccnc1)N1CCN(c2nncs2)CC1
OCNT-2310161,CYP1A2,5.715288297,5.522761987409951,2,MURCKO::c1ccc(C(NCc2ccc(-n3ccnc3)cc2)c2ncc[nH]2)cc1
OCNT-2310163,CYP1A2,5.006135698,4.930658332168135,3,MURCKO::O=C1CN(C(=O)c2ccc(-c3ccccc3)s2)CCCN1
OCNT-2310174,CYP1A2,5.016708087,4.86584697961519,3,MURCKO::c1ccc(-c2nnc(CN3CCn4c(cc5ccccc54)C3)o2)cc1
OCNT-2310175,CYP1A2,4.999786098,4.861424583518293,3,MURCKO::c1cnc(N2CCCCC2CC2CCC2)nc1
OCNT-2310178,CYP1A2,5.977034813,5.415872779396996,0,MURCKO::O=C(NCCc1ccccc1)c1c[nH]nc1-c1cccnc1
OCNT-2310181,CYP1A2,5.464100948,4.602010587796399,1,MURCKO::O=C1C2CCCCN2S(=O)(=O)N1CCC1CCc2ccccc21
OCNT-2310182,CYP1A2,4.66787877,4.605177633754023,0,MURCKO::O=C(c1nc[nH]n1)N1CCc2cc(-c3cscn3)ccc21
OCNT-2310186,CYP1A2,5.385603342,5.200171079051664,3,MURCKO::c1cc(N2CCN(c3nccs3)CC2)ncn1
OCNT-2310201,CYP1A2,2.82204377,4.863145597765918,2,MURCKO::O=c1cc(CNc2ccccc2)nc2ccccn12
OCNT-2310202,CYP1A2,6.267360323,5.163878686614768,1,MURCKO::c1cncc(-c2noc(-c3coc4ccccc34)n2)c1
OCNT-2310207,CYP1A2,5.171987592,4.794888439953252,3,MURCKO::O=S(=O)(Nc1ccccc1)c1ccccc1
OCNT-2310214,CYP1A2,5.464391818,5.120142033978713,3,MURCKO::c1ccc(NCc2c[nH]nc2-c2cccs2)cc1
OCNT-2310235,CYP1A2,4.303932018,4.813603627321895,3,MURCKO::O=C(Cc1ccccc1)OCc1cc(=O)n2ccccc2n1
OCNT-2310242,CYP1A2,6.372552588,5.395044408269115,3,MURCKO::O=C(Nc1cccc(Cc2ccccc2)c1)c1cccc(-n2ccnc2)n1
OCNT-2310250,CYP1A2,6.15710088,5.225782321081854,3,MURCKO::O=C(CCc1c(-c2ccccc2)[nH]c2ccccc12)Nc1ccon1
OCNT-2310256,CYP1A2,5.63280378,4.98328922712994,3,MURCKO::O=S(=O)(NCc1cn(-c2ccccc2)nc1-c1ccccc1)c1cccnc1
OCNT-2310258,CYP1A2,5.216356323,5.69646914656995,0,MURCKO::O=C(Cc1cn(-c2ccccc2)nc1-c1ccccc1)Nc1cccnc1
OCNT-2310260,CYP1A2,5.250553917,5.043766314391142,4,MURCKO::O=C(NCc1ccc(N2CCCC2)cc1)c1cnsc1
OCNT-2310262,CYP1A2,5.504600788,5.23708358689206,1,MURCKO::O=C(c1ccccc1)N1CCN(c2ccccn2)CC1
OCNT-2310283,CYP1A2,3.434480737,4.790487806989093,0,MURCKO::O=C(Cn1nnc2ccccc21)N1CCn2cccc2C1
OCNT-2310288,CYP1A2,5.570652172,5.555567678100989,2,MURCKO::O=C(Cc1ccccc1)NCc1nc2ccccc2s1
OCNT-2310298,CYP1A2,6.93558928,5.326519387814475,3,MURCKO::O=C(Nc1cccc(-c2nc3ccccc3s2)c1)c1ccncc1
OCNT-2310303,CYP1A2,3.669168845,4.769550253189948,0,MURCKO::c1ccc(-c2csc(Cn3ccnn3)n2)cc1
OCNT-2310316,CYP1A2,5.877808642,4.918890867157531,4,MURCKO::O=C(Nc1ccccc1)c1ccccn1
OCNT-2310317,CYP1A2,4.376919622,4.424393153004413,2,MURCKO::O=C1NCCc2ccc(S(=O)(=O)Nc3cccc4cc[nH]c34)cc21
OCNT-2310324,CYP1A2,5.3115665,4.9794817546232135,0,MURCKO::O=C(NCc1ccc(C2CC2)cc1)c1cc2occc2[nH]1
OCNT-2310327,CYP1A2,4.921241793,4.822348988211868,0,MURCKO::O=C(CN1C2CCC1CC2)N1N=C(c2ccccc2)CC1c1ccco1
OCNT-2310338,CYP1A2,3.445593937,4.648640074672629,4,MURCKO::O=C(c1[nH]c(=O)n2c1CCCC2)N1CCC(c2c[nH]c3ncccc23)CC1
OCNT-2310344,CYP1A2,6.310498873,5.467748242328775,2,MURCKO::O=C(NCc1cccs1)c1cc(-c2cscn2)c[nH]1
OCNT-2310345,CYP1A2,5.482208025,4.786510820574696,2,MURCKO::O=C(NCc1ccccc1)Nc1ccn(-c2ccccc2)n1
OCNT-2310353,CYP1A2,5.17906553,4.598841533485233,1,MURCKO::O=C(Nc1ccc2nc[nH]c2c1)c1ccc(C2CC2)cc1
OCNT-2310359,CYP1A2,4.893008052,5.024983651037902,4,MURCKO::O=C(c1cc(-c2cscn2)c[nH]1)N1CCc2[nH]ncc2C1
OCNT-2310365,CYP1A2,5.195463408,5.208254382210005,1,MURCKO::O=C(NCc1nnc(C2CC2)o1)Nc1ccn(-c2ccccc2)n1
OCNT-2310368,CYP1A2,7.069229052,4.800557982843343,3,MURCKO::O=C(NCCc1nc(-c2ccccc2)no1)c1ccccc1
OCNT-2310376,CYP1A2,2.100920668,4.497648074553675,2,MURCKO::O=S(=O)(c1ccc2ccccc2c1)N1CCCCC1
OCNT-2310380,CYP1A2,5.203664612,5.084142195426424,1,MURCKO::c1ccc2c(c1)sc1ncnc(NCC3CN(C4CC4)CCO3)c12
OCNT-2310393,CYP1A2,3.75245673,4.730500697983144,1,MURCKO::O=C(Nc1ccccc1N1CCOCC1)N1CCNc2ccccc2C1
OCNT-2310396,CYP1A2,3.641610983,4.557702112690813,1,MURCKO::O=C(Nc1cccc(OCC(=O)N2CCC(c3ccccc3)C2)c1)C1CC1
OCNT-2310409,CYP1A2,5.165969945,4.863375265649144,0,MURCKO::O=C(Nc1nc(C2CCOCC2)cs1)c1cc2n(n1)CCCC2
OCNT-2310411,CYP1A2,3.003373938,4.724720631037988,0,MURCKO::O=C(Nc1cnn(CC2CCCO2)c1)c1ccc2[nH]nnc2c1
OCNT-2310423,CYP1A2,3.659686757,5.3685932558154645,4,MURCKO::O=C(NCc1cccs1)N1CCN(c2ncnc3ccsc23)CC1
OCNT-2310433,CYP1A2,5.96082651,5.020684281351805,2,MURCKO::O=C(c1ccnc(-n2ccnc2)c1)N1CCOc2ccccc2C1
OCNT-2310436,CYP1A2,5.72623009,4.758926427143536,0,MURCKO::c1ccc(NCc2cccnc2)cc1
OCNT-2310447,CYP1A2,5.569518247,5.0534262571815995,4,MURCKO::O=C(NCc1ccc(-n2ccnc2)nc1)c1ccco1
OCNT-2310448,CYP1A2,5.011973475,4.9848993216375375,1,MURCKO::O=C(Cn1nnc(-c2ccccc2)n1)Nc1cccc(-c2nnn[nH]2)c1
OCNT-2310449,CYP1A2,6.25329774,4.724104167289955,3,MURCKO::O=C(Nc1cccc(-c2nc[nH]n2)c1)c1ccccn1
OCNT-2310451,CYP1A2,5.790230268,4.727909523023476,0,MURCKO::O=C(c1cc2ccccc2[nH]1)N1CCCC1
OCNT-2310458,CYP1A2,5.415105497,4.372543252748559,0,MURCKO::O=S(=O)(Nc1ccccc1)c1cc2ccccc2s1
OCNT-2310463,CYP1A2,5.91640629,5.695107361856279,0,MURCKO::O=C(Nc1cccc(-c2ncco2)c1)c1cnccn1
OCNT-2310481,CYP1A2,4.89869086,5.086586808059761,1,MURCKO::O=C(NCc1ccc(-n2ccnc2)cc1)NCc1cn[nH]c1
OCNT-2310488,CYP1A2,7.520682635,4.941026817458183,1,MURCKO::O=C(Cc1ccc2[nH]ncc2c1)NCc1cc2ccccc2o1
OCNT-2310507,CYP1A2,3.86336045,4.715177420843528,0,MURCKO::O=C(NCCN1CCOCC1)Nc1cc[nH]n1
OCNT-2310514,CYP1A2,5.17198792,5.479581993587926,3,MURCKO::O=C(NCCCc1ccccc1)NCc1cccc(-n2ccnc2)c1
OCNT-2310518,CYP1A2,4.956533548,5.110354199898955,1,MURCKO::O=C(NCCc1ccncc1)c1ccc(S(=O)(=O)Nc2ccccc2)cc1
OCNT-2310526,CYP1A2,4.21134372,4.86731687157453,3,MURCKO::O=C1NCCN1CC1CCN(C(=O)c2cc3cccnc3[nH]2)CC1
OCNT-2310534,CYP1A2,6.196405395,5.211536157996658,1,MURCKO::O=C(NCc1ccc2[nH]c(=O)[nH]c2c1)c1cccc(-c2cccs2)n1
OCNT-2310546,CYP1A2,4.88734002,4.5131465262645865,0,MURCKO::O=S(=O)(NC1CCCc2ccccc21)c1cc[nH]c1
OCNT-2310551,CYP1A2,4.043277885,4.6866353492245025,3,MURCKO::O=C(Nc1cccnc1)c1ccc(N2CCCCC2)nc1
OCNT-2310566,CYP1A2,5.582370968,4.793612901821584,2,MURCKO::c1ccc(OCc2ncon2)cc1
OCNT-2310581,CYP1A2,5.79079,5.415625006512711,4,MURCKO::O=C(NCc1ccc(-n2ccnc2)cc1)c1ccco1
OCNT-2310589,CYP1A2,2.216016635,4.9151520894602925,2,MURCKO::O=C(NCC1C2Cc3ccccc3C12)c1ccccc1
OCNT-2310598,CYP1A2,4.697340525,4.77498596148803,3,MURCKO::c1ccc(CCN2CCN(c3nc4cccnc4s3)CC2)cc1
OCNT-2310605,CYP1A2,5.76041133,5.094990527279926,2,MURCKO::O=C(NCc1ccc(-n2ccnc2)nc1)c1ccccc1
OCNT-2310606,CYP1A2,5.64305967,4.697700535663999,1,MURCKO::O=C(NCCc1ccn(-c2ccccc2)n1)c1ccccc1
OCNT-2310610,CYP1A2,4.411099625,4.466108353270267,1,MURCKO::O=C(NCCc1nc(-c2ccccc2)n[nH]1)c1ccc(=O)[nH]c1
OCNT-2310650,CYP1A2,5.152074687,4.951871749024024,4,MURCKO::c1cc(-c2cc(C3CCN(c4cnccn4)CC3)n[nH]2)ccn1
OCNT-2310664,CYP1A2,4.98410006,4.498587203861164,4,MURCKO::c1ccc(-c2nnc3ccc(Nc4cn[nH]c4)nn23)cc1
OCNT-2310670,CYP1A2,5.914179695,4.9511134685232445,4,MURCKO::O=c1cc(CNc2ccccc2)nc2sccn12
OCNT-2310674,CYP1A2,4.940760365,4.970165924217737,4,MURCKO::O=C(NCCc1cnn(-c2ccccc2)c1)c1ccn[nH]1
OCNT-2310682,CYP1A2,5.41471833,4.785984201463806,1,MURCKO::O=C(NCC1CCC1)c1cc2ccccc2[nH]1
OCNT-2310684,CYP1A2,4.902856362,4.561639694403696,3,MURCKO::O=C(NC1CC(c2ccccc2)C1)c1ccccc1
OCNT-2310685,CYP1A2,4.741125927,4.73831628272565,1,MURCKO::O=C(NCC1CCC2(CCCC2)O1)Nc1cc[nH]n1
OCNT-2310686,CYP1A2,4.579245375,4.627109808856801,4,MURCKO::O=C1CCc2ccc(OCC(=O)N3CCCc4ccccc43)cc2N1
OCNT-2310699,CYP1A2,5.026189213,4.75607579236613,0,MURCKO::c1cncc(-c2cc(N3Cc4ccccc4C3)ncn2)c1
OCNT-2310706,CYP1A2,5.77169407,4.846434917601066,4,MURCKO::c1ccc(NC2CCCN(c3ncccn3)C2)cc1
OCNT-2310716,CYP1A2,5.197002985,5.072897334722633,1,MURCKO::O=C(Nc1cc2n(n1)CCCC2)c1cnn2cccnc12
OCNT-2310728,CYP1A2,4.832677073,4.661436595625402,3,MURCKO::O=S(=O)(c1cccnc1)N1CCCC1
OCNT-2310736,CYP1A2,5.9101339,4.985179661919589,0,MURCKO::O=C1COc2cc(NC(=O)NCc3ccc(-n4ccnc4)cc3)ccc2N1
OCNT-2310751,CYP1A2,3.4110217,4.716787802540317,0,MURCKO::O=C(Nc1ccc(Nc2ncccn2)cc1)c1cnc(C2CC2)nc1
OCNT-2310758,CYP1A2,4.905596782,5.107734752432943,0,MURCKO::O=c1[nH]ccnc1N1CCN(c2ccccn2)CC1
OCNT-2310764,CYP1A2,4.384629138,5.020815025269448,2,MURCKO::O=C(c1ccn[nH]1)N1CCC(COc2ccccc2)CC1
OCNT-2310779,CYP1A2,5.745007975,5.319828676369975,0,MURCKO::O=C(NCc1ccncn1)c1c[nH]c2ccccc2c1=O
OCNT-2310785,CYP1A2,5.972145937,5.579016769768761,4,MURCKO::O=C(Nc1ccc2c[nH]nc2c1)c1csc(-c2ccccn2)n1
OCNT-2310791,CYP1A2,6.06209163,4.601671777909013,3,MURCKO::O=C1CNCCN1C1CCCN(c2ccccc2)C1
OCNT-2310795,CYP1A2,6.155750862,5.01252226906666,1,MURCKO::O=C1COc2c(cccc2NC(=O)c2ccccc2)N1
OCNT-2310796,CYP1A2,6.640890918,4.935364389146032,3,MURCKO::O=C(Nc1cccnc1)c1cc2c(s1)CCCCC2
OCNT-2310798,CYP1A2,4.101697635,4.9996162860919515,4,MURCKO::O=C(NCC1(c2ccccc2)CC1)N1CCC(c2ccn[nH]2)CC1
OCNT-2310801,CYP1A2,4.5183961,4.698981084592921,4,MURCKO::O=C(CN1CCN(c2ccccn2)CC1)Nc1ccc2cn[nH]c2c1
OCNT-2310816,CYP1A2,3.778090123,4.818906595949709,0,MURCKO::c1ccc(N2CCC(Nc3ccncn3)C2)nc1
OCNT-2310825,CYP1A2,4.53820148,4.919321649095963,3,MURCKO::O=C(NC1COc2ccccc2C1)c1cccnc1
OCNT-2310827,CYP1A2,5.020298527,4.853351985091223,1,MURCKO::O=C(NC1CCOc2ccccc21)c1ccc(N2CCCC2)nn1
OCNT-2310828,CYP1A2,4.457987065,4.698267825731275,4,MURCKO::O=C(Nc1cccc(-c2nnc[nH]2)c1)c1ccsc1
OCNT-2310831,CYP1A2,3.170170773,4.859303344041518,4,MURCKO::O=C(Nc1ccccn1)C1CCN(c2ccncn2)CC1
OCNT-2310835,CYP1A2,5.468948873,4.593805770300426,1,MURCKO::O=C(Nc1ccccc1)c1cccs1
OCNT-2310840,CYP1A2,5.460887015,4.763164613516283,2,MURCKO::O=S1(=O)CCC(c2csc(-c3ccc4c(c3)OCCO4)n2)C1
OCNT-2310853,CYP1A2,6.620301305,5.069871934181789,2,MURCKO::O=C1NCCC1C(=O)Nc1ccc(Oc2ccncc2)cc1
OCNT-2310878,CYP1A2,5.270082415,5.411299689217898,4,MURCKO::O=C(Nc1ccccc1)c1ccccn1
OCNT-2310880,CYP1A2,4.837814748,4.757564849317319,1,MURCKO::O=C(Nc1ccccc1)C1Cc2ccccc2O1
OCNT-2310884,CYP1A2,5.150444082,4.715068147444354,0,MURCKO::c1ccc(-c2nnc(SCCN3CCCCC3)o2)cc1
OCNT-2310888,CYP1A2,5.09731991,5.064180046908833,1,MURCKO::c1ccc(-c2noc(C3CCOCC3)n2)cc1
OCNT-2310890,CYP1A2,5.584006195,5.201312365356632,3,MURCKO::O=C(NCc1ccc(-n2ccnc2)nc1)Nc1ccccc1
OCNT-2310900,CYP1A2,4.336831935,4.778527973543687,0,MURCKO::O=S(=O)(c1ccccc1)N1CCOC(C2CCC2)C1
OCNT-2310905,CYP1A2,5.428192405,4.9512633002277475,0,MURCKO::O=C1COc2c(cccc2C(=O)NC2COc3ccccc3C2)N1
OCNT-2310913,CYP1A2,5.84268185,5.509569471010171,1,MURCKO::O=C(Nc1cn(Cc2ccccc2)nn1)c1ccc(Cn2ccnc2)cc1
OCNT-2310919,CYP1A2,5.380215127,4.971071283364688,1,MURCKO::O=C(NCc1nccs1)c1ccn(-c2ccccc2)n1
OCNT-2310923,CYP1A2,5.323121803,5.076660479778316,0,MURCKO::O=C(Nc1ccc2c(c1)CCCO2)c1cscn1
OCNT-2310932,CYP1A2,6.030363112,5.069011709169306,4,MURCKO::O=C(Nc1cccnc1)c1ccccc1
OCNT-2310937,CYP1A2,5.447608275,4.670770894041732,1,MURCKO::c1ccc(OCc2nc(-c3ccccc3)cs2)cc1
OCNT-2310942,CYP1A2,5.535560795,4.8535555797453656,0,MURCKO::c1ccc2c(N3CC(n4cccn4)C3)ncnc2c1
OCNT-2310944,CYP1A2,3.258222873,5.266250849430483,3,MURCKO::c1csc(CN2CCN(c3ncnc4[nH]ccc34)CC2)c1
OCNT-2310948,CYP1A2,5.216991705,4.680095350710511,4,MURCKO::O=C(NCc1cccc(N2CCOCC2)n1)c1cnc2[nH]c(=O)[nH]c2c1
OCNT-2310953,CYP1A2,4.204215843,4.956400239666926,1,MURCKO::O=C(c1cccc2[nH]cnc12)N1Cc2ccccc2C2(CC2)C1
OCNT-2310956,CYP1A2,4.399326245,5.174227839308734,3,MURCKO::c1cc(C2CCN(c3ccc4ncnn4n3)CC2)ncn1
OCNT-2310962,CYP1A2,5.41027239,4.5363449693879865,4,MURCKO::O=C(Nc1cccc2cccnc12)c1ccccc1
OCNT-2310967,CYP1A2,4.90679488,5.070560782598827,0,MURCKO::O=C(NCc1ccncc1)c1cnc2cccnn12
OCNT-2310968,CYP1A2,4.326796585,4.97075383797613,4,MURCKO::O=C(NCc1ccc(Cn2cncn2)cc1)N1CCCC2(CCOCC2)C1
OCNT-2310978,CYP1A2,6.124094282,5.041710911192885,4,MURCKO::c1ccc(Nc2ncnc3[nH]ncc23)cc1
OCNT-2310979,CYP1A2,4.711638955,5.13016276737799,0,MURCKO::O=C(Nc1cnn(-c2ccccc2)c1)c1ccc(-n2cncn2)cc1
OCNT-2310981,CYP1A2,5.367563265,5.083205378004312,2,MURCKO::c1ccc(CC2CCN(c3nccn4cnnc34)CC2)cc1
OCNT-2310983,CYP1A2,4.515012138,4.706166750637875,3,MURCKO::O=C(Cn1cnnn1)N1CCN(C(=O)Nc2ccc3ncccc3c2)CC1
OCNT-2310986,CYP1A2,6.182241923,4.590058076736812,3,MURCKO::O=C(NCc1ccccn1)c1cc2ccccc2c(=O)o1
OCNT-2310988,CYP1A2,5.26948247,5.102164260721886,0,MURCKO::O=C(Cc1c[nH]c2ncccc12)NCc1ccc(-n2ccnc2)cc1
OCNT-2310993,CYP1A2,3.816379915,5.0931156953211705,2,MURCKO::O=C(Cc1noc2ccccc12)Nc1cncnc1N1CCCC1
OCNT-2310994,CYP1A2,4.889479397,4.801852940973614,0,MURCKO::O=C(NC1CCOc2ccccc21)c1ccn[nH]1
OCNT-2310997,CYP1A2,3.778208625,4.572228058843064,2,MURCKO::O=C(NCc1ccc(N2CCNCC2)nc1)N1CCC(Cc2ccccc2)C1
OCNT-2311003,CYP1A2,3.827603117,5.44485696545656,1,MURCKO::O=C(Nc1ccc(-c2nnn[nH]2)cc1)c1cn2ccccc2n1
OCNT-2311017,CYP1A2,5.157979098,4.677808966276492,2,MURCKO::O=C(NC1CC1)c1ccccc1
OCNT-2311021,CYP1A2,5.67066984,4.905960755192862,3,MURCKO::O=C(CCC1OCCO1)NCc1ccc(-c2cccs2)cc1
OCNT-2311030,CYP1A2,5.26911858,4.502487849901505,3,MURCKO::O=C(Cc1ccccc1)Nc1ccc2c(c1)C(=O)NCC2
OCNT-2311032,CYP1A2,3.67292722,4.9050287871563345,3,MURCKO::c1ccc2c(NC3CCN(c4ccncn4)CC3)ncnc2c1
OCNT-2311055,CYP1A2,4.180272677,4.579639934803462,3,MURCKO::O=C(NC1CNC1)c1ccc(-c2ccccc2)[nH]1
OCNT-2311058,CYP1A2,4.408572057,5.354636230292279,3,MURCKO::O=C(NC1CCCC1Oc1cn[nH]c1)c1ccncc1
OCNT-2311061,CYP1A2,5.888317802,4.869785057902158,1,MURCKO::O=c1cc(CSc2ccnc(-c3ccccn3)n2)cc[nH]1
OCNT-2311071,CYP1A2,2.120016,4.756683520578456,0,MURCKO::O=C(c1ccnc2oncc12)N1CCC(n2c(=O)[nH]c3ccccc32)CC1
OCNT-2311083,CYP1A2,4.965834915,4.969985972658623,4,MURCKO::O=C(NCCNC(=O)c1cccc(-c2cccs2)n1)NC1CCCCC1
OCNT-2311086,CYP1A2,5.13098404,4.701492671743682,2,MURCKO::c1ccc(NC2CCCN(c3ncnc4[nH]nnc34)C2)cc1
OCNT-2311088,CYP1A2,5.744338573,4.9799588047147125,2,MURCKO::c1ccc2[nH]c(-c3noc(C4CC5CCC4O5)n3)cc2c1
OCNT-2311091,CYP1A2,5.19945139,5.243250177523514,4,MURCKO::O=C(NCc1cccnc1)c1cc(-c2ccccc2)n[nH]1
OCNT-2311094,CYP1A2,4.89111082,5.006432119721142,2,MURCKO::c1cncc(CNc2ncnc3c2CCCC3)c1
OCNT-2311111,CYP1A2,4.937395183,4.761138621067237,4,MURCKO::c1cc(C2CCC2)ccc1-c1ccc2c(c1)CCN2
OCNT-2311121,CYP1A2,4.94613967,4.916754970910001,0,MURCKO::O=C(NCc1ccccc1)c1cccc(-c2ccncc2)n1
OCNT-2311123,CYP1A2,5.943869013,4.701505781955698,2,MURCKO::c1ccc(Cn2cc(-c3ccc4cn[nH]c4c3)nn2)cc1
OCNT-2311133,CYP1A2,5.152543565,4.752445644747609,1,MURCKO::c1ccc(COc2cncc(N3CCNCC3)n2)cc1
OCNT-2311135,CYP1A2,3.527385155,4.784277785704669,0,MURCKO::c1ccc(-n2cc(Cn3cccn3)cn2)cc1
OCNT-2311136,CYP1A2,5.130911812,4.775793670845335,4,MURCKO::O=C(NCc1ccn(C2CCCC2)n1)c1cc2ccccc2o1
OCNT-2311148,CYP1A2,4.59512341,5.11853965010555,0,MURCKO::c1ccc(-n2cc(CN3CCC(Oc4ccncc4)CC3)nn2)cc1
OCNT-2311155,CYP1A2,4.924306595,5.015619512724062,2,MURCKO::c1ccc(-c2nc(CNCc3ccn[nH]3)cs2)cc1
OCNT-2311159,CYP1A2,3.81494932,4.586643130977136,2,MURCKO::O=C(Nc1ccccc1)C1CCCN(c2ncnc3sccc23)C1
OCNT-2311166,CYP1A2,4.466695553,5.4823335322975435,2,MURCKO::O=C(Nc1cccc(-c2nnc[nH]2)c1)c1cc[nH]n1
OCNT-2311179,CYP1A2,6.361276157,4.683186232294556,0,MURCKO::O=c1[nH]cnc2ccc(-c3ccccc3)cc12
OCNT-2311187,CYP1A2,5.221296835,5.029146322867201,3,MURCKO::O=S(=O)(NCCc1cccc2ccccc12)c1ccccc1
OCNT-2311203,CYP1A2,1.979960085,4.5524021228121345,2,MURCKO::O=C(NCC1CCOC1c1ccccc1)c1ccc2c(=O)[nH]c(=O)[nH]c2c1
OCNT-2311204,CYP1A2,4.705323017,5.051207648904058,2,MURCKO::O=C(c1cc[nH]c1)N1CCN(c2nc3ccccc3s2)CC1
OCNT-2311205,CYP1A2,5.90486086,4.775017915830501,0,MURCKO::O=C(NCc1nnco1)c1csc(-c2ccc3c(c2)OCO3)n1
OCNT-2311206,CYP1A2,4.552173525,4.416194527865625,1,MURCKO::O=S(=O)(c1ccc(-c2cccc3c2OCO3)cc1)N1CCNCC1
OCNT-2311212,CYP1A2,5.108823635,4.811122689965331,3,MURCKO::O=C(NC1CCCCC1)c1cc2ccsc2[nH]1
OCNT-2311219,CYP1A2,5.22138842,5.275381511115121,0,MURCKO::O=C(Cn1cncn1)Nc1ccn(-c2ccccc2)n1
OCNT-2311222,CYP1A2,4.748646968,4.8294951182825425,0,MURCKO::O=C(Nc1ccccc1)c1cnn2c1CCCC2
OCNT-2311225,CYP1A2,5.238585815,4.499831072245977,0,MURCKO::O=C(C1CC1c1ccccc1)N1CCN(c2cnccn2)CC1
OCNT-2311235,CYP1A2,3.837191628,4.932848981290794,0,MURCKO::O=C(Nc1cnn(Cc2ccncc2)c1)c1cnc2n1CCCC2
OCNT-2311250,CYP1A2,5.118834093,5.137618363119513,1,MURCKO::O=C(NC1CCCC1Oc1cn[nH]c1)c1ncoc1C1CC1
OCNT-2311252,CYP1A2,3.750006455,4.5820635079468595,0,MURCKO::c1ccc2c(N3CCN(CCc4cnccn4)CC3)ncnc2c1
OCNT-2311264,CYP1A2,3.243945388,4.726398958374007,0,MURCKO::O=C(Nc1ccn(Cc2ccccc2)n1)c1ccc(Nc2ncccn2)cc1
OCNT-2311278,CYP1A2,2.092768808,4.431293535437627,0,MURCKO::O=C(Nc1ccn[nH]1)c1ccnn1C1CCOCC1
OCNT-2311279,CYP1A2,4.621964258,5.2487897965994375,4,MURCKO::O=C(NCCc1nc(-c2ccccc2)no1)NCc1ccon1
OCNT-2311287,CYP1A2,5.302354252,4.927883487087585,3,MURCKO::c1nc(N2Cc3cn[nH]c3C2)c2ccsc2n1
OCNT-2311309,CYP1A2,3.533498365,4.698192622118322,0,MURCKO::O=C1CCC(NC(=O)c2cc(C3CC3)nc3ccccc23)CN1
OCNT-2311313,CYP1A2,5.23788083,4.86323161002208,1,MURCKO::O=C(NCC12CCCC(C1)C(=O)N2)c1ccc2ccccc2n1
OCNT-2311331,CYP1A2,4.51486617,5.46096100650687,3,MURCKO::O=C(Nc1cnc2c(c1)COCC2)c1ccccc1
OCNT-2311336,CYP1A2,5.615887133,5.474514902741468,2,MURCKO::O=C(NCc1ccc(-n2ccnc2)nc1)C1CCCN1c1nccs1
OCNT-2311338,CYP1A2,3.803538005,4.714725479242659,3,MURCKO::O=C(Nc1ccccc1)c1ccnc(C2CC2)c1
OCNT-2311340,CYP1A2,3.133907592,4.787250232303332,0,MURCKO::O=C(NCc1ccc2occc2c1)N1CCN(Cc2ccccc2)CC1
OCNT-2311357,CYP1A2,5.833084357,5.269979906025802,2,MURCKO::O=C(CSc1nc2ccccc2s1)NCC(=O)OCc1ccccc1
OCNT-2311370,CYP1A2,5.02688439,4.640701821861919,1,MURCKO::O=C(CN1C(=O)C2CCCCC2C1=O)NCc1ccc(-c2cccnc2)cc1
OCNT-2311372,CYP1A2,3.944094957,4.477140941237015,0,MURCKO::O=C(c1cccnc1)N1CCN(CCc2ccccc2)CC1
OCNT-2311376,CYP1A2,6.016780778,4.619118917152695,2,MURCKO::O=c1[nH]c2ccccc2c(=O)n1Cc1ccccc1
OCNT-2311387,CYP1A2,5.03445958,5.043319554608404,0,MURCKO::c1ccc(N2CCN(c3ccc4cccnc4n3)CC2)nc1
OCNT-2311399,CYP1A2,5.458028618,5.628270752099867,3,MURCKO::O=C(Nc1ccccc1)c1ccc2ncccc2c1
OCNT-2311403,CYP1A2,6.383690562,4.998068739540271,0,MURCKO::O=C(NCCc1nc2c(s1)COCC2)c1c[nH]c2ccccc12
OCNT-2311413,CYP1A2,5.312041045,5.391129167689226,1,MURCKO::c1ccc(-c2noc(CC3CCNCC3)n2)cc1
OCNT-2311427,CYP1A2,5.085894413,4.528497146846263,1,MURCKO::c1ccc(-c2c[nH]nn2)cc1
OCNT-2311453,CYP1A2,5.628743607,5.261539513416008,0,MURCKO::c1ccc(CCn2cc(COc3ccccc3)nn2)cc1
OCNT-2311473,CYP1A2,6.00149444,4.981074032422084,2,MURCKO::O=C(NCCCNc1ccccn1)c1nc2cnccc2s1
OCNT-2311487,CYP1A2,5.910242587,5.106530763767346,3,MURCKO::c1ccc(OCC2CCCN2c2cccnn2)cc1
OCNT-2311493,CYP1A2,4.534677523,4.76267924910969,2,MURCKO::O=C(c1cnc2cn[nH]c2c1)N1CCC(Oc2ccccc2)CC1
OCNT-2311508,CYP1A2,6.246614277,4.643946995216067,0,MURCKO::O=S(=O)(CC1CCCCO1)NCc1ccccc1
OCNT-2311532,CYP1A2,7.427857497,5.6708352059753615,1,MURCKO::c1ccc(-c2cccc(Cn3ccnc3)c2)cc1
OCNT-2311542,CYP1A2,2.542144535,4.417278001014943,3,MURCKO::O=C1NCCCN(C(=O)CCC2CCOCC2)C1Cc1ccccc1
OCNT-2311547,CYP1A2,5.191699465,5.102497548880407,4,MURCKO::c1ccc(Nc2noc(-c3ccnc(C4CCCC4)n3)n2)cc1
OCNT-2311552,CYP1A2,4.663353632,4.9093282323540155,0,MURCKO::O=C(NCc1nc2c([nH]1)CCCC2)c1conc1-c1ccccn1
OCNT-2311554,CYP1A2,4.629156713,4.938016872339766,2,MURCKO::O=C(NCCSc1c[nH]c2ccccc12)Nc1ccn[nH]1
OCNT-2311559,CYP1A2,5.563636198,5.074404984457281,1,MURCKO::c1ccc(Nc2nc(-c3ccccc3)cs2)cc1
OCNT-2311562,CYP1A2,2.858646907,4.709633397000429,2,MURCKO::O=C(NCCn1ncc2ccccc2c1=O)C1CCCC1
OCNT-2311567,CYP1A2,5.337748172,4.663973033011145,1,MURCKO::O=C(Cc1cncs1)N1CCNc2ccccc2C1
OCNT-2311573,CYP1A2,5.76311979,5.1979108739243625,0,MURCKO::c1ccc(CC2CCCN2c2ccncn2)cc1
OCNT-2311574,CYP1A2,4.795568815,4.625608966154968,1,MURCKO::O=C(Nc1ccccc1)C1CCCc2[nH]ncc21
OCNT-2311582,CYP1A2,4.553127107,5.140139419410349,3,MURCKO::O=C(c1cccnc1)N1CCN(c2ccccn2)CC1
OCNT-2311588,CYP1A2,3.274629818,4.282788893336368,2,MURCKO::O=C(c1ccc(=O)[nH]n1)N1CCC(Nc2ccccc2)CC1
OCNT-2311592,CYP1A2,5.68807669,4.752605878008415,2,MURCKO::O=C(NCCc1ccccc1)c1cccc(-c2ncn[nH]2)c1
OCNT-2311602,CYP1A2,3.668555707,5.048668325452179,3,MURCKO::O=C(c1ccc(-c2nnco2)cc1)N1CCC(c2ccncc2)CC1
OCNT-2311610,CYP1A2,3.186430333,4.686883955330492,2,MURCKO::O=C(Cc1cncs1)N1CCC2(CC1)CNCc1ccccc1O2
OCNT-2311629,CYP1A2,5.91036869,4.740478622381232,3,MURCKO::c1ccc(-c2cn(-c3ccccc3)nn2)cc1
OCNT-2311630,CYP1A2,2.297180992,4.857120456468078,1,MURCKO::O=C(c1cnco1)N1CCCC2(CCOCC2)C1
OCNT-2311644,CYP1A2,5.241190032,5.090387624973852,2,MURCKO::c1ccc(-c2nnc(CNCc3cscn3)o2)cc1
OCNT-2311651,CYP1A2,6.545058893,5.016081103385153,3,MURCKO::c1ccc2c(c1)[nH]c1ncnc(NCc3ncn[nH]3)c12
OCNT-2311652,CYP1A2,4.87538144,5.2523534290620475,1,MURCKO::O=C(c1cncs1)N1CCC(CCCn2ccnc2)CC1
OCNT-2311653,CYP1A2,6.11892455,5.278358300630932,0,MURCKO::O=C(Cc1ccccc1)NCc1ccccc1-c1cccnc1
OCNT-2311661,CYP1A2,5.844798747,4.754455033865336,4,MURCKO::O=C(CCc1cncs1)NC1CCCCC1c1ccccc1
OCNT-2311669,CYP1A2,5.786506378,5.7727993544163265,4,MURCKO::O=C(Nc1cccc(Cn2ccnc2)c1)c1ccc(Cc2nnc[nH]2)cc1
OCNT-2311674,CYP1A2,5.703638352,5.027402297863084,2,MURCKO::O=C(Nc1nc(-c2ccccc2)n[nH]1)c1cc[nH]n1
OCNT-2311676,CYP1A2,5.715026997,5.915821492163731,4,MURCKO::O=C(Nc1ccc(Cn2ccnc2)cc1)c1ccnc2[nH]ccc12
OCNT-2311686,CYP1A2,3.811814995,4.394701656595261,0,MURCKO::O=S(=O)(c1ccc(-c2cccc3[nH]ncc23)cc1)N1CCNCC1
OCNT-2311688,CYP1A2,5.387222525,5.187208174898805,0,MURCKO::O=C(Nc1cn[nH]c1)c1ccc2ccnn2c1
OCNT-2311689,CYP1A2,5.401922305,4.6902373017844,4,MURCKO::O=C(Cc1scnc1-c1ccccc1)Nc1ccccc1
OCNT-2311706,CYP1A2,4.82104853,4.596837831891483,0,MURCKO::O=c1n(CC2OCCO2)c2cccnc2n1-c1ccccc1
OCNT-2311707,CYP1A2,5.673069532,4.84724818592617,1,MURCKO::O=C(CCNC(=O)c1cccc2[nH]ccc12)Nc1cccnc1
OCNT-2311709,CYP1A2,5.237559848,4.547435167317394,3,MURCKO::O=C1CCc2cc(-c3csc(C4CCCO4)n3)ccc2N1
OCNT-2311728,CYP1A2,5.600461978,5.687986618636243,4,MURCKO::O=C(Cc1n[nH]c(=O)c2ccccc12)OCc1cccnc1
OCNT-2311731,CYP1A2,4.81363868,4.889992661275549,2,MURCKO::O=C(NC1CCC(Cn2ccnc2)C1)c1ccc(C2=CCCC2)cc1
OCNT-2311745,CYP1A2,5.596332057,5.179735081030676,2,MURCKO::c1ccc(SCc2nccc(N3CCCCC3)n2)cc1
OCNT-2311748,CYP1A2,6.231112135,5.094671727042384,2,MURCKO::c1ccc(-c2n[nH]cc2NCc2cc(-c3ccncc3)n[nH]2)cc1
OCNT-2311751,CYP1A2,4.796654733,4.96902503117459,2,MURCKO::O=C(Nc1n[nH]c2ccccc12)c1csc(CC2CCNC2)n1
OCNT-2311754,CYP1A2,5.37004222,5.2037875786147,3,MURCKO::c1cn(-c2ccc(CNCc3cn[nH]c3)cn2)cn1
OCNT-2311779,CYP1A2,5.166467642,4.963593169549969,3,MURCKO::O=S(=O)(CC1CCCO1)Nc1ccc2cn[nH]c2c1
OCNT-2311783,CYP1A2,5.76846985,5.3278210902130825,3,MURCKO::O=C(NCCc1cnn(-c2ccccc2)n1)c1ccccc1
OCNT-2311790,CYP1A2,5.863156632,4.725257319660199,4,MURCKO::O=C(Nc1ccccc1)c1cccc2c1NCCC2
OCNT-2311794,CYP1A2,3.733763167,5.09685511588323,1,MURCKO::O=C(Cc1n[nH]c(=O)c2ccccc12)Nc1ncc(-c2ccccc2)s1
OCNT-2311797,CYP1A2,6.030438043,5.132565591443837,4,MURCKO::O=C(Nc1ccccc1)c1ccccc1
OCNT-2311801,CYP1A2,5.916388262,6.2066491311949665,4,MURCKO::O=C(Nc1ccc(OCCn2ccnc2)cc1)c1ccc2ccccc2c1
OCNT-2311803,CYP1A2,3.85523884,4.45472427391419,0,MURCKO::O=C1NCCCn2cc(C(=O)N3c4ccccc4C4CNCCC43)cc21
OCNT-2311807,CYP1A2,4.988526887,4.46660989510358,1,MURCKO::O=C(c1ncc2ccccn12)N1CCCC(n2cccn2)C1
OCNT-2311808,CYP1A2,5.225217865,4.685362620657786,3,MURCKO::O=C(Nc1ccc(S(=O)(=O)Nc2cccc(-c3nc(C4CC4)n[nH]3)c2)cc1)c1ccccc1
OCNT-2311815,CYP1A2,4.80665934,5.040914645366663,3,MURCKO::c1ccc(COC2(c3nc(Cc4cnc(C5CC5)o4)no3)CCOCC2)cc1
OCNT-2311830,CYP1A2,3.06206888,4.571139337360234,1,MURCKO::O=S(=O)(NC1CC1)c1ccc(-n2ccnn2)cc1
OCNT-2311839,CYP1A2,6.190354858,4.797025927016348,2,MURCKO::O=C(Cn1nnc(-c2ccccc2)n1)Nc1ccccc1-c1nc(C2CC2)n[nH]1
OCNT-2311855,CYP1A2,5.221924237,4.533858721927981,4,MURCKO::O=S(=O)(NCc1ccccc1)c1ccccn1
OCNT-2311870,CYP1A2,5.19707166,4.531983607782383,4,MURCKO::O=S(=O)(NC1CCCc2ccccc21)c1ccccc1
OCNT-2311873,CYP1A2,5.16790961,5.105485144537771,2,MURCKO::O=C(c1csc(-c2cccnc2)n1)N(CC1CC1)c1ncccn1
OCNT-2311889,CYP1A2,5.406839628,4.395453982573704,1,MURCKO::O=C(NCc1ccccc1)c1cccn2cnnc12
OCNT-2311892,CYP1A2,5.253644683,4.989242006893735,3,MURCKO::c1ccc(OCc2nnc(-c3cn[nH]c3)o2)cc1
OCNT-2311897,CYP1A2,5.315708543,5.249953001857577,4,MURCKO::O=C(CCc1cccnc1)OCCCc1ccccc1
OCNT-2311901,CYP1A2,7.610285327,5.2269355698739846,0,MURCKO::O=C(Nc1ccccc1-c1ncc[nH]1)c1cc[nH]c1
OCNT-2311905,CYP1A2,4.631471355,4.616667078602287,3,MURCKO::c1ccc(CC2CN(c3nnc(-c4ccccn4)s3)CCN2)cc1
OCNT-2311907,CYP1A2,4.985611022,5.150250580061421,3,MURCKO::c1ccc(CCNCc2c[nH]c3ccnn23)cc1
OCNT-2311908,CYP1A2,5.514505087,4.607458995476008,2,MURCKO::O=C(Nc1nc2ccccc2s1)c1ccccc1
OCNT-2311913,CYP1A2,5.423836712,4.8472950615641475,1,MURCKO::O=C(Nc1ccc2c(c1)OCO2)c1ccccc1
OCNT-2311916,CYP1A2,5.215246547,5.122935280586781,4,MURCKO::O=C(CNC(=O)c1ccccc1)NCc1ccccc1
OCNT-2311935,CYP1A2,3.07186669,4.598568694515565,0,MURCKO::O=C(Nc1nc(-c2cn[nH]c2)n[nH]1)c1cncc2ccccc12
OCNT-2311948,CYP1A2,6.17100461,4.703889831458551,3,MURCKO::c1ccc(Cn2cc(-c3ccccc3)nn2)cc1
OCNT-2311956,CYP1A2,4.080652048,4.581980265570204,2,MURCKO::O=C(NCCN1C(=O)COc2ccccc21)c1ccc2[nH]ncc2c1
OCNT-2311967,CYP1A2,5.476187582,5.53692615365166,3,MURCKO::c1ccc(CCOc2ccc(OCc3cccnc3)cc2)cc1
OCNT-2311971,CYP1A2,5.56245139,4.9807917060402085,4,MURCKO::O=C(Nc1ccccc1)c1cccc2cnccc12
OCNT-2311975,CYP1A2,5.7417475,4.655198834598745,1,MURCKO::O=C(OCCOc1ccccc1)c1cncc2ccccc12
OCNT-2311984,CYP1A2,5.39711074,4.689203273954158,0,MURCKO::O=C(Nc1cn[nH]c1)c1cc2ccccc2[nH]1
OCNT-2311985,CYP1A2,5.344866588,5.0159706643009745,0,MURCKO::c1ccc(Cn2cc(-c3cccnc3)nn2)cc1
OCNT-2311998,CYP1A2,6.452779677,5.290666956229117,3,MURCKO::O=C(Cc1ccccc1)NCc1ccc2ccoc2c1
OCNT-2312004,CYP1A2,4.105272955,4.809528484287184,2,MURCKO::O=S(=O)(Nc1cccc2c1CN(C1CC1)C2)c1sccc1C1CC1
OCNT-2312009,CYP1A2,5.259094682,4.6985412979490775,2,MURCKO::c1ccc(-n2ccc(Cn3cc(C4CC4)nn3)n2)cc1
OCNT-2312011,CYP1A2,6.085568015,5.282772875910478,0,MURCKO::c1cc(NCc2cnsc2)n2nccc2n1
OCNT-2312021,CYP1A2,5.180322875,4.714415136975568,4,MURCKO::c1cnc(N(Cc2cc[nH]n2)CC2CC23CCC3)nc1
OCNT-2312027,CYP1A2,4.273069245,4.644973342284893,4,MURCKO::O=C(Cc1c[nH]c2ccccc12)Nc1cc(N2CCNCC2)ccn1
OCNT-2312033,CYP1A2,2.86491911,5.027882248113293,4,MURCKO::O=C(Nc1ccn[nH]1)NC1CCOc2ccccc21
OCNT-2312041,CYP1A2,5.93837573,5.163839498109208,0,MURCKO::c1cc(NCc2cn[nH]c2)nc(C2CC2)n1
OCNT-2312044,CYP1A2,5.6930762,5.107499203242854,4,MURCKO::c1ccc(N2CCCN(C3CC3)CC2)nc1
OCNT-2312047,CYP1A2,5.466814633,5.462174324647504,2,MURCKO::c1ccc(Cc2nc(Cn3ccnn3)no2)cc1
OCNT-2312058,CYP1A2,5.72226015,5.099465304360512,4,MURCKO::O=C(NCc1nc2ccccc2s1)c1cscn1
OCNT-2312066,CYP1A2,5.471353987,4.965924777813477,4,MURCKO::O=C(NCC#Cc1ccccc1)c1ccc2c(c1)S(=O)(=O)NC2=O
OCNT-2312071,CYP1A2,5.00255119,5.3908505944330365,1,MURCKO::O=C(NC1CC1c1cn[nH]c1)c1coc(-c2cccs2)n1
OCNT-2312074,CYP1A2,6.414860137,4.866001329581838,0,MURCKO::O=C(NCc1cccs1)c1ccn(-c2ccccc2)n1
OCNT-2312078,CYP1A2,5.722540748,4.926985015627439,3,MURCKO::c1ccc(-c2ccnc(N3CCOCC3)c2)cc1
OCNT-2312083,CYP1A2,5.353159198,4.965238529861955,3,MURCKO::c1cc2c(c(-c3cn(Cc4cn[nH]c4)nn3)c1)CCCC2
OCNT-2312085,CYP1A2,6.505120845,4.810937581337116,2,MURCKO::c1ccc(-c2cn(C3CCC3)nn2)cc1
OCNT-2312089,CYP1A2,4.98092184,4.896767623631818,1,MURCKO::c1cc2c(cc1-c1nc(-c3cn(CC4CCCN4)nn3)cs1)OCO2
OCNT-2312096,CYP1A2,4.736752475,4.882897728928995,0,MURCKO::c1ccc(-c2cc(N3CCN(c4nccn5cnnc45)CC3)nc3ccnn23)cc1
OCNT-2312101,CYP1A2,3.550346043,4.433371763276293,3,MURCKO::O=C(Cn1ccccc1=O)NCc1nc[nH]n1
OCNT-2312103,CYP1A2,3.432893792,4.88521549155903,3,MURCKO::O=C(NCCNCc1cccc2[nH]ccc12)c1ccn[nH]1
OCNT-2312104,CYP1A2,4.470504628,5.495300297388701,3,MURCKO::O=C(NCc1ccc(-c2ccncc2)cc1)c1ccc2n1CCNC21CCC1
OCNT-2312106,CYP1A2,3.43923395,4.934521321305891,3,MURCKO::O=C(NCCn1ccnc1)c1nc2cnccc2s1
OCNT-2312113,CYP1A2,5.065387835,4.91565208009591,0,MURCKO::O=c1ncn(-c2ccccc2)n1CCC1CCNC1
OCNT-2312122,CYP1A2,4.77798184,4.992151514927992,0,MURCKO::c1ccc(-c2cn(Cc3nc4c(o3)CCCC4)nn2)cc1
OCNT-2312131,CYP1A2,5.236326228,4.596562984667833,3,MURCKO::c1ccc(-c2nn[nH]n2)cc1
OCNT-2312136,CYP1A2,5.967058107,5.600388484081686,2,MURCKO::c1ccc2oc(CCNCc3ccncc3)nc2c1
OCNT-2312140,CYP1A2,5.13349855,5.095784397243815,4,MURCKO::c1ccc(-n2cc(-c3cc4c(s3)CCNC4)nn2)cc1
OCNT-2312144,CYP1A2,3.01734311,4.649174664450639,4,MURCKO::O=C(NC1CCCOc2ccccc21)N1CCC(Cc2cn[nH]c2)C1
OCNT-2312145,CYP1A2,4.01257303,5.055899769884834,3,MURCKO::O=C(NCCc1cccnc1)C1(c2ccccc2)CC1
OCNT-2312154,CYP1A2,4.447046708,5.111725904923315,4,MURCKO::O=C(Nc1cc[nH]c1)c1cc(-c2ccccc2)nc2[nH]ncc12
OCNT-2312156,CYP1A2,6.011393107,4.836590476193721,3,MURCKO::O=C(Nc1ncc(C2CC2)s1)c1cccn1C1CCCC1
OCNT-2312161,CYP1A2,5.06015934,4.982911705503309,4,MURCKO::O=C(N1CCC(Cn2cncn2)CC1)C1(c2ccccc2)CCCC1
OCNT-2312174,CYP1A2,5.44967587,4.844955266156492,1,MURCKO::c1ccc(Nc2nc3ccccc3n3cncc23)cc1
OCNT-2312189,CYP1A2,5.050189797,4.87359030122376,1,MURCKO::c1cnc(N2CCN(c3nnc(-c4cc5ccccc5[nH]4)[nH]3)CC2)nc1
OCNT-2312191,CYP1A2,3.07924099,5.137640684402051,4,MURCKO::c1cnc(N(Cc2cc[nH]n2)CC2CCCCO2)nc1
OCNT-2312197,CYP1A2,5.109189215,4.584634558533873,4,MURCKO::O=c1[nH]c(Cc2cc[nH]n2)nc2cc3c(cc12)OCO3
OCNT-2312208,CYP1A2,4.35866423,5.024763546374199,1,MURCKO::c1cc2cc(-c3cn(Cc4ncc[nH]4)nn3)ccc2cn1
OCNT-2312209,CYP1A2,5.280704205,4.688124768839304,2,MURCKO::O=C(NCC1CCN(c2ccccc2)C1)c1ccsc1
OCNT-2312210,CYP1A2,5.59920017,5.026908984223252,4,MURCKO::O=C1CCc2cc(OCCOC(=O)c3cccc4cnccc34)ccc2N1
OCNT-2312211,CYP1A2,4.52243452,5.333788498228588,3,MURCKO::C1=C(c2nc(-c3ccccc3)no2)COCC1
OCNT-2312217,CYP1A2,5.21873838,4.948974316667628,3,MURCKO::c1nc(CN(CC2CCOCC2)c2nc(C3CC3)ns2)cs1
OCNT-2312222,CYP1A2,3.668926313,5.06153133192218,2,MURCKO::c1ccc(C2CCc3nnc(-c4ccon4)n3C2)cc1
OCNT-2312226,CYP1A2,5.786870128,4.739736435851581,1,MURCKO::c1ccc(C2CCc3nnc(CCn4ccnc4)n3C2)cc1
OCNT-2312233,CYP1A2,4.485371895,4.729005691631291,3,MURCKO::O=S1(=O)CCC(Nc2nnc(-c3c[nH]c4ccccc34)o2)C1
OCNT-2312244,CYP1A2,4.46487709,5.396499613060938,2,MURCKO::c1cc(CNc2cccnn2)cc(COCC2CCCO2)c1
OCNT-2312277,CYP1A2,5.379924618,4.575029829687659,4,MURCKO::O=C(c1n[nH]c2c1COCC2)N1CCCC(c2c[nH]c3ccccc23)C1
OCNT-2312278,CYP1A2,5.263770092,5.139835547750575,2,MURCKO::c1ccc2[nH]c(-c3c[nH]nc3C3CCC3)nc2c1
OCNT-2312285,CYP1A2,5.377034587,5.170442306920682,1,MURCKO::c1cc(OC2CCC2)cc(CNc2nnc(-c3ccon3)s2)n1
OCNT-2312288,CYP1A2,4.817996628,5.332610111285223,3,MURCKO::c1ccc(Cn2cc(Cn3cnc(-c4ccccc4)c3)nn2)cc1
OCNT-2312293,CYP1A2,5.696156368,5.158652303859865,0,MURCKO::O=C(Nc1c[nH]nc1-c1nccs1)C1CC(c2ccccc2)C1
OCNT-2312299,CYP1A2,5.178202748,4.887676523819436,2,MURCKO::O=C(NCCCOc1ccccc1)c1ncsc1-c1ccccc1
OCNT-2312303,CYP1A2,4.62372146,4.34395906502723,2,MURCKO::O=C1CCc2cc(NCc3ccccc3)ccc2N1
OCNT-2312308,CYP1A2,5.894582448,5.75291403214723,4,MURCKO::O=C(OCC(=O)N1N=C(c2cccs2)CC1c1ccco1)c1ccncc1
OCNT-2312312,CYP1A2,5.232058398,4.768734232767386,2,MURCKO::c1ccc(-c2nc(CN3CCC(c4ccccc4)C3)co2)cc1
OCNT-2312316,CYP1A2,5.32535307,5.586198973431474,1,MURCKO::c1ccc2c(N3CCC(c4ccn[nH]4)C3)ccnc2c1
OCNT-2312317,CYP1A2,5.050316592,4.66146776758365,2,MURCKO::O=C(NCc1n[nH]c(=O)n1C1CC1)c1cccc2cccnc12
OCNT-2312333,CYP1A2,5.51412108,4.840558952456476,4,MURCKO::O=C(CCc1cccc2ccccc12)NC1CC1c1cn[nH]c1
OCNT-2312337,CYP1A2,5.22074284,4.735078516867281,4,MURCKO::O=C(Cc1cccnc1)NCCc1c[nH]c2ccccc12
OCNT-2312338,CYP1A2,5.139160525,4.8626586550100885,1,MURCKO::O=C(NCC1CCOc2ccccc21)N1CCC(C2CCNC2)CC1
OCNT-2312342,CYP1A2,5.584115377,4.799793557681504,0,MURCKO::O=C(Nc1ccccc1)c1cnc(-c2ccccn2)s1
OCNT-2312352,CYP1A2,5.39070074,5.4385396547851075,0,MURCKO::O=C(NCCc1coc(-c2ccccc2)n1)c1ccccc1
OCNT-2312354,CYP1A2,5.589728818,4.881503486268212,1,MURCKO::O=C(NCCc1ccc(-c2cscn2)s1)c1ccc[nH]c1=O
OCNT-2312355,CYP1A2,4.90567122,5.067198504304017,3,MURCKO::c1ccc(-n2cc(CNCc3c[nH]cn3)cn2)cc1
OCNT-2312358,CYP1A2,5.39763518,4.792613944221795,4,MURCKO::O=C(c1cc(-c2ccccc2)[nH]n1)N1CCC(Cc2ccccc2)C1
OCNT-2312363,CYP1A2,5.874935857,4.918942586573372,3,MURCKO::O=C(Cc1ccccc1)Nc1cnccc1-n1cccn1
OCNT-2312364,CYP1A2,5.226715253,4.989509906837888,4,MURCKO::c1ccc(CCNc2ncnc3[nH]cnc23)cc1
OCNT-2312373,CYP1A2,4.91363722,5.204364597781787,1,MURCKO::c1ccc(-n2ncc(Cc3nc(Cc4ccccn4)no3)n2)cc1
OCNT-2312376,CYP1A2,5.614288072,4.893228581697146,1,MURCKO::O=C(NCCc1csc(-c2ccccc2)n1)c1cncnc1
OCNT-2312382,CYP1A2,6.882938605,5.152075418392848,4,MURCKO::O=C(Nc1c[nH]nc1-c1ccccn1)c1n[nH]c2ccccc12
OCNT-2312387,CYP1A2,5.229927352,5.219374201083033,2,MURCKO::O=C(Nc1nc2c(s1)CCCC2)c1ccccc1
OCNT-2312392,CYP1A2,1.90557896,4.837410224876372,0,MURCKO::O=c1[nH]cccc1-c1noc(CC2CCOC2)n1
OCNT-2312404,CYP1A2,5.179183587,4.553801274144673,0,MURCKO::O=C(Nc1ccc(-c2nc3ccccc3[nH]2)cc1)C1CNCCOC1
OCNT-2312407,CYP1A2,4.042082048,5.007645003273606,1,MURCKO::O=C(NCc1nc2c([nH]1)CCCC2)c1ccc2ccncc2c1
OCNT-2312414,CYP1A2,4.968917783,4.752530430939366,0,MURCKO::O=C(NCc1nnc[nH]1)c1cc2ccccc2[nH]1
OCNT-2312417,CYP1A2,5.649098728,5.0495693409561015,3,MURCKO::C1=CC2CC1CC2c1nc(-c2cn[nH]c2)no1
OCNT-2312418,CYP1A2,6.818886595,5.0831727220046234,1,MURCKO::O=C(NCCc1csc(-c2ccccc2)n1)c1cc(C2CC2)[nH]n1
OCNT-2312420,CYP1A2,5.757593662,5.395781775222699,2,MURCKO::O=C(NCc1ccccn1)Nc1cccc(-c2ncco2)c1
OCNT-2312429,CYP1A2,5.307879368,4.963187404802445,2,MURCKO::c1ccc(CCNc2nccn3nccc23)cc1
OCNT-2312434,CYP1A2,5.34806219,4.544553977368898,2,MURCKO::O=C(Cn1ccc2ccccc21)N1CCc2ccccc2C1
OCNT-2312445,CYP1A2,5.093610163,4.638609876235123,1,MURCKO::O=C(c1cc(-c2ccccc2)n[nH]1)N1CCOC(c2ccsc2)C1
OCNT-2312476,CYP1A2,5.646948558,5.083972798095574,4,MURCKO::c1ccc(-c2cc(CNc3ccccc3-n3cccn3)n[nH]2)cc1
OCNT-2312480,CYP1A2,4.557807162,5.11818757234797,3,MURCKO::O=C(C1CCN(c2ccc3nnnn3n2)CC1)N1CCCC(c2nc3ccccc3s2)C1
OCNT-2312485,CYP1A2,5.168842752,4.521890862504858,2,MURCKO::O=C(CNC(=O)c1ccccc1)Nc1ccccc1-c1ncc[nH]1
OCNT-2312493,CYP1A2,5.516313213,4.959072333092525,3,MURCKO::O=C(CC1CCC1)OCCOc1ccnc2ccccc12
OCNT-2312495,CYP1A2,4.5556559,4.948549467340461,0,MURCKO::O=C(Nc1n[nH]c2ccccc12)c1cnn(-c2ccccc2)c1
OCNT-2312496,CYP1A2,4.902117292,4.846565247831258,3,MURCKO::O=C(c1ccc2sncc2c1)N1CCC(c2ccccc2)C1
OCNT-2312504,CYP1A2,5.382527868,4.619867839011631,3,MURCKO::O=C1NC(=O)C(c2cccc(NC(=O)c3cc4ccccc4[nH]3)c2)N1
OCNT-2312517,CYP1A2,5.095803242,5.061077110972194,3,MURCKO::O=C1CN(Cc2cnc(-c3ccccc3)o2)CCCN1
OCNT-2312522,CYP1A2,5.183013522,4.858548569981076,2,MURCKO::c1ccc(-c2ccnc(N3CCN(CCc4cnccn4)CC3)n2)cc1
OCNT-2312525,CYP1A2,4.87473432,5.223976474008347,3,MURCKO::c1cc(Cc2noc(-c3ccnc4ccncc34)n2)ccn1
OCNT-2312529,CYP1A2,5.037538018,5.093209025471439,0,MURCKO::O=C(Nc1ccccn1)NC1CCCc2cccnc21
OCNT-2312546,CYP1A2,4.94420277,5.194537871566001,2,MURCKO::O=C(Nc1cccc(-c2ccccc2)c1)NC1CCc2ccccc21
OCNT-2312554,CYP1A2,5.725068442,5.548864634454799,2,MURCKO::O=C(NCC1CCc2ccccc21)c1ccnc(-n2ccnc2)c1
OCNT-2312559,CYP1A2,4.631074257,5.2745153876397515,3,MURCKO::c1cc(N2CCN3CCCC3C2)nc(-n2cnc3ccccc32)c1
OCNT-2312592,CYP1A2,4.889644845,5.110512468230516,0,MURCKO::O=C(Cn1cccn1)NCCc1nc(-c2ccccc2)n[nH]1
OCNT-2312594,CYP1A2,5.717458035,5.248649703800991,1,MURCKO::O=C(NCCc1cnn(-c2ccccc2)n1)C1(c2ccccc2)CC1
OCNT-2312595,CYP1A2,4.861658288,4.697366267206508,3,MURCKO::O=C(Nc1ccccc1)N1CCCC(c2nc3ccccc3[nH]2)C1
OCNT-2312600,CYP1A2,5.561736565,5.307480004114534,1,MURCKO::O=C(NCCc1nc(-c2ccccc2)cs1)c1cncs1
OCNT-2312604,CYP1A2,5.749749935,4.849951600357928,4,MURCKO::O=C(NCCc1ccccc1)c1cnn2ccccc12
OCNT-2312606,CYP1A2,4.509429705,4.577251040775093,1,MURCKO::O=C(c1c[nH]c2ccccc12)N1CCC(n2c(=O)[nH]c3ccccc32)CC1
OCNT-2312607,CYP1A2,4.878171885,5.1889253984681405,1,MURCKO::O=C(c1cc2ccccc2[nH]1)N1CCC(Cc2nccs2)C1
OCNT-2312610,CYP1A2,5.845306095,5.212042029984213,1,MURCKO::O=C(NCc1ccc(-c2ccncc2)cc1)NCc1ccc(C2CC2)cc1
OCNT-2312612,CYP1A2,4.620563847,4.802658585655428,3,MURCKO::O=C(Nc1cc(-c2ccccc2)n[nH]1)c1cccc(-c2cn[nH]c2)c1
OCNT-2312641,CYP1A2,1.953003667,4.861248620490468,3,MURCKO::O=C1NCCCN(C(=O)c2cc3cccn3cn2)C1Cc1ccccc1
OCNT-2312650,CYP1A2,5.475444322,4.828432858490917,3,MURCKO::O=C(NCCC1CCCCC1)c1cccc(-c2cnco2)c1
OCNT-2312659,CYP1A2,5.015109437,4.965473745413817,0,MURCKO::c1ccc(N2CCc3ccccc3C2)nc1
OCNT-2312697,CYP1A2,4.78109563,4.925303683744999,1,MURCKO::O=C(c1nccc2occc12)N1CCCC1c1ncno1
OCNT-2312704,CYP1A2,5.746111453,4.755787323390384,4,MURCKO::c1cnc(NCCCN2CCOCC2)nc1
OCNT-2312712,CYP1A2,5.275897328,4.913873350598387,4,MURCKO::O=S(=O)(Cc1ccccc1)NCc1nc(-c2ccccc2)no1
OCNT-2312714,CYP1A2,3.699680345,5.123798710224718,1,MURCKO::O=C(Nc1ccccc1)N1CCCC2(CCOC2)C1
OCNT-2312720,CYP1A2,5.300728757,5.188591323962955,0,MURCKO::c1cc(-c2noc(C3CC34CCOC4)n2)cc(N2CCCC2)c1
OCNT-2312722,CYP1A2,2.913836933,4.96055973084503,1,MURCKO::c1ccc2c(c1)OCC(c1nnc(N3CCOC4(CCCCCC4)C3)[nH]1)O2
OCNT-2312730,CYP1A2,5.161441532,4.829504486330955,4,MURCKO::O=C(Nc1cccc(N2CCNCC2)c1)c1cocn1
OCNT-2312735,CYP1A2,5.361970285,5.485382897659248,4,MURCKO::c1cncc(Oc2ccc(Nc3ncnc4oncc34)cc2)c1
OCNT-2312740,CYP1A2,4.628198623,4.88848418356932,4,MURCKO::c1cc(-c2noc(C3CCCO3)n2)cc(-c2nnc[nH]2)c1
OCNT-2312741,CYP1A2,4.85582982,5.184809277565056,1,MURCKO::c1ccc2c(c1)CCCC2Nc1nccc2nccnc12
OCNT-2312749,CYP1A2,5.683443213,4.655801750665697,3,MURCKO::O=C(NC1CCOC1)c1ccc(-c2ccccc2)o1
OCNT-2312755,CYP1A2,4.98014009,5.1829954296656275,4,MURCKO::O=C(NC1CCN(c2ccccc2)C1)c1cnoc1
OCNT-2312760,CYP1A2,5.507424165,4.969614864754646,4,MURCKO::c1n[nH]c(C2CCCN2Cc2csc(-c3ccsc3)n2)n1
OCNT-2312771,CYP1A2,3.819372165,4.721979396062,3,MURCKO::O=C(c1ccnc2ccccc12)N1CCCCC1
OCNT-2312787,CYP1A2,4.77281201,5.369902330311907,3,MURCKO::c1csc(-c2noc(CCc3cn[nH]c3)n2)c1
OCNT-2312795,CYP1A2,5.074247032,4.429885127526198,4,MURCKO::O=C(Nc1ccccn1)c1ccc(N2CCOCC2)cc1
OCNT-2312801,CYP1A2,5.01491435,4.838782811972514,2,MURCKO::O=C(NC1CC1c1ccccc1)c1cc(C2CC2)[nH]n1
OCNT-2312817,CYP1A2,5.219426888,4.878112874895713,2,MURCKO::O=c1ccc(-c2ccccc2)nn1CC1CC1
OCNT-2312826,CYP1A2,5.190381702,4.721011474260074,1,MURCKO::c1noc(C2CCCN(c3ncnc4sccc34)C2)n1
OCNT-2312831,CYP1A2,6.00760839,5.44115328838174,4,MURCKO::O=C(Cn1cccn1)Nc1ccc(Cc2ccncc2)cc1
OCNT-2312847,CYP1A2,5.38314478,5.008747755693736,2,MURCKO::O=S(=O)(c1ccc2c(c1)OCO2)N(CC1CC1)CC1CC1
OCNT-2312866,CYP1A2,5.151084555,5.37889797136151,2,MURCKO::O=C(Nc1cccc(-n2cnnn2)c1)c1ccn[nH]1
OCNT-2312890,CYP1A2,5.018746865,4.9360851550355385,0,MURCKO::c1ccc(-n2ccnc2)nc1
OCNT-2312897,CYP1A2,5.052475848,4.456176218342971,3,MURCKO::O=C(NCc1ccccc1)c1ccc2nc[nH]c(=O)c2c1
OCNT-2312906,CYP1A2,5.886630562,4.885702359261093,4,MURCKO::O=C(COc1ccc2ccccc2c1)NCCc1ccccc1
OCNT-2312921,CYP1A2,6.430027715,4.744083037736334,3,MURCKO::O=C(NCc1ccccc1)c1cccc(Cn2ccnc2)c1
OCNT-2312925,CYP1A2,5.692550137,4.736015717971757,0,MURCKO::c1ccc2c(N3CCCC3CN3CCCC3)ncnc2c1
OCNT-2312932,CYP1A2,7.457530822,5.2876491313015315,0,MURCKO::c1cnc(N2CCC(c3ccncc3)CC2)nc1
OCNT-2312951,CYP1A2,5.164665077,4.986524074964673,0,MURCKO::O=C(NCCc1ccccn1)c1cc[nH]c1-c1ccccc1
OCNT-2312952,CYP1A2,5.27642778,5.022322370371213,1,MURCKO::c1ccc(-c2nnc(CNc3cccc4ccccc34)o2)cc1
OCNT-2312959,CYP1A2,5.234491722,4.876737773496327,1,MURCKO::c1ccc(N2CCC(Nc3ccncn3)C2)cc1
OCNT-2312961,CYP1A2,4.967871133,4.93313376981637,4,MURCKO::O=C(NC1CCN(c2ccccn2)C1)c1ccccc1
OCNT-2312969,CYP1A2,5.576840012,5.206467870068249,3,MURCKO::c1ccc(-c2ccc(NCc3cn[nH]c3)nc2)cc1
OCNT-2312971,CYP1A2,5.10658165,5.385617780286402,4,MURCKO::O=S(=O)(Cc1ccno1)NC(c1ccccc1)C1CCC1
OCNT-2312973,CYP1A2,5.71597021,4.566537689321269,1,MURCKO::O=C(NCc1ncon1)c1cccnc1
OCNT-2312985,CYP1A2,5.281324363,5.144393930271995,4,MURCKO::c1ccc(NCc2ncno2)cc1
OCNT-2312987,CYP1A2,4.294096595,5.351531761399204,0,MURCKO::O=S(=O)(Cc1ccccc1)N1CCCC1c1cccnc1
OCNT-2312988,CYP1A2,3.502485458,4.908227092716192,0,MURCKO::O=C(c1ccoc1)N1CCc2[nH]cnc2C1
OCNT-2312994,CYP1A2,4.578476995,4.979092291035036,4,MURCKO::O=S(=O)(c1ccccc1)N1CC=C(c2c[nH]c3ncccc23)CC1
OCNT-2312995,CYP1A2,4.937863275,4.8100709398676935,3,MURCKO::c1ccc(C2CCN(c3nsc(C4CC4)n3)C2)cc1
OCNT-2313003,CYP1A2,4.480402615,4.863770473660997,1,MURCKO::O=S(=O)(NCC1CC1)Nc1ccccc1
OCNT-2313008,CYP1A2,4.788514433,4.654916982150727,4,MURCKO::c1c(-c2nnc(N3CCCNCC3)[nH]2)sc2c1CCCC2
OCNT-2313023,CYP1A2,5.52585036,4.689243469500318,1,MURCKO::O=C(Nc1cccc(S(=O)(=O)Nc2ccccc2)c1)c1cccnc1
OCNT-2313024,CYP1A2,5.886177303,5.859017950945445,0,MURCKO::c1cc(Cn2ccnc2)cc(-c2noc(-c3cn(-c4cccc5cccnc45)nn3)n2)c1
OCNT-2313026,CYP1A2,3.84698157,4.520845645753404,4,MURCKO::O=C1NCCCC1C(=O)N1CCc2ccccc21
OCNT-2313032,CYP1A2,5.241748822,4.587362309016959,3,MURCKO::c1ccc(NCc2c[nH]nc2-c2ccsc2)cc1
OCNT-2313037,CYP1A2,5.38997086,4.883834085450779,2,MURCKO::O=C(Nc1n[nH]c2ccccc12)c1ccn(-c2ccccc2)n1
OCNT-2313041,CYP1A2,4.14375769,4.7713452558935145,1,MURCKO::O=c1[nH]ccnc1N1CCN(S(=O)(=O)c2ccccc2)CC1
OCNT-2313054,CYP1A2,5.488140125,4.853619277727595,4,MURCKO::O=C(c1ccccn1)N1CCc2ccccc21
OCNT-2313058,CYP1A2,4.857063137,5.286194184010361,0,MURCKO::O=C(CCC1CCNCC1)Nc1ccc(-n2ccnc2)cc1
OCNT-2313060,CYP1A2,4.808401395,5.068196324760422,4,MURCKO::O=C(NCC1Cc2ccccc2C1)c1ccccc1
OCNT-2313098,CYP1A2,3.662254772,5.056921814876528,1,MURCKO::O=C(Cc1ccc2[nH]ncc2c1)NCCC1CCCCC1
OCNT-2313103,CYP1A2,4.68350962,4.332449946608975,2,MURCKO::O=C(Nc1ccc[nH]c1=O)N1CCCCCC1
OCNT-2313105,CYP1A2,4.86686844,4.782114027995231,2,MURCKO::C=C1CCN(C(=O)NCc2ccccc2)CC1
OCNT-2313113,CYP1A2,5.2556167,4.8399926400686475,3,MURCKO::O=C(Nc1nnc(-c2ccccc2)[nH]1)C1CCCC1
OCNT-2313117,CYP1A2,5.647003413,4.963228593943323,3,MURCKO::O=C(Nc1cc(-c2ccccc2)n[nH]1)c1cnc[nH]1
OCNT-2313122,CYP1A2,6.820619263,5.306564485789231,1,MURCKO::O=C(Cc1ccccc1)NCc1ccccc1-c1ccncc1
OCNT-2313136,CYP1A2,3.332604767,4.4477920158323965,2,MURCKO::O=C(c1cc(-c2ccccc2)n[nH]1)N1CCNCC1
OCNT-2313141,CYP1A2,4.904995085,4.71225575835666,0,MURCKO::O=c1[nH]c(NCCC2CCCC2)nc2cn[nH]c12
OCNT-2313145,CYP1A2,5.27268283,4.875266597718744,2,MURCKO::c1ccc2c(c1)nc(N1CCNCC1)c1cncn12
OCNT-2313147,CYP1A2,4.21399346,4.8063573890704365,2,MURCKO::O=C(NCC1(c2ccccc2)CCC1)N1CCCN(C(=O)C2CC2)CC1
OCNT-2313161,CYP1A2,4.940097645,4.571817706871766,3,MURCKO::c1ccc(CCNc2nccc3[nH]nnc23)nc1
OCNT-2313164,CYP1A2,5.789879495,4.942674338048085,1,MURCKO::O=C(c1cc(-c2ccccn2)ns1)N1CCCC(c2ccccc2)C1
OCNT-2313177,CYP1A2,5.462130645,4.8207527560193295,0,MURCKO::O=C(NCc1cscn1)c1cncc(-c2ccccc2)c1
OCNT-2313183,CYP1A2,5.686359722,5.439867621284985,2,MURCKO::O=C(Nc1cccc(-c2nnc[nH]2)c1)c1ccco1
OCNT-2313185,CYP1A2,5.539890573,4.74328660183982,0,MURCKO::c1cnc(CNc2ncnc3sc4c(c23)CCC4)nc1
OCNT-2313198,CYP1A2,6.576043718,5.390682009204596,3,MURCKO::O=C(NCC1CCC2(CCOCC2)O1)c1coc(-c2ccccc2)n1
OCNT-2313220,CYP1A2,5.116068223,5.233787572378551,0,MURCKO::O=c1c2ccccc2n2c(SCC3CC3)nnc2n1Cc1ccccc1
OCNT-2313221,CYP1A2,5.029824152,4.802336755953158,0,MURCKO::c1ccc(Nc2ccnc(-c3ccccc3)n2)cc1
OCNT-2313224,CYP1A2,5.641844395,4.364113492871168,3,MURCKO::O=c1[nH]c(-c2cocn2)nc2ccccc12
OCNT-2313234,CYP1A2,5.28275539,5.365435750736547,1,MURCKO::O=C(COc1ccccc1)Nc1cncc2ccccc12
OCNT-2313241,CYP1A2,6.417337205,5.339972390717223,2,MURCKO::O=C(Nc1ccccc1)c1cccc(Nc2cnccn2)c1
OCNT-2313250,CYP1A2,5.614650313,4.96858426271283,1,MURCKO::O=C(CC1CC2CCC1O2)Nc1ccc(Oc2ccncc2)cc1
OCNT-2313258,CYP1A2,5.924096243,5.261172655382494,3,MURCKO::c1ccc2c(c1)OCC(c1noc(-c3c[nH]nc3-c3ccncc3)n1)O2
OCNT-2313300,CYP1A2,6.463543148,6.479644303122898,1,MURCKO::O=C(Nc1ccc(-n2ccnc2)cc1)c1cc[nH]c1
OCNT-2313361,CYP1A2,5.117560838,4.875358997399812,1,MURCKO::O=C(NC1(c2nnc[nH]2)CCC1)c1cc2ccccc2[nH]1
OCNT-2313362,CYP1A2,5.041680803,5.02318305888166,0,MURCKO::O=S(=O)(NC12CCCC1CNC2)c1cc(C2CC2)no1
OCNT-2313365,CYP1A2,5.89035038,4.983022633038729,0,MURCKO::O=C(Nc1cn[nH]c1)c1ccc2ccccc2n1
OCNT-2313366,CYP1A2,5.423312147,5.26186346689951,2,MURCKO::c1ccc2c(c1)CCN2c1ncnc2[nH]ncc12
OCNT-2313367,CYP1A2,4.348778185,4.937112052789171,2,MURCKO::O=C(NC1(c2nnc[nH]2)CCC1)c1c[nH]c(-c2ccccc2)n1
OCNT-2313368,CYP1A2,5.305833905,5.314284021278509,3,MURCKO::O=C(Nc1ccc2[nH]nnc2c1)c1csc2ccccc12
OCNT-2313402,CYP1A2,4.951977945,4.693830663075078,4,MURCKO::O=C(CCc1ccccc1)NC1CCC2(CC1)N=N2
OCNT-2313403,CYP1A2,3.874877502,5.0387473128603935,4,MURCKO::O=C(NCc1ccc(C2CCCCC2)cc1)NCc1cnccn1
OCNT-2313433,CYP1A2,5.378651012,5.26715183428059,1,MURCKO::c1ccc(NCC2CCCN(c3ncnc4nc[nH]c34)C2)cc1
OCNT-2313441,CYP1A2,5.01047352,4.973006093916201,2,MURCKO::c1ccc(CNc2ncnc3c2oc2ccccc23)cc1
OCNT-2313450,CYP1A2,4.267403875,4.857616312117902,2,MURCKO::O=C(NCCC1CC1)c1cc2ccccc2[nH]1
OCNT-2313460,CYP1A2,5.59723241,5.014427616266661,3,MURCKO::c1csc(CCCNc2ncnc3sccc23)c1
OCNT-2313469,CYP1A2,5.471783767,5.122054757787188,1,MURCKO::O=C(NCc1cc[nH]n1)N1CCc2cc(-c3ccccc3)ccc21
OCNT-2313477,CYP1A2,4.96220564,5.151914298973642,4,MURCKO::O=C(NC1CC1)c1ccnc(N2CCOCC2)n1
OCNT-2313486,CYP1A2,6.643057535,5.187752064133963,1,MURCKO::c1ccc(-c2cc3c(N4CCC(n5cncn5)C4)ncnc3s2)cc1
OCNT-2313532,CYP1A2,6.87456773,5.385711986146565,2,MURCKO::O=C(Nc1ccnn1Cc1cccs1)c1ncoc1C1CC1
OCNT-2313533,CYP1A2,5.39463625,4.96870193250688,2,MURCKO::O=C(Cc1ccc2cn[nH]c2c1)NC1CC1c1ccccc1
OCNT-2313538,CYP1A2,3.861599535,5.003922194704904,2,MURCKO::O=C(Nc1nc2cccnc2s1)N1CCc2cn[nH]c2C1
OCNT-2313565,CYP1A2,4.798317928,4.410989214927117,2,MURCKO::O=C(NCCC1C(=O)Nc2ccccc21)c1cc2c(s1)CCCCC2
OCNT-2313567,CYP1A2,6.993996538,4.637057093652938,4,MURCKO::O=C(Nc1c[nH]nc1-c1ccccn1)c1ccnc2[nH]cnc12
OCNT-2313571,CYP1A2,4.236307218,4.640319668566972,1,MURCKO::O=C(NC1CCCc2ccccc21)c1cc(=O)[nH]c(C2CC2)n1
OCNT-2313573,CYP1A2,5.57377753,4.605200225290255,3,MURCKO::O=C(Nc1cccc(Cn2nc3ccccn3c2=O)c1)N1CC=C(c2c[nH]c3ncccc23)CC1
OCNT-2313586,CYP1A2,4.87605709,5.026532148472217,0,MURCKO::O=C(Nc1cccc(-c2ccco2)c1)C1CCOC1
OCNT-2313602,CYP1A2,2.768636125,4.576446251649003,2,MURCKO::O=C(c1cccc2ccccc12)N1CCCC1
OCNT-2313618,CYP1A2,3.245417602,4.703039667889212,0,MURCKO::O=C(NC(c1ccncc1)C1CC1)c1cn2c(n1)CCC2
OCNT-2313623,CYP1A2,5.465486595,4.6607522455735815,4,MURCKO::O=C(c1cnn(-c2ccccn2)c1)N1CCCC1
OCNT-2313625,CYP1A2,6.236445705,5.203168605553812,0,MURCKO::O=C(Nc1ccncc1)c1cccnc1Oc1ccccc1
OCNT-2313637,CYP1A2,5.305972895,5.013655342648569,4,MURCKO::O=C(c1cncc(-c2ccc3c(c2)CCO3)c1)N1CCCCCO1
OCNT-2313641,CYP1A2,6.3495178,5.003569001420688,3,MURCKO::O=C(c1cccc2c[nH]nc12)N1CCC(c2ccccc2)C1
OCNT-2313643,CYP1A2,3.734271975,4.671913815908655,3,MURCKO::O=C(CNC(=O)C1CC1)Nc1nc2ccccc2n1CCc1ccccn1
OCNT-2313644,CYP1A2,5.472312683,5.066430738439435,0,MURCKO::O=S(=O)(NCC1CCCc2ccccc21)c1cnn[nH]1
OCNT-2313645,CYP1A2,5.202375707,4.551781467436237,0,MURCKO::O=C(NC1COc2ccccc21)c1ccccc1
OCNT-2313657,CYP1A2,5.36122096,4.5548035841071055,2,MURCKO::O=c1[nH]c2ccccc2c(=O)n1Cc1ccccc1
OCNT-2313669,CYP1A2,4.312523853,4.706368143343612,4,MURCKO::O=C(NCCc1c[nH]c2ccccc12)C1CNCCO1
OCNT-2313682,CYP1A2,3.771370683,5.111680051888076,1,MURCKO::O=C(NCc1csc(-c2ccco2)n1)N1CCC(N2CCCC2)C1
OCNT-2313684,CYP1A2,5.303198938,5.233265971701198,1,MURCKO::O=C(NCc1cnn2ccccc12)c1cc2ccccc2[nH]1
OCNT-2313685,CYP1A2,4.04451513,4.9927449425293045,1,MURCKO::O=C(NC1CCCc2[nH]ncc21)c1cc2cn[nH]c2s1
OCNT-2313689,CYP1A2,5.99235015,4.851234074643333,2,MURCKO::c1ccc2cc(OCc3noc(CCC4CC4)n3)ccc2c1
OCNT-2313694,CYP1A2,5.148381035,5.179296441355029,1,MURCKO::O=C(Cc1noc2ccccc12)NCc1cc(C2CC2)[nH]n1
OCNT-2313698,CYP1A2,4.696802475,4.996976749063024,4,MURCKO::O=C(NC1CCCOc2ccccc21)c1cc[nH]n1
OCNT-2313708,CYP1A2,1.976778238,5.079522333246603,1,MURCKO::O=C(NCC1CCC2(CCOCC2)O1)c1cc[nH]c(=O)c1
OCNT-2313726,CYP1A2,4.493009942,4.301724003309013,0,MURCKO::O=C(NC1CCc2ccccc21)c1ccccn1
OCNT-2313749,CYP1A2,4.65559707,4.920252176855923,2,MURCKO::O=C(c1cc2ccccc2[nH]1)N1CCC(c2ccccc2)C1
OCNT-2313771,CYP1A2,4.3306791,4.957069824630665,4,MURCKO::c1ccc(OC2CCN(c3cnccn3)CC2)nc1
OCNT-2313778,CYP1A2,5.030950358,5.034393766494161,3,MURCKO::O=C(c1ccc(Cn2cncn2)cc1)N1CC(C2CC2)CC1C1CC1
OCNT-2313785,CYP1A2,4.137496055,4.787863393267905,2,MURCKO::O=C(Nc1cc2ccccc2cn1)N1CCC(C2CC2)C1c1n[nH]c(=O)[nH]1
OCNT-2313789,CYP1A2,5.929767522,4.474423340902831,4,MURCKO::O=c1c2c(-c3ccccc3)csc2ncn1CCC1CCNC1
OCNT-2313799,CYP1A2,5.82772761,4.861076111302308,0,MURCKO::O=C(NCC1(Cc2ccccc2)CCC1)c1cccc2cn[nH]c12
OCNT-2313808,CYP1A2,4.187514473,4.838513989891046,1,MURCKO::O=C(NCC1CCN1C1CCOCC1)c1csc(-c2ccoc2)n1
OCNT-2313825,CYP1A2,4.357767425,5.275639984732397,0,MURCKO::O=C(c1coc(=O)c2ccccc12)N1CCCC2(CCCc3ccccc32)C1
OCNT-2313829,CYP1A2,2.85838406,4.994723697424046,2,MURCKO::O=C(c1cncs1)N1CCC(Cc2nc3ccccc3[nH]2)CC1
OCNT-2313831,CYP1A2,4.441024328,4.723273178781247,0,MURCKO::O=C1NCc2c(NC(=O)c3cnn4ccccc34)cccc21
OCNT-2313833,CYP1A2,2.738524978,4.371227601627537,4,MURCKO::O=C1CC(CC(=O)Nc2ccc[nH]c2=O)c2ccccc2N1
OCNT-2313845,CYP1A2,6.07951315,4.667854158053455,3,MURCKO::O=C(CSc1ccc2ccccc2n1)Nc1ccccc1
OCNT-2313851,CYP1A2,3.29024339,5.191989979216659,1,MURCKO::c1ccc(Cc2nccc(N3CC(c4cnn[nH]4)C3)n2)cc1
OCNT-2313863,CYP1A2,5.09262361,4.7401823967386925,0,MURCKO::O=C(Cc1ccsc1)Nc1ccc2c(c1)NC(=O)CCO2
OCNT-2313865,CYP1A2,4.458827477,4.769659087160959,3,MURCKO::O=C(Nc1cnn(Cc2ccccc2)c1)N1CCC(n2ccnc2)CC1
OCNT-2313872,CYP1A2,4.071929785,4.876826050569807,0,MURCKO::O=C(Nc1ccc2ncnn2c1)c1cc(C2CC2)n[nH]1
OCNT-2313876,CYP1A2,7.16801983,5.472553044379536,1,MURCKO::O=C(NC(c1ccncc1)C1CC1)c1ccccn1
OCNT-2313886,CYP1A2,4.82344904,4.970617510491693,0,MURCKO::O=C(c1ccc2cc[nH]c2n1)N1CCOC(c2ccccc2)C1
OCNT-2313888,CYP1A2,5.344484643,4.723324900056037,2,MURCKO::O=C(c1ccc(-c2ccccc2)o1)N1CCCC1
OCNT-2313895,CYP1A2,5.363035167,4.969468921321663,3,MURCKO::O=C(CNC(=O)C1CC1)Nc1cccc(-c2ccccc2)n1
OCNT-2313906,CYP1A2,2.116247137,4.676198904309543,3,MURCKO::O=C(Nc1ccc(NC(=O)C2CCCO2)cc1)NC1CCCN(c2ccccc2)C1=O
OCNT-2313910,CYP1A2,4.459490872,4.872091930391057,1,MURCKO::O=C(NCc1cnc(-c2ccccc2)s1)C1CCCN1
OCNT-2313912,CYP1A2,4.951305708,4.588060617878724,1,MURCKO::c1ccc(OCc2n[nH]c(-c3cc4n(n3)CCC4)n2)cc1
OCNT-2313913,CYP1A2,4.69094824,4.964829138763392,4,MURCKO::O=C1CCCN1Cc1ccccc1NCc1cnc(-c2ccsc2)s1
OCNT-2313923,CYP1A2,4.824067162,4.8921243965011065,0,MURCKO::O=C(NCc1ccccc1)c1ccccc1
OCNT-2313939,CYP1A2,2.312545838,4.542919815045595,0,MURCKO::O=C(NC1CC1c1ccccc1)c1cc(=O)cc[nH]1
OCNT-2313948,CYP1A2,3.274140225,4.789802622977585,4,MURCKO::O=C(Nc1nnc(-c2ccccn2)s1)c1ccccc1
OCNT-2313963,CYP1A2,2.320936362,4.619534428707038,4,MURCKO::O=C(Cc1ccccc1)Nc1ccsc1
OCNT-2313985,CYP1A2,5.394589782,4.883798909963895,2,MURCKO::O=C(Nc1cccc(N2CCOCC2)c1)NC12CCCC1CNC2
OCNT-2313989,CYP1A2,4.977921315,4.627463387999457,2,MURCKO::O=C(NCc1cn(-c2ccccc2)nn1)c1ccn[nH]1
OCNT-2313994,CYP1A2,5.165077923,5.279938158283592,3,MURCKO::c1cc(N2CCC(Cc3c[nH]cn3)CC2)ncn1
OCNT-2313999,CYP1A2,5.25169719,4.652184909781589,1,MURCKO::O=C(COc1ccc2c(c1)CCCC2)NC1CCCCC1
OCNT-2314003,CYP1A2,6.796123202,5.524171705971311,4,MURCKO::O=C(NCc1ccncc1)c1n[nH]c2ncccc12
OCNT-2314004,CYP1A2,4.995842308,5.132007720409719,1,MURCKO::C1=Nc2nc3cc4c(cc3n2C(c2c[nH]nc2-c2cc3ccccc3o2)N1)OCCCO4
OCNT-2314006,CYP1A2,3.464743202,5.0492100163705995,1,MURCKO::c1cc(-c2nc(-c3ccc(N4CCCCC4)cc3)no2)ccn1
OCNT-2314023,CYP1A2,4.92848564,4.765393349558959,2,MURCKO::O=C(c1cc2[nH]ccc2[nH]1)N1CCC(c2ccccc2)C1
OCNT-2314024,CYP1A2,3.580218852,4.790295660435997,1,MURCKO::O=C(c1ccc[nH]c1=O)N1CCOc2ccccc2C1
OCNT-2314028,CYP1A2,5.189623607,5.024727324290308,1,MURCKO::O=C(c1ccc(NCC2CC2)nc1)N1CC=C(c2c[nH]c3ccccc23)CC1
OCNT-2314032,CYP1A2,5.142250608,4.957434795634258,0,MURCKO::O=C1NCC2CN(Cc3ccc(-c4ccccc4)o3)CCN12
OCNT-2314045,CYP1A2,5.159640505,5.117452157930578,4,MURCKO::O=C(NCc1cc[nH]n1)c1c[nH]nc1-c1ccco1
OCNT-2314050,CYP1A2,4.89527568,4.897552550003812,1,MURCKO::c1ccc(-c2nc(-c3cnccn3)nn2C2CCCC2)cc1
OCNT-2314061,CYP1A2,2.29687258,5.197604085086621,2,MURCKO::O=C(NS(=O)(=O)c1ccccc1)c1cccc(-c2ccncc2)n1
OCNT-2314062,CYP1A2,5.480242963,5.039150552279746,2,MURCKO::c1ccc(-c2nc(-c3ccc4[nH]ccc4c3)no2)cc1
OCNT-2314068,CYP1A2,5.458361225,4.578522679982687,2,MURCKO::O=c1[nH]c2ccccc2nc1NCc1nnc2ccccn12
OCNT-2314070,CYP1A2,4.781566355,4.699056092112942,0,MURCKO::O=C(Nc1ccc(-c2cc(=O)[nH][nH]2)cc1)c1cn[nH]c1-c1cc[nH]n1
OCNT-2314083,CYP1A2,3.683065297,4.819386933880003,2,MURCKO::O=C(NCC1Cc2ccccc2O1)c1cnc2[nH]ncc2c1
OCNT-2314086,CYP1A2,5.045519055,4.611169895005847,1,MURCKO::O=c1[nH]c2ccccc2cc1CNc1ccccn1
OCNT-2314087,CYP1A2,3.397316567,5.036541716787628,3,MURCKO::O=C1CC(c2nc(-c3cccc(-c4nnc[nH]4)c3)no2)CN1c1ccc2c(c1)CCC2
OCNT-2314103,CYP1A2,5.737406968,5.451111220298346,1,MURCKO::O=C(Nc1ccccc1OCc1ccccc1)c1cc[nH]n1
OCNT-2314120,CYP1A2,5.45362818,5.2703733315709,1,MURCKO::c1ccc2c(Nc3ccc4[nH]ccc4c3)ncnc2c1
OCNT-2314135,CYP1A2,4.879882067,5.621279736650799,4,MURCKO::O=C(Nc1ccc(Cc2ccncc2)cc1)c1cn[nH]c1
OCNT-2314136,CYP1A2,5.092065247,5.0252659494303105,3,MURCKO::c1cc2c(cc1Nc1nnc(C3CCC3)[nH]1)OCO2
OCNT-2314140,CYP1A2,4.3257124,4.764235555024947,1,MURCKO::O=C(Nc1cnn(-c2ncccn2)c1)NC12CCCC1CNC2
OCNT-2314146,CYP1A2,2.49024627,4.675754489177822,1,MURCKO::O=C1CCC(N2Cc3ccc(CNC(=O)c4cnc(C5CC5)nc4)cc3C2=O)C(=O)N1
OCNT-2314148,CYP1A2,4.62330209,5.029803180836531,3,MURCKO::O=C(Cc1ccccc1)N1CCC(c2ccccc2)C1
OCNT-2314151,CYP1A2,4.124147192,5.007247041479049,1,MURCKO::O=C(CCc1c[nH]c2ccccc12)Nc1cccnc1
OCNT-2314160,CYP1A2,4.898082708,4.9027195924679985,1,MURCKO::O=S(=O)(NCCc1ccccc1)c1cccnc1
OCNT-2314178,CYP1A2,4.91695024,5.045086684343266,2,MURCKO::c1ccc(C2CCN(c3ncnc4c3CCCC4)C2)cc1
OCNT-2314197,CYP1A2,5.76322843,5.2693890527172735,4,MURCKO::c1ccc(Nc2cc(-c3cccc(-n4cnnn4)c3)ccn2)nc1
OCNT-2314202,CYP1A2,4.98344575,4.8221030503551745,4,MURCKO::O=C(NC1CCN(c2ncccn2)CC1)c1c[nH]c(-c2ccccc2)n1
OCNT-2314207,CYP1A2,2.075823873,5.246062608473335,1,MURCKO::O=C(c1cccc2nccnc12)N1CCC(Cc2nccs2)C1
OCNT-2314208,CYP1A2,4.88711199,4.6581507510853335,3,MURCKO::O=C(c1n[nH]c2ccccc12)N1CCC(Nc2ccccc2)CC1
OCNT-2314210,CYP1A2,5.0010382,4.647864109510001,4,MURCKO::c1ccc(CNc2ncnc3[nH]ncc23)cc1
OCNT-2314217,CYP1A2,4.883194592,5.288733168808032,2,MURCKO::c1ccc(-c2nc3ncccc3[nH]2)cc1
OCNT-2314226,CYP1A2,7.444914285,5.031692274675813,3,MURCKO::O=C(Nc1ccccc1)c1cccc(Cn2cncn2)c1
OCNT-2314234,CYP1A2,4.939029643,5.071481786681371,1,MURCKO::O=C(Cc1cnc2cc(=O)[nH]n2c1)N1CCC(Cn2cccn2)CC1
OCNT-2314237,CYP1A2,4.928972322,5.191336245179359,4,MURCKO::c1ccc2sc(CN3CCC(Cc4c[nH]cn4)CC3)nc2c1
OCNT-2314247,CYP1A2,5.411912248,4.654533403507705,3,MURCKO::O=C1CN(C(=O)c2ccc3c(n2)CCCC3)CN1CC1CC1
OCNT-2314248,CYP1A2,5.615187175,4.854433611139699,2,MURCKO::O=C(Nc1ccccc1)c1cc2ncccn2n1
OCNT-2314254,CYP1A2,4.873584605,4.770461198728322,2,MURCKO::O=C(NCCN1CCc2sccc2C1)c1cc2ccccc2[nH]1
OCNT-2314257,CYP1A2,4.433970477,5.238153815193079,0,MURCKO::O=C(NCc1ccno1)NC1CCc2ccccc21
OCNT-2314259,CYP1A2,4.806075,4.723610351152187,4,MURCKO::c1ccc(-c2ccc3c(c2)CCOC3)cc1
OCNT-2314263,CYP1A2,5.682462058,5.036584654212987,4,MURCKO::c1ccc(CNc2cccc(-c3nnc[nH]3)c2)cc1
OCNT-2314266,CYP1A2,4.976558362,5.048305838925453,1,MURCKO::O=C(Nc1cccc2c1CNCC2)c1cc2ccccn2n1
OCNT-2314267,CYP1A2,5.478312372,5.260294357041839,0,MURCKO::O=S(=O)(c1cccs1)N1CCCC1c1nc(-c2ccccc2)no1
OCNT-2314273,CYP1A2,5.572826473,4.663973720337215,1,MURCKO::O=C(C1CNc2ccnn2C1)N1CCc2[nH]nc(-c3ccccc3)c2C1
OCNT-2314301,CYP1A2,3.736200485,4.6340318015001065,4,MURCKO::O=c1[nH]c(Nc2ccc(OC3CCCC3)cc2)nc2[nH]ncc12
OCNT-2314305,CYP1A2,5.072082613,4.975884967521953,2,MURCKO::c1nc(NCc2ccn(C3CCCC3)n2)c2cc[nH]c2n1
OCNT-2314306,CYP1A2,5.410053963,5.2914498142282875,0,MURCKO::O=C(c1cccs1)N1CCNc2ccccc21
OCNT-2314307,CYP1A2,5.657668365,4.558404730739144,3,MURCKO::c1ccc(-c2nsc(N3CCCCC3)n2)cc1
OCNT-2314310,CYP1A2,4.770727645,4.772804220507164,4,MURCKO::O=C(c1cccc(COc2ccccc2)c1)N1CCc2cc(-c3cscn3)ccc21
OCNT-2314321,CYP1A2,4.922546245,5.035173713029396,0,MURCKO::c1nc2cc3c(cc2s1)OCO3
OCNT-2314322,CYP1A2,4.90689459,4.926725827612089,2,MURCKO::O=C(CS(=O)(=O)Cc1cscn1)Nc1ccc2c(c1)CCC2
OCNT-2314323,CYP1A2,2.010933592,4.505925559721411,3,MURCKO::O=c1ccc2ccccc2[nH]1
OCNT-2314329,CYP1A2,5.298937333,5.139277977920717,3,MURCKO::O=C(NCc1ccccc1)c1csc(-c2nnc[nH]2)n1
OCNT-2314335,CYP1A2,4.86428017,4.720177446205218,2,MURCKO::O=C(NCCN1CCOCC1)c1ccn(-c2ccccc2)n1
OCNT-2314356,CYP1A2,5.025191425,4.906067327358794,4,MURCKO::O=C(NCc1c[nH]c2ccccc12)c1cc2c(nn1)CCCC2
OCNT-2314360,CYP1A2,4.503792502,4.770086062507994,3,MURCKO::O=C(NCC1(Cc2ccccc2)CCCC1)c1ccc2[nH]ncc2c1
OCNT-2314369,CYP1A2,5.32552638,5.44822615937626,3,MURCKO::c1cc2cn[nH]c2cc1-c1noc(C23CNCC2CCOC3)n1
OCNT-2314373,CYP1A2,6.519893535,5.040395370427708,0,MURCKO::c1ccc(-n2cc(-c3ncc[nH]3)nn2)cc1
OCNT-2314381,CYP1A2,5.607921522,5.1136218579263595,2,MURCKO::c1cnc(N(Cc2cn[nH]c2)CC2CCc3ccccc32)nc1
OCNT-2314399,CYP1A2,1.97698462,4.500221685107947,4,MURCKO::O=C1CCC(NC(=O)c2cnc3ccccc3c2)C(=O)N1
OCNT-2314402,CYP1A2,6.34625435,5.110442631320916,0,MURCKO::O=C(Nc1ccccc1)Nc1ccn(Cc2cccnc2)n1
OCNT-2314405,CYP1A2,5.130239262,4.957044589888294,2,MURCKO::O=C(Cc1ccc(C2CCC2)cc1)Nc1c[nH]nc1-c1ccccn1
OCNT-2314407,CYP1A2,4.971656497,4.782281451850318,2,MURCKO::O=C(NC1CCCN(c2cccnn2)C1)c1cc2ccccc2[nH]1
OCNT-2314408,CYP1A2,5.046927207,5.687722428687867,4,MURCKO::O=C(Nc1cn[nH]c1)c1cc2ccccc2n1Cc1ccncc1
OCNT-2314410,CYP1A2,6.97618021,4.710300535029017,0,MURCKO::O=C(Nc1cn[nH]c1)c1cc2ccccc2[nH]1
OCNT-2314433,CYP1A2,5.307677755,5.106850338149924,4,MURCKO::c1ccc(NCc2ccc3c(c2)CNC3)nc1
OCNT-2314436,CYP1A2,2.05886211,5.064409596314818,3,MURCKO::O=C(NC1CCN(C(=O)C2CCCN(C(=O)Cc3ccccc3)C2)CC1)c1ccoc1
OCNT-2314446,CYP1A2,3.850819357,4.574430722501022,3,MURCKO::O=C(CCc1c[nH]c2ccccc12)N1CCN(C(=O)C2CCCN2)CC1
OCNT-2314454,CYP1A2,3.90601283,4.349647823961486,1,MURCKO::O=C(NCc1ccccc1)c1n[nH]c2nc[nH]c(=O)c12
OCNT-2314457,CYP1A2,3.619158855,5.749280588820427,2,MURCKO::c1ccc(Cn2cncc2Cn2cc(Cn3cncn3)nn2)cc1
OCNT-2314460,CYP1A2,2.27034177,4.501913744022771,3,MURCKO::O=C(CN1CCOC1=O)Nc1nc2c(s1)C(=O)NCCC2
OCNT-2314461,CYP1A2,3.335483357,4.79411172925493,3,MURCKO::C1=CC2CC1CC2c1nc(-c2ccc(N3CCCNCC3)nc2)no1
OCNT-2314462,CYP1A2,5.02937702,4.902147358946168,0,MURCKO::O=S(=O)(Nc1cccc2cc[nH]c12)c1ccccc1
OCNT-2314465,CYP1A2,2.118008605,4.727608715562557,2,MURCKO::O=C(Nc1cccc(-c2nnc[nH]2)c1)c1ccc2c(c1)CCN2
OCNT-2314468,CYP1A2,5.948517677,4.97443417569938,2,MURCKO::c1ccc2c(c1)[nH]c1ncnc(NC3CCCC3n3cccn3)c12
OCNT-2314481,CYP1A2,4.971627888,4.902644948856791,1,MURCKO::O=C(OCc1ncc2ccccc2n1)c1cncc(-c2ccccc2)c1
OCNT-2314482,CYP1A2,5.075178525,5.019472381419902,4,MURCKO::O=C(Nc1cnc2cccnn12)c1cc(C2CC2)nc2ccccc12
OCNT-2314488,CYP1A2,4.938106148,5.3920564690761505,2,MURCKO::C=C1COc2c(C(=O)NCc3n[nH]c4ccccc34)cnn2C1
OCNT-2314499,CYP1A2,5.231568163,5.174099079491709,0,MURCKO::O=C(c1cnn(-c2ccccc2)n1)N1CCCC1
OCNT-2314500,CYP1A2,5.341003912,4.805367201509844,0,MURCKO::c1ccc(N2CCc3ccccc3C2)nc1
OCNT-2314528,CYP1A2,5.037264623,4.749222085479087,1,MURCKO::c1ccc(N2CCC(CNc3ncnc4ccccc34)C2)cc1
OCNT-2314532,CYP1A2,4.816643603,4.875441270330397,1,MURCKO::O=C(NCC1CCC1)Nc1c(-c2ccccc2)[nH]c2ccccc12
OCNT-2314534,CYP1A2,5.282190228,5.214295579565777,0,MURCKO::O=C(Nc1c[nH]c2ccccc12)c1conc1C1CCCC1
OCNT-2314536,CYP1A2,5.513695345,5.293724834888308,4,MURCKO::O=C(NCc1cccnc1)c1csc(-c2ccccc2)n1
OCNT-2314551,CYP1A2,5.4540855,4.886882775693331,0,MURCKO::O=C(COC(=O)c1cnc2[nH]ncc2c1)NCCOc1ccc2c(c1)OCO2
OCNT-2314567,CYP1A2,5.245688108,5.214820193638463,4,MURCKO::O=C(Nc1cccc(-c2ccn[nH]2)c1)c1ccccn1
OCNT-2314568,CYP1A2,5.068768728,5.107664305085912,4,MURCKO::c1ccc(CNc2nc(-c3ccccc3)ns2)cc1
OCNT-2314574,CYP1A2,2.4750014,4.666218177685025,2,MURCKO::O=C(c1cnc2ccccc2n1)N1CCCCC1
OCNT-2314582,CYP1A2,5.62132827,4.975345055994,0,MURCKO::c1cc2c(cc1-c1ccc3c(c1)OCOC3)CNCC2
OCNT-2314588,CYP1A2,6.58745454,5.248385276834335,4,MURCKO::c1ccc(CC2(CNCc3c[nH]nc3-c3cccnc3)CC2)cc1
OCNT-2314608,CYP1A2,4.514747225,4.806841119681357,4,MURCKO::O=C(Nc1nccs1)C1CCCN1C(=O)CCc1ccccc1
OCNT-2314615,CYP1A2,5.145038037,4.824229867187918,4,MURCKO::O=C(Cn1cc(-c2ccccc2)nn1)Nc1ccccc1
OCNT-2314617,CYP1A2,4.850214027,4.622807700023885,1,MURCKO::O=C(Nc1ccccc1)c1cc(C2CC2)nc2ccccc12
OCNT-2314624,CYP1A2,4.974948185,4.909509559039249,4,MURCKO::O=C(OCc1cc2ccccc2[nH]c1=O)C1(c2ccccn2)CC1
OCNT-2314625,CYP1A2,5.575078667,4.795495256033133,2,MURCKO::O=C(Nc1ccc2c(c1)NCCO2)c1cc2ccccc2[nH]1
OCNT-2314639,CYP1A2,5.54379485,4.912577530382135,3,MURCKO::O=C(NCc1ccc2[nH]ccc2c1)c1ccccc1
OCNT-2314641,CYP1A2,5.189477727,4.977750631826419,3,MURCKO::O=C(NCc1cnc2n1CCCC2)c1ccccc1Oc1ccccc1
OCNT-2314649,CYP1A2,4.909640955,4.849584886457343,3,MURCKO::O=C(c1ccc2ccccc2n1)N1CCc2ccccc2C1
OCNT-2314654,CYP1A2,5.23539196,5.0088826032353735,0,MURCKO::c1ccc(-c2noc(CCn3ccnc3)n2)cc1
OCNT-2314657,CYP1A2,6.829797427,5.091542040036265,2,MURCKO::O=C(c1ccn(-c2ccccc2)n1)N1CCC(Oc2ccccn2)C1
OCNT-2314662,CYP1A2,4.906514393,5.160515765551024,0,MURCKO::O=C(NCc1noc(C2CC2)n1)c1ccc2ccccc2n1
OCNT-2314663,CYP1A2,5.018145305,4.405684228185653,3,MURCKO::O=C(CCOC1CCOCC1)Nc1nc2ccccc2s1
OCNT-2314674,CYP1A2,5.114508545,5.086136436838806,3,MURCKO::O=C1NC(CCc2ccncc2)C(=O)N1c1ccccc1
OCNT-2314683,CYP1A2,2.710978327,5.468776999949245,2,MURCKO::c1cc2c(cc1-c1noc(-c3cc(C4CC4)nc4oncc34)n1)CCO2
OCNT-2314688,CYP1A2,4.951358575,4.879309705937205,3,MURCKO::O=C(CCc1ccncn1)N1CCCc2ccccc21
OCNT-2314691,CYP1A2,5.09154258,4.9165358087324424,1,MURCKO::O=C(CCc1nc(-c2ccncc2)no1)N1CCCCC1Cc1ccccc1
OCNT-2314692,CYP1A2,4.02754536,5.06153412016936,3,MURCKO::O=C(Nc1ccc(C2CC2)nn1)N1CCOCC1
OCNT-2314695,CYP1A2,5.186929785,5.111855480334585,0,MURCKO::c1cncc(-c2nccc(NCC3CCOCC3)n2)c1
OCNT-2314699,CYP1A2,5.018384795,5.07693926978481,2,MURCKO::O=C(c1ccc(-c2ccccc2)s1)N1CC2CC2C1
OCNT-2314705,CYP1A2,5.432151835,4.743352508658763,4,MURCKO::c1nc2c(N3CCOCC3)nc(N3CCCC3)nc2[nH]1
OCNT-2314706,CYP1A2,6.074837122,4.9002963656300444,0,MURCKO::O=C(Cc1csc2ccccc12)OCc1ncccn1
OCNT-2314720,CYP1A2,4.989900158,4.887811077613034,1,MURCKO::c1nc(-c2ccc3c(n2)CCCC3)no1
OCNT-2314739,CYP1A2,2.695982695,5.135365862307852,0,MURCKO::c1ccc(C(CNc2ccncn2)N2CCOCC2)cc1
OCNT-2314741,CYP1A2,2.40076287,5.047248183682233,3,MURCKO::O=C(Nc1cnn(Cc2ccccc2)c1)N1CCOC2(CCOC2)C1
OCNT-2314750,CYP1A2,5.44580044,4.7653531039559365,0,MURCKO::O=C(C1CCCNC1)N1CCCCC1
OCNT-2314757,CYP1A2,5.951268233,4.933769135167433,4,MURCKO::O=C(c1ccc(NC2CC2)nc1)N1Cc2ccccc2C1
OCNT-2314768,CYP1A2,5.070780313,4.832792443102593,0,MURCKO::O=C(Cc1cccc(OCc2cccnc2)c1)Nc1nc(-c2ccccn2)n[nH]1
OCNT-2314771,CYP1A2,7.405144345,5.449257698459455,3,MURCKO::c1ccc(-c2csc(-c3ccccc3)n2)cc1
OCNT-2314774,CYP1A2,5.244450755,5.1201865306461345,4,MURCKO::c1ccc(CNC2CCCc3ncccc32)cc1
OCNT-2314777,CYP1A2,6.328517175,5.147739608854726,3,MURCKO::c1cncc(CC2CCCN(c3nsc4cccnc34)C2)c1
OCNT-2314795,CYP1A2,6.73828981,5.503542221875518,3,MURCKO::O=C(CCc1ccccc1)Nc1ccc(-n2ccnc2)nc1
OCNT-2314801,CYP1A2,5.890563753,5.3635733720171475,1,MURCKO::O=C(COc1ccccc1-n1ccnc1)Nc1ccccc1
OCNT-2314804,CYP1A2,5.844491977,4.687508660515068,2,MURCKO::c1ccc(-c2noc(-c3ccccc3)n2)cc1
OCNT-2314807,CYP1A2,5.24065141,5.285473750093376,0,MURCKO::c1cc(CNc2nnc(-c3ccon3)s2)ccn1
OCNT-2314812,CYP1A2,5.780750562,4.81322265015894,4,MURCKO::c1nc(NCc2ccn(C3CCCC3)n2)c2ccsc2n1
OCNT-2314813,CYP1A2,4.75499872,5.040263129288514,2,MURCKO::O=C(OCc1nc(-c2ccccc2)cs1)c1cn[nH]c1
OCNT-2314831,CYP1A2,3.563352015,4.499050437396342,2,MURCKO::O=S1(=O)CCC(N2CCN(c3ncnc4[nH]ccc34)CC2)C1
OCNT-2314859,CYP1A2,2.042327302,5.1525102282146715,0,MURCKO::c1ccc(NCc2cccc(COCC3CCCO3)c2)nc1
OCNT-2314861,CYP1A2,5.799931155,4.455958207924964,3,MURCKO::c1ccc(-c2ccnc(N3CCNCC3)n2)cc1
OCNT-2314875,CYP1A2,4.88428075,4.856718301984492,1,MURCKO::O=C(NCc1ccccn1)c1nc2ccccc2[nH]1
OCNT-2314879,CYP1A2,5.227320898,4.658977547134043,1,MURCKO::O=C(Nc1nc2ccccc2[nH]1)c1csc(-c2ccccc2)n1
OCNT-2314884,CYP1A2,6.840346737,5.053836476880694,1,MURCKO::O=C(Nc1c[nH]nc1-c1ccccn1)c1ccccn1
OCNT-2314886,CYP1A2,5.09296862,4.998773266899694,3,MURCKO::c1nc(N2CCC(Cc3cn[nH]c3)C2)c2cc[nH]c2n1
OCNT-2314896,CYP1A2,5.191857085,4.6691820169271185,2,MURCKO::c1ccc(NCc2c[nH]nc2-c2ccc3c(c2)OCCCO3)cc1
OCNT-2314897,CYP1A2,4.984620122,4.590986801742163,0,MURCKO::c1ccc(COc2cnn3c2CNCC3)nc1
OCNT-2314903,CYP1A2,1.94001595,5.077008956252474,4,MURCKO::O=C(Nc1ccccc1)c1cc(-c2cccs2)nc2[nH]ncc12
OCNT-2314905,CYP1A2,4.814014597,4.694516938177634,3,MURCKO::O=C(Nc1ccccc1)N1CCc2nc[nH]c2C1
OCNT-2314929,CYP1A2,3.45006206,4.633252335987541,3,MURCKO::c1ccc(NCc2ncn[nH]2)cc1
OCNT-2314937,CYP1A2,5.193755937,5.553408708607736,1,MURCKO::c1ccc(-c2ccc3c(c2)OCCCC3)cc1
OCNT-2314941,CYP1A2,5.014127535,5.037188339742441,1,MURCKO::c1ccc2c(c1)CCN(c1ncnc3c1OCCN3)C2
OCNT-2314946,CYP1A2,2.04147612,4.51988178948865,1,MURCKO::O=C(NC1CCN(C(=O)c2nncs2)CC1)c1ccccc1
OCNT-2314951,CYP1A2,7.948524865,5.354164159404012,2,MURCKO::c1ccc(CCNc2ccncc2)cc1
OCNT-2314966,CYP1A2,3.411878885,5.2057766187266195,2,MURCKO::O=C(Cc1cccc2cccnc12)N1CCCCC1c1ncon1
OCNT-2314968,CYP1A2,3.79530019,4.703630164527052,0,MURCKO::O=C(N1CCc2[nH]ncc2C1)C1(c2ccccc2)CCC1
OCNT-2314977,CYP1A2,5.870257998,4.877805672011359,1,MURCKO::O=C1c2ccccc2C(=O)N1Cc1cc(-c2ccccc2)on1
OCNT-2314998,CYP1A2,1.920213635,4.536812017856446,3,MURCKO::O=C(Cn1nc2ccccn2c1=O)N1CCc2ccccc21
OCNT-2315001,CYP1A2,5.194314412,5.028313860456421,1,MURCKO::O=C(NCc1ccccc1)C1=Cc2ccccc2OC1
OCNT-2315005,CYP1A2,5.023546825,4.6354581632769065,3,MURCKO::O=C(NC1CCOC1)c1ccn(-c2ncccn2)n1
OCNT-2315008,CYP1A2,4.313483523,4.93539598906006,4,MURCKO::O=C(NCc1cc2ccccc2s1)NCC12CC1COC21CCC1
OCNT-2315016,CYP1A2,6.212632232,4.914948402542122,4,MURCKO::O=C(Nc1cccc2ncccc12)c1ccc[nH]c1=O
OCNT-2315030,CYP1A2,1.999050187,5.42771085291702,4,MURCKO::O=C(Nc1cccc2cccnc12)c1ccc(-c2ccccn2)[nH]c1=O
OCNT-2315034,CYP1A2,6.252203423,5.079967342686187,3,MURCKO::O=C(Nc1cncnc1-n1cccn1)c1cnn2ccc(C3CC3)nc12
OCNT-2315036,CYP1A2,6.30273673,5.015546386489572,4,MURCKO::O=C(NCCN1CCN(c2ccccn2)CC1)c1[nH]nc2c1CCCC2
OCNT-2315039,CYP1A2,5.81602332,5.075927647533348,0,MURCKO::c1ccc(N2CCC(c3nc(-c4cccc5[nH]ccc45)no3)C2)cc1
OCNT-2315045,CYP1A2,5.39669672,5.134884974084326,2,MURCKO::O=C1CCCCN1Cc1nc(Cc2cnc[nH]2)no1
OCNT-2315052,CYP1A2,5.769169795,4.856267178168829,2,MURCKO::c1cc(CCNc2nccc3nccnc23)ccn1
OCNT-2315056,CYP1A2,4.832905623,4.8963007508297025,2,MURCKO::O=C(c1cc2ccccc2o1)N1CCc2ccccc2C1
OCNT-2315064,CYP1A2,3.243709095,4.951271986062041,0,MURCKO::O=C(c1cnc2[nH]nnc2c1)N1CCC(Oc2ccncc2)CC1
OCNT-2315086,CYP1A2,4.003649968,4.471152550991372,2,MURCKO::O=C1CCC(NC(=O)c2ccc3nc(-c4ccccc4)oc3c2)C(=O)N1
OCNT-2315091,CYP1A2,3.84919785,5.056318686250061,1,MURCKO::c1nc(C2CC2)cc(N2CCC(c3cc[nH]n3)CC2)n1
OCNT-2315092,CYP1A2,5.579016197,4.61735033102771,1,MURCKO::O=C(c1csc(-c2ccccc2)n1)N1CCc2[nH]cnc2C1
OCNT-2315093,CYP1A2,5.309402598,4.471196888604297,0,MURCKO::O=C(NCc1cccc(=O)[nH]1)c1cncc(-c2ccccc2)c1
OCNT-2315106,CYP1A2,6.117238633,4.4623017876812785,4,MURCKO::O=C(Nc1ccccc1)c1cccc(C2CC2)c1
OCNT-2315112,CYP1A2,5.673541682,5.185344250590653,3,MURCKO::O=C(NCc1cn2ccsc2n1)c1c[nH]c2ccccc12
OCNT-2315113,CYP1A2,5.132104528,4.874383659840586,3,MURCKO::O=C(Nc1ccccc1)Nc1ccc(Oc2ccccc2)nc1
OCNT-2315115,CYP1A2,4.604758073,5.183287151138856,0,MURCKO::c1nc(C2CC2)cc(N2CCC(c3nccs3)CC2)n1
OCNT-2315126,CYP1A2,6.327038425,5.039750237090281,0,MURCKO::O=C(Nc1ccn[nH]1)c1cccc2cccnc12
OCNT-2315130,CYP1A2,6.304488135,4.955647067759368,1,MURCKO::O=C(NCc1ccncc1)c1ccccc1N1CCOCC1
OCNT-2315133,CYP1A2,4.210613742,5.101123135847795,1,MURCKO::c1cncc(C2CCCN2Cc2cn[nH]c2)c1
OCNT-2315138,CYP1A2,5.39338793,5.535804433539788,4,MURCKO::O=C(NCC1OCCc2ccccc21)c1occc1COc1ccccc1
OCNT-2315139,CYP1A2,5.262298323,4.897376193543561,4,MURCKO::O=C(NCc1cnn(-c2ccccc2)c1)c1ccc[nH]c1=O
OCNT-2315148,CYP1A2,7.76335634,4.589216013002472,1,MURCKO::O=C(Nc1cccc(-c2cccnc2)c1)C1CC1
OCNT-2315150,CYP1A2,5.234456892,5.1527877322725635,4,MURCKO::O=C(Cc1n[nH]c2ccccc12)N1CCc2ccccc21
OCNT-2315153,CYP1A2,2.744313135,4.410788227196455,1,MURCKO::O=C(COc1ccccc1)N1CCN(C(=O)c2coc3c2COC3)CC1
OCNT-2315156,CYP1A2,5.792689712,4.922938695711608,2,MURCKO::O=C(c1cnc2ccccc2n1)N1CCOCC1
OCNT-2315174,CYP1A2,4.517059267,4.3170604548359215,0,MURCKO::O=C(c1cncc(-c2ccccc2)c1)N1CCCCC1
OCNT-2315175,CYP1A2,5.324971995,4.817874962659672,1,MURCKO::O=C(NCCN1CCOCC1)c1ccc(-c2cccs2)cc1
OCNT-2315183,CYP1A2,5.84268611,4.965234289788995,3,MURCKO::O=C(NCc1ccccc1)c1cnc(NC2CC2)s1
OCNT-2315186,CYP1A2,5.661162435,4.484824242157648,1,MURCKO::O=C(NCc1nc[nH]n1)c1ccccc1N1CCCC1
OCNT-2315194,CYP1A2,5.70175191,4.953862045810649,0,MURCKO::O=C(NCC1CCCC2(CCC2)O1)Nc1cc2ccccc2nn1
OCNT-2315211,CYP1A2,5.726395405,4.994711492377414,4,MURCKO::O=C(Nc1ccccc1)c1cccc2c1C(=O)NC2
OCNT-2315212,CYP1A2,5.799003935,4.903504198255816,3,MURCKO::c1ccc(OCC2CN(c3nc(-c4cccnc4)nc4ccccc34)CCO2)cc1
OCNT-2315214,CYP1A2,3.804000157,4.3669420476055825,1,MURCKO::O=C1CN(C(=O)CCc2ccccc2)CCCN1
OCNT-2315226,CYP1A2,4.922043265,4.762836103090082,3,MURCKO::O=C(NCC1CCC12CCOCC2)c1cc2ccccc2o1
OCNT-2315230,CYP1A2,6.134430408,5.150166875180363,1,MURCKO::O=C(NCCC1CCCCO1)c1csc2cncn12
OCNT-2315236,CYP1A2,4.907665685,4.755942759792008,1,MURCKO::O=C(NC1CCN(C(=O)C2(n3cnnn3)CCCCC2)CC1)c1ccccc1
OCNT-2315237,CYP1A2,5.515966385,4.756624050632366,0,MURCKO::O=C(Nc1nc2ccccc2n1CCc1ccccn1)c1csc(-c2ccsc2)n1
OCNT-2315241,CYP1A2,5.493386043,5.078410033467446,1,MURCKO::O=C(Nc1ccccc1)c1c[nH]c2ccccc2c1=O
OCNT-2315245,CYP1A2,6.223525422,5.3527099527928526,0,MURCKO::O=C(NCc1ccc(-n2ccnc2)nc1)c1n[nH]c(=O)c2ccccc12
OCNT-2315252,CYP1A2,7.13108756,5.083578911586005,2,MURCKO::O=C(NCCOc1ccccc1)Nc1cccc(-c2cccnc2)c1
OCNT-2315257,CYP1A2,4.251860225,5.13061919396069,0,MURCKO::O=C(NCCc1nc(-c2ccccc2)no1)NC1CCc2ccccc21
OCNT-2315259,CYP1A2,5.13422659,5.273484169363933,1,MURCKO::c1ccc(Cc2noc(Cc3ccccc3)n2)cc1
OCNT-2315261,CYP1A2,6.300731918,4.5124178267956125,0,MURCKO::c1cncc(-c2nccc(NCc3cnc[nH]3)n2)c1
OCNT-2315263,CYP1A2,4.34719136,4.90884161549244,0,MURCKO::O=C(NC(c1ccccn1)C1CCC1)c1nn[nH]c1-c1ccccc1
OCNT-2315277,CYP1A2,2.326819487,4.963491588929423,1,MURCKO::O=C(Nc1cccc(-c2nc3ccccc3[nH]2)c1)c1ccc(-c2nc[nH]n2)cc1
OCNT-2315280,CYP1A2,4.192617702,4.846232488971741,4,MURCKO::O=C1NCCN1C1CCCN(c2ccnc3ccccc23)C1
OCNT-2315282,CYP1A2,5.581384543,5.587362850181822,4,MURCKO::O=C(NCc1ccc(-n2ccnn2)cc1)C1CCCCC1
OCNT-2315296,CYP1A2,6.090674255,5.082515050119154,2,MURCKO::O=C(Nc1nc(-c2ccccc2)cs1)c1ccccc1
OCNT-2315326,CYP1A2,5.691970162,4.657350154642672,3,MURCKO::c1ccc(-c2ncon2)cc1
OCNT-2315331,CYP1A2,5.693697885,5.546056326744323,2,MURCKO::c1ccc(-c2nc(Cc3nc(Cc4ccon4)no3)co2)cc1
OCNT-2315332,CYP1A2,6.110307123,5.338530005660399,4,MURCKO::O=C(Nc1ccccc1)c1cc(-c2cccnc2)n[nH]1
OCNT-2315338,CYP1A2,5.521184462,5.3871147071917465,2,MURCKO::O=S(=O)(NC1C2CCc3ccccc3C21)c1cnc2oncc2c1
OCNT-2315340,CYP1A2,4.016106385,5.156819583762015,3,MURCKO::O=C1CN(Cc2nc(-c3ccccc3)no2)CCCN1
OCNT-2315349,CYP1A2,4.609769017,5.184626408001095,2,MURCKO::c1cncc(COc2ccc(CNc3ncnc4[nH]ccc34)cc2)c1
OCNT-2315351,CYP1A2,5.809583585,5.356722449413954,1,MURCKO::c1ccc(-c2noc(C3(c4ccccc4)CC3)n2)cc1
OCNT-2315363,CYP1A2,3.80990544,4.736769759895559,3,MURCKO::O=C(Cc1coc2ccccc12)NC1CCCOC1
OCNT-2315367,CYP1A2,4.69477369,4.70583249155289,3,MURCKO::c1ccc(-n2ccc(NCc3cccnc3)n2)nc1
OCNT-2315387,CYP1A2,6.064568935,4.624378569961855,3,MURCKO::c1ccc(-c2cccc(CNc3cn[nH]c3)c2)cc1
OCNT-2315389,CYP1A2,5.990778608,4.722313765999259,2,MURCKO::O=S(=O)(CCC1CCCC1)Nc1ccc(-n2cncn2)cc1
OCNT-2315394,CYP1A2,5.046104843,5.062658022110002,2,MURCKO::O=C(C1SCCc2sccc21)N1CCC(c2ccncc2)CC1
OCNT-2315412,CYP1A2,3.777630627,5.171092929778589,1,MURCKO::c1cnc(-c2noc(C34CNCC3CCOC4)n2)cn1
OCNT-2315445,CYP1A2,5.93539921,5.174451927164651,3,MURCKO::O=C(c1coc(C2CC2)n1)N1CCOc2ccccc21
OCNT-2315448,CYP1A2,4.469367545,4.782756312041043,1,MURCKO::O=C(Nc1ccncn1)C1CCCN(S(=O)(=O)c2ccccc2)C1
OCNT-2315454,CYP1A2,5.075340083,4.612006941014144,0,MURCKO::c1ccc2scnc2c1
OCNT-2315456,CYP1A2,1.971150622,5.122072473110229,0,MURCKO::O=C(CCCc1cccs1)Nc1nc2c(s1)C(=O)NCC2
OCNT-2315468,CYP1A2,5.262218208,5.532778196405024,4,MURCKO::c1cc(-c2noc(C34CCCN(CCC3)C4)n2)cc(-n2ccnc2)c1
OCNT-2315495,CYP1A2,5.360857142,4.983061147645798,4,MURCKO::O=C(C1CCCN1)N1CCN(CCc2nc(-c3ccccc3)no2)CC1
OCNT-2315503,CYP1A2,5.117787312,5.30318668791115,0,MURCKO::O=C(Nc1ccc(Cn2cccn2)cc1)Nc1[nH]ncc1C1CCC1
OCNT-2315512,CYP1A2,7.018157643,5.073279475606958,3,MURCKO::c1ccc2c(N3CCC(n4ccnn4)CC3)ccnc2c1
OCNT-2315514,CYP1A2,3.719685967,5.0537164697488635,1,MURCKO::O=C(c1ccnc2ccccc12)N1CCN(c2ccncn2)CC1
OCNT-2315517,CYP1A2,4.98168919,4.976933426280698,2,MURCKO::O=C(Nc1ccc2nc[nH]c2c1)c1noc2c1CCCC2
OCNT-2315532,CYP1A2,6.175550927,5.889030577354028,2,MURCKO::c1ccc2c(NCc3nnc(-c4ccncc4)[nH]3)ccnc2c1
OCNT-2315543,CYP1A2,5.40621425,4.720964323691669,1,MURCKO::c1cnc2ccc(-c3ccc(N4CCCC4)cc3)cc2c1
OCNT-2315565,CYP1A2,5.963513977,5.365061439013894,3,MURCKO::c1ccc(-c2cc(CNc3cccc(-c4ccon4)c3)[nH]n2)nc1
OCNT-2315584,CYP1A2,5.044979403,5.100918587609348,1,MURCKO::O=C(Nc1nccs1)N1CCC(c2ccncc2)CC1
OCNT-2315600,CYP1A2,4.124337697,4.654465251484184,1,MURCKO::O=C(Nc1ccccc1)c1cc2cccnc2[nH]1
OCNT-2315602,CYP1A2,5.089955452,4.735982932073792,4,MURCKO::O=C(Nc1cccc2c1OCO2)c1cccnc1C1CC1
OCNT-2315605,CYP1A2,5.812149652,4.731601002598108,0,MURCKO::O=C(NCC1COC2(CCCCC2)O1)Nc1ncns1
OCNT-2315610,CYP1A2,5.16980186,4.518573697359996,3,MURCKO::O=C(Nc1nc2ccccc2[nH]1)c1csc(NC2CC2)n1
OCNT-2315616,CYP1A2,5.403267787,5.006683400960348,4,MURCKO::O=C(c1csc(Nc2ccccc2)n1)N1CC2(CC2)C1
OCNT-2315618,CYP1A2,6.425365415,5.248372127408778,2,MURCKO::O=C(OCc1ccccc1)c1ccnc2[nH]ccc12
OCNT-2315627,CYP1A2,2.201957522,5.123554178374787,0,MURCKO::c1ccc2c(C3CCN(c4cnc5c(n4)CCCC5)CC3)noc2c1
OCNT-2315633,CYP1A2,5.384656588,4.437846241602712,3,MURCKO::O=C(Nc1cccc(-c2noc(C3CC3)n2)c1)C(=O)N1CCCC1
OCNT-2315636,CYP1A2,5.478182625,4.924951016738458,1,MURCKO::c1ccc(OC2CCCC2)c(CNc2ccncn2)c1
OCNT-2315640,CYP1A2,5.14686754,5.034045197624115,1,MURCKO::c1nc(Cc2nc(-c3ccc(N4CCCCC4)cc3)no2)cs1
OCNT-2315646,CYP1A2,7.341335027,5.420572191529883,3,MURCKO::c1ccc2c(N3CCCC(n4cncn4)C3)ccnc2c1
OCNT-2315652,CYP1A2,6.038040677,5.690575514854841,3,MURCKO::O=C(Nc1cccc(-c2ccn[nH]2)c1)c1cn2cncc2s1
OCNT-2315667,CYP1A2,5.465198392,5.12047558638487,3,MURCKO::O=C(Nc1cccc(-c2ccncc2)c1)c1ccccc1
OCNT-2315694,CYP1A2,5.126655018,5.175253125207654,4,MURCKO::O=C(Nc1ccncc1)c1occc1CN1CCc2ccccc21
OCNT-2315701,CYP1A2,5.736394738,4.800283333025066,1,MURCKO::O=C(Cn1sc2ccccc2c1=O)Nc1ccccc1
OCNT-2315716,CYP1A2,5.68151948,4.869945686004728,1,MURCKO::c1ccc2c(OCC3CCOCC3)cccc2c1
OCNT-2315717,CYP1A2,4.71772916,5.214052936581972,0,MURCKO::O=C(CCSc1ccccc1)Nc1cccc(S(=O)(=O)Nc2cn[nH]c2)c1
OCNT-2315731,CYP1A2,2.70612089,4.764514535971154,3,MURCKO::O=C(Cc1c[nH]c2ccccc12)N1CCN(c2cc(=O)[nH]cn2)CC1
OCNT-2315746,CYP1A2,4.989326347,4.926291834366421,3,MURCKO::O=C(NCc1ccccc1)Nc1nc[nH]n1
OCNT-2315752,CYP1A2,5.561341582,5.11956983613281,3,MURCKO::O=C(Nc1ccccc1-n1cccn1)c1cnn2cccnc12
OCNT-2315753,CYP1A2,5.060590572,5.471213451843658,0,MURCKO::c1ccc(C2CCN(c3ncnc4nc[nH]c34)C2)cc1
OCNT-2315759,CYP1A2,5.848593743,4.669297644698667,2,MURCKO::O=C1C(Sc2nnc(-c3ccccc3)[nH]2)CCN1c1ccccc1
OCNT-2315765,CYP1A2,5.507745453,4.795411594288589,3,MURCKO::O=C(Nc1ccccc1)N1CCc2[nH]c3ccccc3c2C1
OCNT-2315791,CYP1A2,3.18947587,4.689609518260212,2,MURCKO::O=C1CCc2cc(C(=O)OCC(=O)N3CCc4ccccc43)ccc2N1
OCNT-2315806,CYP1A2,5.286606153,5.391541588782395,2,MURCKO::c1ccc(-n2ccc(-c3nc(-c4ccccn4)no3)n2)cc1
OCNT-2315815,CYP1A2,5.949862162,5.376678251220781,4,MURCKO::c1ccc(-c2nc(-c3cnccn3)no2)cc1
OCNT-2315816,CYP1A2,2.06571136,5.205289308380273,4,MURCKO::O=C1CCCC(=O)N1Cc1ccc(NS(=O)(=O)c2cnc3oncc3c2)cc1
OCNT-2315819,CYP1A2,3.366381088,5.105179665580605,1,MURCKO::c1ccc2c(c1)OCCC2c1nc(C2CCOC2)no1
OCNT-2315820,CYP1A2,4.87105301,4.7254077777213945,3,MURCKO::O=c1ccc(-c2ccc3c(c2)OCCCO3)nn1CCc1ccccc1
OCNT-2315821,CYP1A2,5.278253475,5.136121319750213,0,MURCKO::O=C(OCc1csc(Nc2ccccc2)n1)C1CCC1
OCNT-2315826,CYP1A2,4.900587587,5.052763419855834,4,MURCKO::O=C(NCCc1nc(-c2ccccc2)n[nH]1)c1ccccn1
OCNT-2315838,CYP1A2,4.047338095,4.613809834770555,3,MURCKO::O=C1CCC(N2Cc3ccc(-n4cc(C5CCCC5)nn4)cc3C2=O)C(=O)N1
OCNT-2315844,CYP1A2,4.903293165,4.723526639711972,2,MURCKO::O=C(NCC1(c2ccccc2)CCCO1)c1nnc(-c2ccccc2)o1
OCNT-2315849,CYP1A2,5.453021312,5.147624937175508,1,MURCKO::c1ccc(Cn2cc(-c3nc4ccccc4[nH]3)cn2)cc1
OCNT-2315858,CYP1A2,5.161552162,4.988868804096531,4,MURCKO::O=S(=O)(Nc1cn[nH]c1)c1c[nH]c2ccccc12
OCNT-2315859,CYP1A2,5.48680374,4.786513337329421,0,MURCKO::O=C(Nc1ccccc1OCC1CCC1)N1CCC2CCCC21
OCNT-2315862,CYP1A2,5.70396762,5.008380167238129,1,MURCKO::O=C(OCC1CC2(CCC2)C1)C1CCc2[nH]ncc2C1
OCNT-2315864,CYP1A2,5.211624103,4.668294534378206,2,MURCKO::c1cn2ccnc2c(N2CCCCC3(CCCCC3)C2)n1
OCNT-2315870,CYP1A2,2.2748737,4.359986488523791,3,MURCKO::O=C(Nc1ccccc1)C1CCCCC1
OCNT-2315875,CYP1A2,5.938020847,5.131450377768042,4,MURCKO::c1ccc(CCn2ccnc2CNc2nccn3nc(-c4ccccc4)cc23)cc1
OCNT-2315877,CYP1A2,5.79552609,5.2815401703735185,4,MURCKO::O=C(NCCNc1ccccn1)c1ccccc1
OCNT-2315886,CYP1A2,4.138903642,4.7178861231062035,4,MURCKO::O=C(Nc1ccncc1)N1CCCC(Cc2ccccc2)C1
OCNT-2315888,CYP1A2,6.387175635,5.0597231850083,3,MURCKO::O=C(Nc1ccccc1-c1nnn[nH]1)c1ccn[nH]1
OCNT-2315903,CYP1A2,4.593450417,5.128396820020175,3,MURCKO::c1nc(N2CCNCC2)cnc1-c1noc(C2CC23CCCOC3)n1
OCNT-2315910,CYP1A2,5.18777888,5.320793381286139,3,MURCKO::O=C(Nc1cnns1)N1CCCC1c1ccccc1
OCNT-2315954,CYP1A2,4.920125312,4.988668775564599,0,MURCKO::c1ccc2c(c1)NCCCC2NCc1cnn[nH]1
OCNT-2315965,CYP1A2,3.95208176,4.719242296955773,1,MURCKO::O=C(Nc1nc2c(s1)CNCC2)c1ccc[nH]c1=O
OCNT-2315978,CYP1A2,3.227332695,4.728873189351303,3,MURCKO::c1cnc2nc(-c3ccc(-c4ccncc4)cc3)[nH]c2c1
OCNT-2315992,CYP1A2,2.638156985,4.724172162630599,0,MURCKO::O=C(NCCc1c[nH]c2ccccc12)c1cn(C2CCC2)nn1
OCNT-2315994,CYP1A2,5.74547179,5.15158490527204,4,MURCKO::O=C(NCc1ccc(-n2ccnc2)cc1)c1csc(-c2cnccn2)n1
OCNT-2315996,CYP1A2,4.43614745,4.601563698499094,2,MURCKO::O=C(Nc1ccncc1)C1CCN(C(=O)Nc2nc3ccccc3s2)CC1
OCNT-2316001,CYP1A2,5.572693235,5.217729221177505,3,MURCKO::c1ccc2nc(-c3cn(CCOC4CCOC4)nn3)cnc2c1
OCNT-2316009,CYP1A2,5.295798028,5.271315700101269,0,MURCKO::c1ccn2cc(N3CCOC4(CCCCCC4)C3)nc2c1
OCNT-2316025,CYP1A2,5.166115375,5.039071317883629,2,MURCKO::O=C(Nc1cc(-c2ccsc2)n[nH]1)N1CCNc2ccccc2C1
OCNT-2316031,CYP1A2,3.791733778,4.5831588336794695,0,MURCKO::O=C(c1ccncn1)N1CCNc2ccccc21
OCNT-2316037,CYP1A2,2.115609893,4.516768546054372,1,MURCKO::O=C(c1csc(=O)[nH]1)N1CCCC1c1ccccc1
OCNT-2316044,CYP1A2,3.042917802,4.5632163682833085,0,MURCKO::O=C(Nc1ccc[nH]c1=O)C1CN(C(=O)C2CCCCC2)C1
OCNT-2316068,CYP1A2,4.889405,5.2310373856516765,1,MURCKO::O=C(Nc1ccccc1)c1cccc2cccnc12
OCNT-2316070,CYP1A2,5.175081858,5.026628324589796,4,MURCKO::O=C(NC1CCC1)c1cccc(Cn2ccnc2)c1
OCNT-2316079,CYP1A2,4.780055948,4.6736808475075025,0,MURCKO::O=C(NCc1cn[nH]c1)C1CCCN1C(=O)c1ccc2ccccc2c1
OCNT-2316083,CYP1A2,6.76808569,5.31622100723486,4,MURCKO::c1ccc(-c2nnc(SCCCn3ccnc3)o2)cc1
OCNT-2316099,CYP1A2,4.72899016,4.599224636082077,2,MURCKO::O=C1CCC(N2C(=O)c3ccccc3C2=O)C(=O)N1
OCNT-2316100,CYP1A2,5.43887023,5.030989686195399,4,MURCKO::c1ccc(-c2noc(N3CCC(c4cnco4)CC3)n2)cc1
OCNT-2316109,CYP1A2,5.172316588,5.718384316032127,3,MURCKO::c1ccc(-n2cc(-c3ccc4cnccc4c3)nn2)cc1
OCNT-2316115,CYP1A2,4.83507146,4.842507302701712,4,MURCKO::c1ccc(CCn2cc(-c3cccc4c3CCCC4)nn2)cc1
OCNT-2316117,CYP1A2,4.011577273,4.57604959480465,1,MURCKO::O=C(CCc1ccc(=O)[nH]c1)N1CCC(c2ccncc2)CC1
OCNT-2316119,CYP1A2,5.76913948,5.075634270792973,3,MURCKO::c1ccc(CNc2ncnc3[nH]c4ccccc4c23)cc1
OCNT-2316120,CYP1A2,5.018241137,5.006395032082619,1,MURCKO::c1ccc2[nH]c(CNC3CCc4cn[nH]c4C3)cc2c1
OCNT-2316121,CYP1A2,5.497723967,4.763739992928444,1,MURCKO::O=C(c1cc2ccccc2[nH]1)N1CC=C(c2ccccc2)C1
OCNT-2316125,CYP1A2,5.793957287,5.114616308859317,1,MURCKO::c1ccc(-c2nccc(N3CCCCC3)n2)cc1
OCNT-2316131,CYP1A2,3.259691473,5.119311747373026,4,MURCKO::O=C(c1ccc2ncccc2c1)N1CCOC(c2ccccc2)C1
OCNT-2316132,CYP1A2,4.55876262,5.386738322555945,1,MURCKO::O=C(Nc1c[nH]nc1-c1ccco1)c1cnn(CC2CC2)c1
OCNT-2316159,CYP1A2,5.371748315,4.999869634741481,2,MURCKO::O=C(c1ccncc1)N1CCN(C2CC2)c2ccccc21
OCNT-2316164,CYP1A2,2.1908636,4.262891498142094,4,MURCKO::O=C(Cc1ccccc1)N1CCCC(C(=O)N2CCCCC2)C1
OCNT-2316180,CYP1A2,5.00016572,5.1702995253259925,2,MURCKO::c1ccc(-c2c[nH]c(C3CCCCN3c3nc(C4CC4)ns3)n2)cc1
OCNT-2316181,CYP1A2,6.571799018,5.107269707631082,4,MURCKO::O=C(NCCNc1ccccn1)Nc1nccs1
OCNT-2316189,CYP1A2,5.466720575,4.981119614770205,4,MURCKO::O=S(=O)(NCc1nccs1)c1cnn(-c2ccccc2)c1
OCNT-2316204,CYP1A2,5.071397317,5.151910568625117,3,MURCKO::c1ccc2c(c1)CCN(Cc1ncno1)C2
OCNT-2316205,CYP1A2,4.820453872,4.69884527718972,4,MURCKO::O=C(c1c[nH]c2ccccc12)N1CCC(Cc2ccccc2)CC1
OCNT-2316215,CYP1A2,5.272406787,4.709257284360632,2,MURCKO::O=C(c1c[nH]nc1-c1ccccc1)N1CCCCC1
OCNT-2316229,CYP1A2,5.477150375,5.033724894984778,3,MURCKO::O=C(Nc1ccc(Cn2cccn2)cc1)c1c[nH]nc1-c1cccnc1
OCNT-2316247,CYP1A2,4.985597317,5.22086546180998,3,MURCKO::O=C(NC1CCC(Cn2ccnc2)C1)c1occc1C1CC1
OCNT-2316254,CYP1A2,5.40192366,4.600871894696152,1,MURCKO::O=S(=O)(NCCOC1CCCC1)c1ccccn1
OCNT-2316255,CYP1A2,3.676461167,4.612224318485,4,MURCKO::O=C(NCc1cccs1)C1CCN(c2ccc3nnnn3n2)CC1
OCNT-2316266,CYP1A2,2.59212288,5.070240667849794,2,MURCKO::O=C(C1OCCc2ccccc21)N1CCN(c2ccncn2)CC1
OCNT-2316270,CYP1A2,4.24762128,4.8006595065832025,1,MURCKO::O=c1[nH]cccc1-c1noc(-c2n[nH]c3c2CSCC3)n1
OCNT-2316274,CYP1A2,2.17691394,4.6486027037697175,1,MURCKO::O=C(Nc1ccc2nc[nH]c2c1)C1OCCO1
OCNT-2316290,CYP1A2,5.864576545,5.364677188271081,2,MURCKO::O=C(Cc1ccccc1)Nc1cccc(-c2ccn[nH]2)c1
OCNT-2316303,CYP1A2,5.642760345,5.09233938360302,1,MURCKO::O=C(NCc1ccn(-c2ccccc2)n1)c1ccccc1
OCNT-2316304,CYP1A2,3.258146745,4.621312971894758,0,MURCKO::O=C(Nc1cccc2c1OCCO2)N1CCNC(c2ccccc2)C1
OCNT-2316319,CYP1A2,4.83589907,4.741612477326846,0,MURCKO::O=C(NC1CCc2cn[nH]c2C1)c1ccccc1
OCNT-2316326,CYP1A2,6.036504125,4.995544834008248,1,MURCKO::O=C(c1ccn(-c2ccccc2)n1)N1CC=CCC1
OCNT-2316329,CYP1A2,4.668983018,5.387134085555595,0,MURCKO::O=C(c1cc2ccccc2o1)N1CCN(Cc2ccon2)CC1
OCNT-2316334,CYP1A2,5.097207995,4.893863670985869,1,MURCKO::c1ccc(-c2csc(CNCC3CCC3)n2)cc1
OCNT-2316345,CYP1A2,5.3855554,5.000047300895306,1,MURCKO::O=C(Nc1cccc2cc[nH]c12)c1cn[nH]c1-n1cccc1
OCNT-2316358,CYP1A2,2.032000437,4.440682355737528,3,MURCKO::O=C(CCc1ccccc1)N1CCCCC1
OCNT-2316365,CYP1A2,2.395762792,4.83784591753205,0,MURCKO::O=C1CCCCN1CCNS(=O)(=O)c1cnn(-c2ccccc2)c1
OCNT-2316372,CYP1A2,4.3684706,5.119754137970789,3,MURCKO::O=C(NCCn1cccn1)N1CCc2ccccc21
OCNT-2316388,CYP1A2,5.12796983,5.306658802575534,4,MURCKO::O=C(NCc1cc2ccccc2o1)Nc1ccncc1
OCNT-2316392,CYP1A2,5.02477199,5.037735792000944,3,MURCKO::O=C(c1cn2ccnc2s1)N1CCC(c2ccccc2)C1
OCNT-2316397,CYP1A2,2.21808428,4.621751356316757,4,MURCKO::O=C(CCc1ccccc1)N1CCCC1
OCNT-2316400,CYP1A2,5.986175903,4.677651829933522,4,MURCKO::O=C(c1nc(-c2ccccc2)n2c1CCCCC2)N1C2CCC1c1cn[nH]c1C2
OCNT-2316408,CYP1A2,4.953476455,4.698244947265233,0,MURCKO::O=C(Nc1ccc(-c2nc3ccccc3[nH]2)cc1)c1ccccc1
OCNT-2316436,CYP1A2,4.09578258,4.947101524754365,0,MURCKO::O=C(Nc1ccc2cc[nH]c2c1)c1coc(C2CCOCC2)n1
OCNT-2316441,CYP1A2,4.611475032,5.051282047760263,3,MURCKO::O=C(c1cc(-c2ccco2)[nH]n1)N1CCN(C2CC2)c2ccccc21
OCNT-2316464,CYP1A2,4.97757222,4.508003902150457,3,MURCKO::O=C(NC1CCCc2[nH]ncc21)c1cccc2cccnc12
OCNT-2316475,CYP1A2,5.029493035,4.620073058542877,3,MURCKO::c1ccc(-c2ncon2)cc1
OCNT-2316476,CYP1A2,5.687171865,5.116746121430832,4,MURCKO::O=c1[nH]c(-c2ccccc2)nc2ccccc12
OCNT-2316494,CYP1A2,5.04772748,5.104373775763475,1,MURCKO::O=C(c1cscn1)N1CCc2ccccc21
OCNT-2316507,CYP1A2,3.828016938,5.0617382523123835,1,MURCKO::O=C(Nc1ccon1)N1CC2(CCCC2)C1c1ccccc1
OCNT-2316515,CYP1A2,5.442236985,5.186221841998857,2,MURCKO::O=C(Nc1ccc(C2CCC2)cn1)NC1CC12CCOCC2
OCNT-2316516,CYP1A2,5.109112632,5.222817503760272,0,MURCKO::c1cncc(-c2nc(Cc3nc(C4CCC4)no3)cs2)c1
OCNT-2316534,CYP1A2,5.045373722,4.917331536837029,2,MURCKO::O=c1cccc(-c2nc(-c3[nH]nc4ccccc34)no2)[nH]1
OCNT-2316543,CYP1A2,6.178681818,5.157502431395548,1,MURCKO::c1ccc(C2(c3nc(Cc4cccnc4)no3)CCCC2)cc1
OCNT-2316547,CYP1A2,4.74041087,5.456516602116992,4,MURCKO::O=C(Cc1ccncc1)Nc1cncc2ccccc12
OCNT-2316548,CYP1A2,5.30587331,4.996731796246813,4,MURCKO::c1ccc(-c2nc(-c3ncccc3-n3cccn3)no2)cc1
OCNT-2316559,CYP1A2,5.341833525,5.0036689455274415,2,MURCKO::O=C1NC(c2ccccc2)C(=O)N1c1cccnc1
OCNT-2316564,CYP1A2,5.343676625,5.7589123798217186,0,MURCKO::O=C(Nc1cccc2c1CCO2)c1cnn2ccccc12
OCNT-2316568,CYP1A2,7.629790315,5.5537422155481595,4,MURCKO::c1cc(Cn2ccnc2)cc(-c2noc(C3CCCCC3)n2)c1
OCNT-2316573,CYP1A2,3.911657492,4.94034089025119,2,MURCKO::c1ccc2c(SCCNC3CCCOCC3)c[nH]c2c1
OCNT-2316582,CYP1A2,5.060224675,5.028837607053619,0,MURCKO::c1cn2nc(C3CCC3)cc2c(Nc2ccc3[nH]c(C4CC4)nc3c2)n1
OCNT-2316585,CYP1A2,2.775252913,4.5654996448224985,3,MURCKO::O=C(c1ccnc2[nH]ncc12)N1CCC(c2ccccc2)C1
OCNT-2316589,CYP1A2,5.282838313,4.4413864048393386,0,MURCKO::O=C(NC1CCNC1=O)c1cc2ccccc2[nH]1
OCNT-2316591,CYP1A2,5.550957252,4.6844833240696,1,MURCKO::O=C(Nc1cccs1)N1CCOC(c2ccccc2)C1
OCNT-2316595,CYP1A2,5.039070115,4.691415829249559,4,MURCKO::O=C(Nc1cccc(Cn2cncn2)c1)NC1CCCN(c2ccccc2)C1=O
OCNT-2316606,CYP1A2,5.184045455,4.76312979881042,3,MURCKO::O=C1NCC(Cc2ccccc2)C(=O)N1Cc1ccccc1
OCNT-2316612,CYP1A2,4.938836255,5.094606666110284,1,MURCKO::c1ccc2c(N3CCCCCC3)ccnc2c1
OCNT-2316635,CYP1A2,5.005969807,4.867983481711667,3,MURCKO::c1ccc2c(c1)CCC2c1noc(-c2cn[nH]c2)n1
OCNT-2316636,CYP1A2,6.496477975,5.037530648624454,4,MURCKO::O=C(Nc1ccccc1)c1ccccc1
OCNT-2316641,CYP1A2,2.062854185,4.644056591677211,1,MURCKO::O=C(NCCN1CCOCC1)c1ccccc1
OCNT-2316654,CYP1A2,6.102473162,5.455812144576222,3,MURCKO::O=C(Nc1ccc2cn[nH]c2c1)c1c[nH]c2ccccc12
OCNT-2316664,CYP1A2,6.23792502,4.559440933902596,3,MURCKO::O=C1C(n2cc(-c3cnc[nH]3)nn2)CCCN1c1ccccc1
OCNT-2316669,CYP1A2,5.596873645,5.242485427292201,2,MURCKO::c1cncc(-c2cn(Cc3ncc(C4CC4)o3)nn2)c1
OCNT-2316676,CYP1A2,7.782581445,5.717463131636928,1,MURCKO::c1cn(-c2ccc(-c3noc(C4CCOCC4)n3)cc2)cn1
OCNT-2316683,CYP1A2,3.862122165,5.935594066929395,3,MURCKO::O=C(Nc1cccnc1)N1CCN(Cc2cscn2)CC1
OCNT-2316687,CYP1A2,7.048461123,4.935282354347192,2,MURCKO::O=C(Nc1nc2ccccc2s1)Nc1cccc2c1OCCO2
OCNT-2316693,CYP1A2,5.440881145,4.999013184361327,3,MURCKO::O=C(NCCOC1CCOC1)c1n[nH]c2ccccc12
OCNT-2316696,CYP1A2,4.99652576,5.274253053127506,0,MURCKO::c1ccc2c(c1)OCCCC2NCc1ccc(-n2cncn2)cc1
OCNT-2316700,CYP1A2,1.981587095,5.559019881608136,0,MURCKO::O=C(Nc1ccc2[nH]c(=O)[nH]c2c1)c1ccccc1
OCNT-2316703,CYP1A2,5.586410905,5.09945521268384,3,MURCKO::c1ccc(-n2nc(-c3nc(N4CCNCC4)no3)c3c2CCC3)cc1
OCNT-2316705,CYP1A2,5.743457875,5.354956365076967,1,MURCKO::O=C1NC2(CCSC2)C(=O)N1Cc1ncc(-c2ccccc2)o1
OCNT-2316709,CYP1A2,5.829985645,5.509325634845767,4,MURCKO::O=C(C1CCc2cn[nH]c2C1)N1CC2(CCC2)C1C1CCCO1
OCNT-2316721,CYP1A2,4.464030875,4.684442242154015,3,MURCKO::O=C(Nc1ccc2ncsc2c1)N1CCCC(c2ccncn2)C1
OCNT-2316726,CYP1A2,3.934375442,4.534028540860181,1,MURCKO::O=C(Nc1cc[nH]n1)c1ccn(-c2ccccc2)n1
OCNT-2316738,CYP1A2,6.006747835,4.956288782583561,2,MURCKO::O=C(Nc1cc(C2CC2)[nH]n1)Nc1cccc2ccccc12
OCNT-2316769,CYP1A2,3.886159193,5.030706191616151,4,MURCKO::O=C(NCCc1ccccc1)N1CCCC(C2CCCCO2)C1
OCNT-2316772,CYP1A2,3.803560577,4.538888098913247,3,MURCKO::c1ccc(CCc2nc(-c3ccccc3)no2)cc1
OCNT-2316774,CYP1A2,3.759990563,4.788983863633233,4,MURCKO::O=C(NCCc1ccccc1)c1occ2c1CCOC2
OCNT-2316781,CYP1A2,6.085547658,5.489979289770789,4,MURCKO::O=C(Nc1cnc2c(c1)CCCC2)c1cccc(Cn2ccnc2)c1
OCNT-2316783,CYP1A2,7.491871585,4.698891333445848,2,MURCKO::O=C(NCC1CC1c1ccccc1)c1cnccn1
OCNT-2316796,CYP1A2,5.459759287,5.204473046488166,4,MURCKO::O=C(NCCc1ccccc1)c1ncoc1C1CC1
OCNT-2316803,CYP1A2,5.81043134,4.822051619354551,3,MURCKO::c1ccc(-c2ccc[nH]2)cc1
OCNT-2316811,CYP1A2,4.652445265,4.784092198990787,1,MURCKO::O=C(NCCc1c[nH]c2ccccc12)NC1CCOC1
OCNT-2316832,CYP1A2,4.469652605,4.859229512960363,2,MURCKO::O=C(NC1CCOCC1)c1cccc2ccccc12
OCNT-2316836,CYP1A2,4.935100625,5.139043982569328,4,MURCKO::O=C(c1cnn(-c2ccccc2)c1)N1CCC(Oc2ccccn2)C1
OCNT-2316840,CYP1A2,2.65809104,4.530378170796643,0,MURCKO::c1ccncc1
OCNT-2316848,CYP1A2,5.276943913,5.052877587214973,3,MURCKO::O=C(Nc1cccnc1C1CC1)c1cccc2c1OCCO2
OCNT-2316854,CYP1A2,4.015711493,5.083618098941047,2,MURCKO::O=C(CC1CCCO1)Nc1ccnn1Cc1cccs1
OCNT-2316867,CYP1A2,6.000868557,4.616165724545985,1,MURCKO::c1cc(CCSc2nnc(-c3cnccn3)[nH]2)ccn1
OCNT-2316872,CYP1A2,5.656823848,4.795200572563691,0,MURCKO::c1cnc(Nc2ccc3[nH]ccc3c2)nc1
OCNT-2316877,CYP1A2,3.913808465,5.5490626558197835,3,MURCKO::O=C(NCc1cnn(-c2ccccc2)c1)c1ccc[nH]1
OCNT-2316881,CYP1A2,4.214956133,4.645132596413137,3,MURCKO::O=C(NCc1ncco1)NC1CC1c1ccccc1
OCNT-2316883,CYP1A2,4.957356735,4.846696723397338,2,MURCKO::O=C(NCCc1c[nH]c2ccccc12)NC1CCCC1
OCNT-2316906,CYP1A2,5.822867073,4.755647483394321,3,MURCKO::O=C(Nc1cccnc1)c1ccn(-c2ccccc2)n1
OCNT-2316908,CYP1A2,5.685375158,5.12901582589094,2,MURCKO::O=C(COc1cccnc1)N1CCc2ccccc21
OCNT-2316913,CYP1A2,6.69641439,5.1216053535165615,4,MURCKO::c1ccc(N2CCOCC2)nc1
OCNT-2316922,CYP1A2,5.083360365,4.8486957153641885,0,MURCKO::O=C(NCc1ccccc1)N1CCc2cn[nH]c2C1
OCNT-2316954,CYP1A2,3.559998485,4.410939053288942,0,MURCKO::c1ccc(CCNCC2CCNCC2)cc1
OCNT-2316961,CYP1A2,3.821367673,4.830811126624028,1,MURCKO::O=C(Nc1ccn(-c2ccccc2)n1)N1CCC2(CCC2)S(=O)(=O)CC1
OCNT-2316966,CYP1A2,4.798313712,4.579018072321312,0,MURCKO::O=C(CCn1ccccc1=O)N1CCC(c2ccncc2)CC1
OCNT-2316971,CYP1A2,5.795675678,4.695360173061936,2,MURCKO::c1ccc(C2OCCC2c2nnc(-c3ccccn3)[nH]2)cc1
OCNT-2316975,CYP1A2,5.13316963,5.126222703075953,1,MURCKO::O=S(=O)(NCCCc1cccnc1)c1ccccc1
OCNT-2316976,CYP1A2,6.396199915,5.267878634098267,4,MURCKO::O=C(Nc1cccc(-c2cn[nH]c2)c1)c1cccc2c1OCO2
OCNT-2317002,CYP1A2,4.403244358,4.594596874521526,2,MURCKO::O=C(Nc1ccccc1)c1ccn[nH]1
OCNT-2317025,CYP1A2,4.12770464,4.900632870519336,1,MURCKO::O=C(NCCCn1cccn1)N1CCc2ccccc2C1
OCNT-2317059,CYP1A2,5.074873913,4.680417683546117,2,MURCKO::O=C(NCc1cccc(N2CCOCC2)n1)c1ccc2c(c1)CCCC2
OCNT-2317097,CYP1A2,5.1434787,4.893107733619093,2,MURCKO::O=C(Cc1cn[nH]c1)Nc1ncnc2scc(-c3ccccc3)c12
OCNT-2317118,CYP1A2,2.600185648,4.882658868485931,0,MURCKO::O=C(C1COc2ccccc21)N1CCC(c2ncno2)CC1
OCNT-2317132,CYP1A2,5.252039958,4.660596200029004,1,MURCKO::O=C(C1CSC(c2ccccc2)=N1)N1CCc2ccccc21
OCNT-2317171,CYP1A2,4.644571005,4.670820381518776,1,MURCKO::c1ccc(NCc2cnn(-c3ccccc3)c2)cc1
OCNT-2317189,CYP1A2,3.881641023,4.865650310462576,1,MURCKO::c1ccc(N2CCC(Nc3ccncn3)CC2)nc1
OCNT-2317192,CYP1A2,3.38951854,4.3627616023933395,0,MURCKO::O=C(Nc1cccnc1)N1CCC(Nc2ccccc2)CC1
OCNT-2317195,CYP1A2,5.566309087,5.009560195952623,4,MURCKO::O=C(Nc1cccc(-c2nc[nH]n2)c1)c1cccc2cccnc12
OCNT-2317208,CYP1A2,4.205599885,4.91717914022946,3,MURCKO::O=C(Nc1ccccc1)C1CCCN1C(=O)CCc1ccco1
OCNT-2317220,CYP1A2,4.328047555,5.181348315871941,1,MURCKO::O=C(Nc1nccs1)C1CCCN1C(=O)Cc1c[nH]c2ccccc12
OCNT-2317231,CYP1A2,4.298015033,4.763094662481276,1,MURCKO::O=C(c1cnc2n[nH]cc2c1)N1CCN(c2cnccn2)CC1
OCNT-2317265,CYP1A2,5.521118205,4.708312109399319,0,MURCKO::O=C(NCc1cccc(N2CCOCC2)n1)c1csc2c1CCCC2
OCNT-2317275,CYP1A2,5.650434745,5.511974030963045,3,MURCKO::c1ccc(OCC2CCCN2c2nnc(-c3ccon3)s2)cc1
OCNT-2317276,CYP1A2,5.50736365,4.798928826839969,0,MURCKO::O=C(Cc1cscn1)Nc1cc2c(s1)CCCCCC2
OCNT-2317281,CYP1A2,5.295166005,4.947777940316006,1,MURCKO::O=C(c1c[nH]nn1)N1CCOc2ccccc21
OCNT-2317285,CYP1A2,5.70202841,5.229183379732619,0,MURCKO::O=C(CCc1ccncc1)N1CCC(Cc2ccccc2)C1
OCNT-2317300,CYP1A2,4.63884534,5.064723785721127,3,MURCKO::O=C(Nc1ccc2ncnn2c1)N1CC2(CCCC2)c2ccccc21
OCNT-2317316,CYP1A2,5.01088562,5.113239594741012,1,MURCKO::O=C(c1ccccc1)N1CCC(Cc2cccnc2)CC1
OCNT-2317331,CYP1A2,6.399278052,4.543930593987948,0,MURCKO::O=C(Nc1cc[nH]n1)NC1CCc2ccccc21
OCNT-2317340,CYP1A2,2.099288893,4.8824202601276605,2,MURCKO::O=C(CN1CCCS1(=O)=O)NCC1Cc2ccccc2O1
OCNT-2317342,CYP1A2,4.991507765,4.564136859358594,1,MURCKO::O=S(=O)(NC1CCC12CCCO2)c1ccccc1
OCNT-2317345,CYP1A2,6.411296205,5.019071709081231,4,MURCKO::O=C(NCc1ccc(-n2ccnc2)cc1)Nc1cc[nH]n1
OCNT-2317346,CYP1A2,5.270342785,5.129212795553263,4,MURCKO::c1ccc(-c2noc(CN3CCCC(n4ccnc4)C3)n2)cc1
OCNT-2317350,CYP1A2,5.000559035,4.796281398556795,0,MURCKO::O=C(Nc1cccnc1N1CCOCC1)c1cccs1
OCNT-2317360,CYP1A2,5.994423402,4.447822818191794,0,MURCKO::O=C1NCCCN1c1cccc(-c2ccc(OC3CC3)cc2)c1
OCNT-2317361,CYP1A2,4.905113985,5.117431715903804,0,MURCKO::c1nc(N2CCC(C3CC3)C2)cc(N2CCC(C3CC3)C2)n1
OCNT-2317386,CYP1A2,4.983901268,4.7835920667307725,4,MURCKO::O=C(c1ccco1)N1CCCCC1c1nc(-c2ccccc2)c[nH]1
OCNT-2317433,CYP1A2,5.157446005,5.161089590990784,0,MURCKO::c1ccc(CC2CCN(Cc3nnn[nH]3)C2)cc1
OCNT-2317441,CYP1A2,4.77191227,5.394147336370993,0,MURCKO::O=C(CC1=CCCCC1)Nc1cc(-c2ccco2)n[nH]1
OCNT-2317454,CYP1A2,4.986775615,5.235548555234457,0,MURCKO::O=C(NCc1ccccn1)c1cccn(Cc2ccccc2)c1=O
OCNT-2317457,CYP1A2,5.231524927,4.509579665222535,1,MURCKO::c1ccc2c3c([nH]c2c1)C(NCc1cnc[nH]1)CCC3
OCNT-2317458,CYP1A2,5.589169127,5.0447330984050875,4,MURCKO::O=C(c1cccc2cnccc12)N1CCc2ccccc21
OCNT-2317504,CYP1A2,2.827367675,4.9377384059961305,3,MURCKO::O=C(NCC1CCCc2ccccc21)N1CCCCC1
OCNT-2317505,CYP1A2,5.53182385,4.604123635781356,0,MURCKO::O=C(NCc1ccccc1)c1ccc2cncn2c1
OCNT-2317519,CYP1A2,5.208733537,4.937444822924762,2,MURCKO::c1cc(-c2noc(CNc3ncnc4sccc34)n2)ccn1
OCNT-2317538,CYP1A2,4.292626017,5.092186947842636,2,MURCKO::O=C(CCc1nc(C2CCCC2)no1)N1CCCc2ccccc21
OCNT-2317577,CYP1A2,6.171167073,5.0093258191458645,3,MURCKO::O=C(C1CCCN(c2ccc(-c3ccncc3)cn2)C1)N1CCCC1
OCNT-2317579,CYP1A2,6.312730238,4.880108808716402,4,MURCKO::c1cc(-c2noc(CCC3CCCC3)n2)ccn1
OCNT-2317597,CYP1A2,3.797528263,4.441598305612387,1,MURCKO::O=C(c1ncn(-c2ccccc2)n1)N1CC=CCC1
OCNT-2317601,CYP1A2,5.311281385,5.15721746802786,2,MURCKO::O=C(Nc1cnn(-c2ccccc2)n1)NC1CCCOC1
OCNT-2317604,CYP1A2,5.82531006,5.854515114414253,4,MURCKO::O=C(NCCn1ccnc1)N1CCCC1c1ccccc1
OCNT-2317612,CYP1A2,5.272180182,5.374911365528717,0,MURCKO::c1ccc2c(c1)CCCN2Cc1ncno1
OCNT-2317666,CYP1A2,3.945418577,4.702402060524899,3,MURCKO::O=S(=O)(c1c[nH]cn1)N1CCOC(C2CCC2)C1
OCNT-2317671,CYP1A2,4.942471115,4.831438256854973,4,MURCKO::O=C(NCCc1nnco1)Nc1nc2c(s1)CCCC2
OCNT-2317673,CYP1A2,4.7768957,5.03462069156371,0,MURCKO::c1ccc(OCC2CCCN2c2nccc3nccnc23)cc1
OCNT-2317680,CYP1A2,5.176764892,4.267764805287838,2,MURCKO::O=C(c1ccc(-c2csnn2)cc1)N1CCCCC1
OCNT-2317688,CYP1A2,5.067960225,4.72614080165981,2,MURCKO::O=C(Nc1ccccc1)c1cccc(-c2ncn[nH]2)c1
OCNT-2317689,CYP1A2,5.21566131,5.063984708839725,1,MURCKO::O=C(CCc1c[nH]cn1)N1CCC(c2c[nH]c3ccccc23)CC1
OCNT-2317716,CYP1A2,5.47197679,5.160147564593126,2,MURCKO::O=C(OCC1CCC1)c1cnc2c(cnn2Cc2ccccc2)c1
OCNT-2317717,CYP1A2,6.574364715,4.788373086526889,0,MURCKO::O=C(Nc1ccccc1-c1ncc[nH]1)c1ccco1
OCNT-2317730,CYP1A2,2.92877059,4.709580221374027,3,MURCKO::O=C(NCc1ccccc1)NCc1ccc[nH]c1=O
OCNT-2317742,CYP1A2,5.55070465,4.9221268626492405,1,MURCKO::O=C(Nc1[nH]ncc1-c1ccccc1)c1cnn(C2CCC2)c1
OCNT-2317753,CYP1A2,5.59683955,4.826267695103196,1,MURCKO::O=C(NCc1nccs1)c1cc2ccccc2[nH]1
OCNT-2317761,CYP1A2,5.91937032,5.050271772499081,4,MURCKO::O=C(Nc1cccc(-c2cn[nH]c2)c1)c1cnc2cn[nH]c2c1
OCNT-2317767,CYP1A2,1.936751075,4.8431266622203974,2,MURCKO::O=C(Cn1nnc2ccccc21)NC(=O)NC12CC3CC(CC(C3)C1)C2
OCNT-2317783,CYP1A2,5.659574443,4.798958716141882,2,MURCKO::O=C(NC1CCNC1)c1ccc2ccccc2n1
OCNT-2317789,CYP1A2,5.546292627,5.350648974852228,2,MURCKO::O=C(c1[nH]nc2ccccc12)N1CCCC(n2ccnc2)C1
OCNT-2317796,CYP1A2,4.087172012,4.894769577291089,3,MURCKO::c1ccc(NCc2nc(-c3ccccc3)no2)cc1
OCNT-2317807,CYP1A2,5.148213045,5.5740066539973565,2,MURCKO::O=C(Nc1nc(-c2cccs2)cs1)C1CCCc2[nH]ncc21
OCNT-2317813,CYP1A2,4.919132803,4.773003814190697,4,MURCKO::c1nc(NCC2CCCCC2)c2ccsc2n1
OCNT-2317821,CYP1A2,3.44922921,4.6806333214596,2,MURCKO::O=C(Nc1cn[nH]c1)C1CCN(c2ccccc2)C1
OCNT-2317822,CYP1A2,4.863501675,4.790524121542575,2,MURCKO::O=C(NCCc1ccccn1)N1CCC(c2cnc[nH]2)CC1
OCNT-2317832,CYP1A2,4.680251915,4.929528608364971,1,MURCKO::O=C(c1coc2ccccc12)N1CCC(Cc2nc3ccccc3[nH]2)CC1
OCNT-2317870,CYP1A2,5.205859023,4.502755398505258,3,MURCKO::O=C(Nc1nc2c(s1)COCC2)N1CCc2ccccc2C1
OCNT-2317875,CYP1A2,4.61034801,4.652579083212728,3,MURCKO::O=C(c1cc(C2CC2)n[nH]1)N1CCCN(Cc2ccon2)CC1
OCNT-2317891,CYP1A2,4.033201865,4.890838741047393,4,MURCKO::c1ccc(N2CCN(c3ccncn3)CC2)nc1
OCNT-2317901,CYP1A2,4.767536028,4.835615535853657,1,MURCKO::O=C(NCc1ccc2occc2c1)NC1CCCc2cn(C3CCCC3)nc21
OCNT-2317936,CYP1A2,4.981026952,4.859265207270738,4,MURCKO::O=C(Nc1ncc[nH]c1=O)c1cc(C2CC2)nc2[nH]ncc12
OCNT-2317954,CYP1A2,7.359232032,5.645208924970748,0,MURCKO::O=C(Nc1nccs1)c1cccc(Cn2ccnc2)c1
OCNT-2317961,CYP1A2,6.157135228,5.314226015381466,4,MURCKO::O=C(c1c[nH]c2ncccc12)N1CCCC(n2ccnc2)C1
OCNT-2317963,CYP1A2,5.39319309,4.7531981345813055,3,MURCKO::O=C(NCc1noc(-c2ccccc2)n1)c1ccccc1
OCNT-2317966,CYP1A2,4.999697112,5.1783248098059795,3,MURCKO::O=C(Nc1nc2c(s1)CCCC2)c1cn[nH]c1-n1cccn1
OCNT-2317983,CYP1A2,5.537184468,5.428155562018187,3,MURCKO::c1ccc(OCc2nc(-c3ccccc3)no2)cc1
OCNT-2317984,CYP1A2,3.785064653,4.631185823510058,0,MURCKO::O=C(CN1CCCCC1)Nc1cccc(N2CCNCC2)c1
OCNT-2317986,CYP1A2,5.04027082,4.737275864414786,0,MURCKO::c1ccc(Cc2ncon2)cc1
OCNT-2317998,CYP1A2,4.997961265,5.09616050415684,1,MURCKO::O=C(Nc1n[nH]c2ccccc12)C1(c2ccccc2)CCCO1
OCNT-2317999,CYP1A2,2.47526404,4.581702085497762,2,MURCKO::O=C(Nc1cc(C(=O)N2CCC(Oc3ccccc3)CC2)ccn1)C1CC1
OCNT-2318000,CYP1A2,5.081386173,5.300540025156001,2,MURCKO::O=C(Nc1cc[nH]n1)c1ccccc1
OCNT-2318002,CYP1A2,5.308471928,5.073343753005129,1,MURCKO::c1ccc(Cc2nccc(N3CCN(c4ccccc4)CC3)n2)cc1
OCNT-2318008,CYP1A2,3.96540895,4.781783263793719,2,MURCKO::O=c1cccc(-c2nc(C3(c4ccccc4)CCC3)no2)[nH]1
OCNT-2318024,CYP1A2,4.42591923,5.250871929286596,4,MURCKO::O=C(NCC1CCOc2ccccc21)N1CCOc2ccccc2C1
OCNT-2318031,CYP1A2,2.299080243,4.5688619511597395,1,MURCKO::O=C(NC1CCCc2[nH]ncc21)c1ccoc1
OCNT-2318046,CYP1A2,3.60472675,5.450247048816703,3,MURCKO::c1ccc(OC2CCN(c3ccncn3)CC2)nc1
OCNT-2318089,CYP1A2,6.189261195,4.996726328851355,4,MURCKO::c1ccc(-c2ccco2)cc1
OCNT-2318097,CYP1A2,2.786591673,4.847888150594664,3,MURCKO::O=C(CN1CCN(C(=O)c2ccccc2)CC1)NCCc1nc2ccccc2s1
OCNT-2318098,CYP1A2,5.857997395,4.6805949817460855,0,MURCKO::c1ccc(Nc2nncs2)cc1
OCNT-2318099,CYP1A2,5.275323868,4.942754023365733,4,MURCKO::c1ccc(-c2noc(CN3CCc4ccccc43)n2)cc1
OCNT-2318103,CYP1A2,6.007066763,4.609553867047192,4,MURCKO::c1cc(N2CCN(c3cnccn3)CC2)ncn1
OCNT-2318111,CYP1A2,6.20336773,5.844340983389234,3,MURCKO::c1ccc(-c2cn(Cc3cnoc3)nn2)cc1
OCNT-2318112,CYP1A2,6.774244237,5.0573141405973105,1,MURCKO::c1cc(NCc2c[nH]cn2)cc(-c2nnnn2C2CC2)c1
OCNT-2318118,CYP1A2,5.000997865,4.815808414894946,0,MURCKO::c1ccc(-c2nnc(C3COc4ccccc4C3)o2)cc1
OCNT-2318133,CYP1A2,4.39448162,4.8084819645864085,1,MURCKO::c1ccc2c(N3CCCNCC3)nc(-c3ccncc3)nc2c1
OCNT-2318135,CYP1A2,5.47465301,4.777638197792163,3,MURCKO::c1ccc(CCc2noc(-c3cccnc3)n2)cc1
OCNT-2318141,CYP1A2,5.184162373,4.984557033254654,1,MURCKO::O=C(Nc1cc(-c2ccco2)n[nH]1)c1cc(C2CC2)nc2[nH]c(=O)[nH]c(=O)c12
OCNT-2318165,CYP1A2,4.647417068,4.933633732699675,3,MURCKO::O=C(NCCc1c[nH]c2ccccc12)C1COc2ccccc21
OCNT-2318171,CYP1A2,5.264790103,4.8376282813453635,0,MURCKO::O=C(Cc1cn2ccccc2n1)NC1CCCOc2ccccc21
OCNT-2318183,CYP1A2,3.571617155,4.630793010929617,4,MURCKO::O=C(Nc1ccccc1)c1cc(C2CC2)[nH]n1
OCNT-2318185,CYP1A2,5.050444355,4.736459115803017,0,MURCKO::O=C(CN1CCCCC1)Nc1cccs1
OCNT-2318216,CYP1A2,5.420178495,4.96744491624663,4,MURCKO::O=C(NC1CCc2cn[nH]c2C1)c1cc2ccccc2s1
OCNT-2318230,CYP1A2,5.454511877,5.444203098932513,0,MURCKO::c1ccc(C2CC2c2nc(Cn3cncn3)no2)cc1
OCNT-2318232,CYP1A2,5.143982408,5.0342097121246905,4,MURCKO::c1cc(NCc2c[nH]nn2)cc(-c2ncc[nH]2)c1
OCNT-2318236,CYP1A2,6.25668999,4.761809568928109,1,MURCKO::c1ccc2c(NC3CCCC3)ncnc2c1
OCNT-2318243,CYP1A2,5.775349813,5.300049321971255,1,MURCKO::O=C(c1cnn(-c2ccccc2)n1)N1CCc2ccncc21
OCNT-2318257,CYP1A2,5.716133747,5.032969455319137,3,MURCKO::O=C(c1cnn(-c2nccs2)c1)N1Cc2ccccc2C2(CC2)C1
OCNT-2318269,CYP1A2,5.08601735,4.393327968329345,2,MURCKO::O=C(Nc1nc2ccccc2[nH]1)C1CCN(c2ccccc2)C1
OCNT-2318270,CYP1A2,6.080035933,5.040113271577292,3,MURCKO::c1cncc(-c2ccc3cnn(Cc4ccco4)c3n2)c1
OCNT-2318281,CYP1A2,5.575110592,5.035614271495591,3,MURCKO::c1ccc(CCc2nc(-c3ccncc3)no2)cc1
OCNT-2318305,CYP1A2,5.135640943,4.9194284943774615,4,MURCKO::O=C(c1ccc(-c2nc3ccccc3s2)o1)N1CCCC(N2CCNC2=O)C1
OCNT-2318306,CYP1A2,5.960365405,5.793730440277532,2,MURCKO::O=C(Nc1ccc(Cc2ccncc2)cc1)c1ccno1
OCNT-2318307,CYP1A2,5.411674442,5.146432876044374,0,MURCKO::c1cc2c(cc1-c1noc(COC3CCOCC3)n1)OCCCO2
OCNT-2318312,CYP1A2,5.183959863,4.920122740213803,3,MURCKO::c1ccc2oc(-c3cc[nH]n3)cc2c1
OCNT-2318316,CYP1A2,5.339870455,4.7449918267073485,3,MURCKO::O=C(NCCc1ccccc1)c1ccc2ccccc2n1
OCNT-2318324,CYP1A2,5.492727475,5.005370228912179,1,MURCKO::O=C(Nc1ccn(-c2ccccc2)n1)N1CCCCC1
OCNT-2318328,CYP1A2,5.527722373,5.0502729661379275,1,MURCKO::O=C(CSc1n[nH]c(-c2cccnc2)n1)Nc1ccc(Oc2ccccc2)cc1
OCNT-2318330,CYP1A2,5.506707478,5.323427844431601,4,MURCKO::O=S(=O)(NCc1cc(-c2ccccc2)on1)c1ccoc1
OCNT-2318340,CYP1A2,4.880023233,5.306847870327911,1,MURCKO::O=C(NCc1ccc(-n2ccnc2)cc1)c1ccccc1
OCNT-2318346,CYP1A2,6.196793625,5.190130586283252,3,MURCKO::O=C(c1cc(-c2ccccc2)nc2oncc12)N1CCCSCC1
OCNT-2318347,CYP1A2,4.814454977,4.932367726964017,4,MURCKO::O=C(Cc1cn2ccccc2n1)NCC(c1ccccc1)N1CCOCC1
OCNT-2318348,CYP1A2,5.336485005,4.55771324550731,3,MURCKO::O=S(=O)(c1cc2ccccc2s1)N1CCNCC1
OCNT-2318351,CYP1A2,4.835530262,5.152669429401405,1,MURCKO::O=C1CCCN1Cc1ccc(Nc2nccc(Oc3ccccc3)n2)cc1
OCNT-2318352,CYP1A2,5.494513645,5.174570507871755,3,MURCKO::c1coc(-c2noc(-c3ccnn3C3CCCC3)n2)c1
OCNT-2318356,CYP1A2,3.962629875,5.382604282877561,0,MURCKO::O=C(Nc1ccn(Cc2ccncc2)n1)NC1CCC1
OCNT-2318363,CYP1A2,6.26143248,5.50586808095829,4,MURCKO::O=C(OCc1ccccc1)c1ccc2cncn2c1
OCNT-2318364,CYP1A2,5.577221095,5.185333913554323,1,MURCKO::c1ccc(-c2noc(-c3cccnc3)n2)nc1
OCNT-2318376,CYP1A2,5.18644016,4.7482056466848155,2,MURCKO::c1ccc2c(-c3nnco3)c[nH]c2c1
OCNT-2318394,CYP1A2,5.539309995,5.194481633771288,2,MURCKO::c1cnnc(N2CCCC(c3c[nH]c4ncccc34)C2)c1
OCNT-2318405,CYP1A2,4.664680495,4.952154018047939,3,MURCKO::c1ccc(CNC2CCOc3ccccc32)cc1
OCNT-2318411,CYP1A2,5.020332697,4.7395740894338365,1,MURCKO::O=C(CN1CC2CN(c3ccncn3)CC2C1)NC1CCCC1
OCNT-2318423,CYP1A2,3.927173255,4.949287728727228,3,MURCKO::O=C(c1cscn1)N1CCC(Cn2cncn2)CC1
OCNT-2318429,CYP1A2,5.680396747,5.487278432688488,3,MURCKO::O=C(Nc1ccccc1)NC1C2Cc3ccccc3C21
OCNT-2318439,CYP1A2,5.270841387,4.762420654223252,0,MURCKO::O=C(CC1CCCNC1)Nc1n[nH]c2[nH]nc(-c3ccccc3)c12
OCNT-2318448,CYP1A2,5.958262605,5.30470018436785,3,MURCKO::c1ccc(-c2nnc(C3CC3)[nH]2)cc1
OCNT-2318451,CYP1A2,3.558287917,4.493379389751525,1,MURCKO::O=C1CCC(N2C(=O)c3cccc(N4CCNCC4)c3C2=O)C(=O)N1
OCNT-2318453,CYP1A2,5.828513045,4.548148468691106,4,MURCKO::O=C(NCc1ccccc1)c1c[nH]c2ccccc2c1=O
OCNT-2318467,CYP1A2,5.795963533,4.620305555876831,3,MURCKO::O=C1NCCN1c1cccc(-c2noc(Cc3ccon3)n2)c1
OCNT-2318468,CYP1A2,5.12917157,4.902347133134913,0,MURCKO::O=c1cccnn1Cc1cccc2c1CCOC2
OCNT-2318512,CYP1A2,4.8245779,4.969517470157052,3,MURCKO::O=S(=O)(Nc1ccnn1-c1ccccc1)c1ccccc1
OCNT-2318531,CYP1A2,5.708708545,5.0250448238368435,2,MURCKO::O=c1nc(NC2CCc3ccccc32)[nH]c2[nH]ncc12
OCNT-2318540,CYP1A2,2.08595201,5.55036292393074,2,MURCKO::O=c1[nH]cccc1-c1nc(Cc2cnoc2)no1
OCNT-2318549,CYP1A2,6.633153952,4.761452895057946,4,MURCKO::c1ccc(Nc2ncnc3[nH]ncc23)cc1
OCNT-2318553,CYP1A2,5.117279883,5.300153795533902,1,MURCKO::O=C(Cc1cc2ccccc2[nH]1)NC1CCCc2cccnc21
OCNT-2318557,CYP1A2,5.390144205,4.889195648046237,3,MURCKO::O=C1NCC(C2CC2)n2cc(-c3ccc4[nH]ncc4c3)cc21
OCNT-2318566,CYP1A2,5.352664358,5.346596246203214,0,MURCKO::O=C(Cc1ccccn1)Nc1n[nH]cc1C1CC1
OCNT-2318569,CYP1A2,5.456108513,4.62691870525653,2,MURCKO::c1cncc(C2CCCN2c2nc(-c3ccncc3)nc3ccccc23)c1
OCNT-2318577,CYP1A2,5.100747877,5.056714722170771,0,MURCKO::c1ccc(CNc2ccccc2)cc1
OCNT-2318583,CYP1A2,3.823268413,4.819096341086146,1,MURCKO::O=C1Cc2cc(S(=O)(=O)Nc3ccc(-n4cncn4)cc3)ccc2N1
OCNT-2318585,CYP1A2,5.56130717,5.536425855152806,0,MURCKO::c1cc(NCc2cccc3ccccc23)cc(-n2cnnn2)c1
OCNT-2318590,CYP1A2,5.627750905,4.997970953857422,0,MURCKO::c1ccc(C2C3CC3CN2c2ncccn2)cc1
OCNT-2318612,CYP1A2,5.101097193,5.019125384010479,2,MURCKO::c1ccc2nc(-c3nnc(N4CCOC5(CCCCCC5)C4)[nH]3)ccc2c1
OCNT-2318628,CYP1A2,3.903030512,4.9653918393152825,1,MURCKO::c1ccc(C2(c3nc(Cc4cnc(C5CC5)o4)no3)CCNCC2)cc1
OCNT-2318633,CYP1A2,5.111750823,4.881531322974049,1,MURCKO::c1ccc(-c2cscn2)cc1
OCNT-2318634,CYP1A2,5.297514047,5.141092517143791,3,MURCKO::c1ccc2nc(-c3ccncc3)ncc2c1
OCNT-2318639,CYP1A2,4.919269393,5.077892133273665,1,MURCKO::O=C(Nc1ccncn1)N1CCCCCC1c1ccccc1
OCNT-2318647,CYP1A2,4.981743517,5.201656533065801,1,MURCKO::c1ccc2c(NCc3ccc4cn[nH]c4c3)ncnc2c1
OCNT-2318651,CYP1A2,3.561449123,4.6807287585990025,4,MURCKO::O=C(c1cccc(-c2ccccc2)c1)N1CCN(c2nccn3cnnc23)CC1
OCNT-2318657,CYP1A2,4.864228155,4.729082002503014,2,MURCKO::O=C(c1n[nH]c2ccccc12)N1CCCC(c2nccs2)C1
OCNT-2318658,CYP1A2,5.256545,5.4942265785575986,4,MURCKO::c1ccc(-n2cc(COc3ccc4c(c3)CNC4)nn2)cc1
OCNT-2318659,CYP1A2,4.71938977,5.417088264914717,3,MURCKO::c1ccc2c(c1)CCOC2c1nc(C2CCOC2)no1
OCNT-2318668,CYP1A2,5.730354147,5.086609833483108,1,MURCKO::c1ccc(-c2nnc[nH]2)cc1
OCNT-2318671,CYP1A2,6.926975918,4.944633895314617,3,MURCKO::O=C(Nc1n[nH]c2ccccc12)c1ccc(Cn2ccnc2)cc1
OCNT-2318680,CYP1A2,5.309533675,5.080322564170904,2,MURCKO::O=c1[nH]nc(-c2nnc(COC3CCCCC3)o2)c2ccccc12
OCNT-2318685,CYP1A2,5.491837323,4.748475649367016,1,MURCKO::O=C(Nc1cc[nH]n1)c1cc2ccccc2[nH]1
OCNT-2328316,CYP1A2,5.78291153,5.027009063143114,2,MURCKO::c1ccccc1
OCNT-2328317,CYP1A2,5.214993472,4.888660557696837,4,MURCKO::O=C(c1ccccc1)c1ccccc1
OCNT-2328329,CYP1A2,5.681076177,5.965556503116139,0,MURCKO::c1ccc2ncccc2c1
OCNT-2328337,CYP1A2,5.509644433,4.845124970148812,4,MURCKO::O=C1C=CC(=O)C=C1
OCNT-2328360,CYP1A2,1.988384528,4.566327848672083,1,MURCKO::c1ccc(CCNc2ccccc2)cc1
OCNT-2328395,CYP1A2,4.925579965,4.550723084347584,2,MURCKO::c1ccccc1
OCNT-2328400,CYP1A2,4.81904756,4.520205519676059,2,MURCKO::c1ccccc1
OCNT-2328401,CYP1A2,4.847908695,5.073834431515725,0,MURCKO::O=C1CN2Cc3ccccc3N=C2N1
OCNT-2328416,CYP1A2,5.951552982,5.141296045624522,0,MURCKO::c1ccc2ncccc2c1
OCNT-2328420,CYP1A2,6.129806315,5.467610932023479,0,MURCKO::c1ccc(Cc2c[nH]cn2)cc1
OCNT-2328447,CYP1A2,5.643812715,5.3407092014915944,4,MURCKO::c1ccc(-c2ccc(C(c3ccccc3)n3ccnc3)cc2)cc1
OCNT-2328455,CYP1A2,4.718853295,5.079150008714459,1,MURCKO::O=C(OCOC(=O)c1cccc2ncn(Cc3ccc(-c4ccccc4-c4nnn[nH]4)cc3)c12)OC1CCCCC1
OCNT-2328488,CYP1A2,5.737422975,5.117255640968298,1,MURCKO::c1ccc(C(Cn2ccnc2)OCc2ccsc2)cc1
OCNT-2328496,CYP1A2,3.997762027,5.104431683754729,0,MURCKO::O=C(c1ccccc1)c1coc2ccccc12
OCNT-2328510,CYP1A2,4.66854407,4.620990755461299,0,MURCKO::C(=CC=CC1=[NH+]c2ccc3ccccc3c2C1)C=CC=C1Cc2c(ccc3ccccc23)N1
OCNT-2328519,CYP1A2,5.093239353,4.629128020266209,4,ACYCLIC::d3e0fa0f8c4bf0b6
OCNT-2328546,CYP1A2,5.133739167,4.900108440727889,1,MURCKO::c1ccc(OCCNCCCOc2cccc3[nH]c4ccccc4c23)cc1
OCNT-2328552,CYP1A2,5.644207448,5.2051574048521925,3,MURCKO::c1ccc2c(c1)Oc1ccccc1C1CNCC21
OCNT-2328553,CYP1A2,5.06714608,5.1553469236289775,0,MURCKO::O=C1C=CC(=O)c2ccccc21
OCNT-2328555,CYP1A2,5.289767528,5.227418494569094,3,MURCKO::C1CC2CCOC3OC4CCC(C1)C23OO4
OCNT-2328559,CYP1A2,4.853442213,4.963643396602883,2,MURCKO::c1ccc(CCCNCc2cccc3ccccc23)cc1
OCNT-2328565,CYP1A2,4.116783042,5.171881092184917,4,MURCKO::O=C(OCc1ccccc1)c1ccccc1
OCNT-2328583,CYP1A2,5.823946382,5.126673754572806,2,MURCKO::c1ccccc1
OCNT-2328589,CYP1A2,3.642390255,5.063273437673837,0,MURCKO::O=C(NC1C(=O)N2CCSC12)c1cccc2ccccc12
OCNT-2328601,CYP1A2,5.749883995,4.992346729650544,3,MURCKO::C(=Cc1n[nH]c2cc(Sc3ccccc3)ccc12)c1ccccn1
OCNT-2328604,CYP1A2,5.504938652,4.534201208306632,2,MURCKO::c1ccccc1
OCNT-2328617,CYP1A2,5.522360535,4.915793364997278,0,MURCKO::c1ccc(Cc2c[nH]cn2)cc1
OCNT-2328630,CYP1A2,4.6823471,4.636028511594899,2,ACYCLIC::b7e5a4372964019a
OCNT-2328638,CYP1A2,4.236983705,5.195964592179626,2,MURCKO::c1ccc(Oc2ccccc2)cc1
OCNT-2328663,CYP1A2,5.071095182,5.45625112969314,4,MURCKO::O=C(OCCN1CCCCC1)c1cccc2c(=O)cc(-c3ccccc3)oc12
OCNT-2328666,CYP1A2,5.246598397,5.043290871859122,2,MURCKO::c1ccc(C(Cn2ccnc2)OCc2csc3ccccc23)cc1
OCNT-2328673,CYP1A2,7.189312418,5.847658210583831,0,MURCKO::c1ccc2ncccc2c1
OCNT-2328702,CYP1A2,5.310094333,4.574849886324703,2,MURCKO::c1ccccc1
OCNT-2328704,CYP1A2,5.385529017,5.262896308028641,2,MURCKO::c1ccc2[nH]ccc2c1
OCNT-2328726,CYP1A2,5.322439375,4.787219532609501,1,MURCKO::c1ccc2c(c1)CCC2
OCNT-2328729,CYP1A2,4.855454522,5.135627886098551,2,MURCKO::c1ccccc1
OCNT-2328733,CYP1A2,5.63483116,4.930758972999248,2,MURCKO::c1ccccc1
OCNT-2328752,CYP1A2,2.898074815,4.4688514580408505,2,MURCKO::c1ccccc1
OCNT-2328759,CYP1A2,4.34430153,4.97112289996287,0,MURCKO::c1ccc2ncccc2c1
OCNT-2328764,CYP1A2,5.4731902,5.07294602815772,2,MURCKO::c1ccccc1
OCNT-2328784,CYP1A2,5.49263816,4.852404916842662,0,MURCKO::c1ccc2ccccc2c1
OCNT-2328787,CYP1A2,4.77122071,4.655777631882332,1,MURCKO::c1cc[nH+]cc1
OCNT-2328789,CYP1A2,6.62409317,5.368170737834847,0,MURCKO::c1ccc2ncccc2c1
OCNT-2328791,CYP1A2,4.550166535,4.57923854122995,3,MURCKO::c1ccc(C[NH2+]CCOCCOc2ccccc2)cc1
OCNT-2328794,CYP1A2,4.241668605,5.045718035673205,0,MURCKO::O=C1C=CC(=O)c2ccccc21
OCNT-2328824,CYP1A2,5.378572777,5.256852021036629,3,MURCKO::O=c1ccc2c(-c3ccccc3)c3ccccc3oc-2c1
OCNT-2328827,CYP1A2,5.103808697,5.040157933679134,3,MURCKO::O=C1CNC(=O)N1c1ccccc1
OCNT-2328838,CYP1A2,5.082651027,4.641846802068043,4,MURCKO::c1ccc(-c2ccccc2)cc1
OCNT-2328854,CYP1A2,3.893977505,5.791697297540667,3,MURCKO::O=C(Cc1cccnc1)c1cccnc1
OCNT-2328864,CYP1A2,5.436967443,4.89479749110474,3,MURCKO::c1csc(COc2cccc3ccccc23)c1
OCNT-2328870,CYP1A2,2.242559385,4.734265242173462,0,MURCKO::c1ccc2c(c1)CCc1cccnc1C2=C1CCNCC1
OCNT-2328886,CYP1A2,3.451809985,4.659181790779222,2,MURCKO::c1ccccc1
OCNT-2328889,CYP1A2,5.236904717,4.905306831170339,0,MURCKO::c1ccn2nccc2c1
OCNT-2328890,CYP1A2,5.037293535,4.904902482722084,2,MURCKO::c1ccccc1
OCNT-2328892,CYP1A2,4.774593187,5.2628707323691355,2,MURCKO::c1ccc(Oc2ccccc2)cc1
OCNT-2328931,CYP1A2,4.867967003,4.9910255085871515,0,MURCKO::O=C(c1ccccc1)c1coc2ccccc12
OCNT-2328938,CYP1A2,5.325893385,5.4280606216560106,2,MURCKO::c1cncc(CN2CCC(=C3c4ccccc4CCc4cccnc43)CC2)c1
OCNT-2328946,CYP1A2,5.782165655,4.986434868136268,4,MURCKO::S=c1cc(-c2ccccc2)ss1
OCNT-2328950,CYP1A2,4.640730533,5.757210236488443,0,MURCKO::c1ccc(Nc2ccccc2)cc1
OCNT-2328958,CYP1A2,5.63758462,5.179229083400165,1,MURCKO::c1ccc(Oc2ccc3nc[nH]c3c2)cc1
OCNT-2328961,CYP1A2,5.300220215,5.176083636242533,2,MURCKO::c1ccccc1
OCNT-2328962,CYP1A2,5.378086843,5.289033877084975,4,MURCKO::O=C(OCc1ccccc1)c1ccccc1
OCNT-2328965,CYP1A2,5.722820957,5.472849762534463,2,MURCKO::c1ccccc1
OCNT-2328969,CYP1A2,4.288918308,4.723349345154732,1,MURCKO::O=C1C(=Cc2ccccc2)C2CCC1C2
OCNT-2328970,CYP1A2,2.344094297,4.497593385886984,1,ACYCLIC::ab0e363c507d08db
OCNT-2328974,CYP1A2,5.551056015,4.719870824853157,2,MURCKO::c1ccccc1
OCNT-2328980,CYP1A2,4.342669123,4.6669517998597625,3,MURCKO::C1CC2CCOC3OC4CCC(C1)C23OO4
OCNT-0001882,CYP2C9,2.169687087,4.8371197972153395,2,MURCKO::c1ccccc1
OCNT-0018684,CYP2C9,2.834837307,4.053054794872316,0,MURCKO::c1ccc2ccccc2c1
OCNT-0021946,CYP2C9,4.810827898,4.564501889733351,2,MURCKO::c1ccc2c(c1)CCC1C2CCC2CCCC21
OCNT-0022066,CYP2C9,3.519692225,4.575385151218644,4,MURCKO::O=C(c1ccco1)N1CCN(c2ncc3ccccc3n2)CC1
OCNT-0022107,CYP2C9,4.824902188,4.6747405450614785,3,MURCKO::O=c1n(CCOc2ccccc2)cnn1CCCN1CCN(c2ccccc2)CC1
OCNT-0022126,CYP2C9,4.573013837,4.460134109511068,2,MURCKO::c1ccc(OCCCN2CCC(c3noc4ccccc34)CC2)cc1
OCNT-0022128,CYP2C9,4.683597905,4.450604731253041,3,MURCKO::O=C1CCc2ccc(OCCCCN3CCN(c4ccccc4)CC3)cc2N1
OCNT-0022288,CYP2C9,4.649319785,4.275763374458129,2,MURCKO::c1ccc2c(c1)Sc1ccccc1N2CCCN1CCNCC1
OCNT-0022294,CYP2C9,4.12327397,4.304150559342881,4,MURCKO::c1ccc2c(c1)Nc1ccccc1S2
OCNT-0022314,CYP2C9,4.26358712,4.158861458176585,2,MURCKO::O=C(c1ccccc1)C1CCN(CCn2c(=O)[nH]c3ccccc3c2=O)CC1
OCNT-0022315,CYP2C9,4.881786123,4.122313796651714,0,MURCKO::c1ccc(N2CCN(CCCOc3cccc4ccccc34)CC2)cc1
OCNT-0022316,CYP2C9,2.252633272,4.618504730396325,4,MURCKO::O=C(C1CCCO1)N1CCN(c2ncc3ccccc3n2)CC1
OCNT-0476550,CYP2C9,4.434790132,4.538593986204778,0,MURCKO::c1ccc2nc3ccccc3cc2c1
OCNT-0478539,CYP2C9,3.595793432,4.604351321518589,2,MURCKO::c1ccc2[nH]ccc2c1
OCNT-0483290,CYP2C9,4.013040405,4.5044477132264635,4,MURCKO::C(=Cc1ccccc1)CN1CCN(C(c2ccccc2)c2ccccc2)CC1
OCNT-0493312,CYP2C9,5.846211473,4.847267108424975,0,MURCKO::c1ccc2c(c1)CCc1cccnc1C2=C1CCNCC1
OCNT-0494025,CYP2C9,4.159997005,4.49724375763028,0,MURCKO::O=C(Nc1cccc(Nc2nccc(-c3cccnc3)n2)c1)c1ccc(CN2CCNCC2)cc1
OCNT-0494084,CYP2C9,4.322632415,4.746750096119977,4,MURCKO::O=C(c1ccccc1)c1ccc2nc[nH]c2c1
OCNT-0494105,CYP2C9,5.24864133,4.474407062580487,0,MURCKO::c1ccc(Nc2ccccc2)cc1
OCNT-0494110,CYP2C9,5.884783357,5.215392504373927,0,MURCKO::C(=Cc1ccccc1)c1ccccc1
OCNT-0494160,CYP2C9,4.027852167,4.941185809946968,3,MURCKO::O=C1C=CC2C(CCC3C2CCC2C(C(=O)Nc4ccccc4)CCC23)N1
OCNT-0494162,CYP2C9,5.231331972,4.729745414342332,2,MURCKO::c1ccc2c(c1)CCC1C2CCC2CCCC21
OCNT-0494205,CYP2C9,4.675208465,4.426015248115085,1,MURCKO::O=C1C=C2CCC3C(=C2CC1)C(c1ccccc1)CC1CCCC13
OCNT-0494638,CYP2C9,4.125769155,4.24044369882836,1,MURCKO::C1CCC2C(C1)CCC1C3CCCC3CCC21
OCNT-0494698,CYP2C9,5.424638007,4.892933336546211,3,MURCKO::O=C(NC1CCCCC1)NS(=O)(=O)c1ccc(CCNC(=O)c2ccccc2)cc1
OCNT-0495189,CYP2C9,2.102832312,4.2846905503518355,3,MURCKO::c1ccc(C(c2ccccc2)N2CCNCC2)cc1
OCNT-0495275,CYP2C9,5.37404736,4.591340589739096,1,MURCKO::O=C1C=C2CCC3C(=C2CC1)C(c1ccccc1)CC1CCCC13
OCNT-0497719,CYP2C9,5.696329008,4.385020578879894,1,MURCKO::O=C(Cc1ccc(-c2ccccc2)cc1)Nc1ccccn1
OCNT-0497724,CYP2C9,5.644330747,4.614461423649979,0,MURCKO::O=C(C=Cc1ccccc1)CC(=O)C=Cc1ccccc1
OCNT-0497798,CYP2C9,5.543143527,4.54432749131942,4,MURCKO::O=C(c1ccccc1)c1ccccc1
OCNT-0497847,CYP2C9,5.10806239,4.555666428221079,2,MURCKO::O=C1CC(=O)N(c2ccccc2)N1c1ccccc1
OCNT-0497934,CYP2C9,5.73559019,4.607701872079332,1,MURCKO::O=C1OCC2Cc3cc4c(cc3C(c3ccccc3)C12)OCO4
OCNT-0497954,CYP2C9,4.575055157,4.640572676890427,2,MURCKO::C=C1c2ccccc2Sc2ccccc21
OCNT-0498042,CYP2C9,4.44158044,4.389154899004896,4,MURCKO::O=C1C2=CC3C(=O)C=CCC3CC2Cc2ccccc21
OCNT-0498064,CYP2C9,4.441327037,4.2204794991476104,0,MURCKO::O=C(C1COc2ccccc2O1)N1CCN(c2ncc3ccccc3n2)CC1
OCNT-0498121,CYP2C9,4.04949926,5.674137072415162,0,MURCKO::O=S(=O)(Nc1nccs1)c1ccccc1
OCNT-0498160,CYP2C9,3.877364105,4.547540955089959,3,MURCKO::O=C1C(CCS(=O)c2ccccc2)C(=O)N(c2ccccc2)N1c1ccccc1
OCNT-0713834,CYP2C9,5.477437085,4.204327307959037,1,MURCKO::O=C(Nc1ccccc1)c1c[nH]c2ccccc2c1=O
OCNT-1083122,CYP2C9,3.247387145,4.147337085614741,2,MURCKO::c1ccccc1
OCNT-1685194,CYP2C9,4.5338679,4.161314230414302,3,ACYCLIC::80dc4560121225b3
OCNT-1755345,CYP2C9,5.443798252,4.775056186684225,2,MURCKO::O=C(Nc1ccc(N2CCOCC2)nc1)c1cccc(-c2ccccc2)c1
OCNT-1871132,CYP2C9,4.102499563,4.61867483430253,4,MURCKO::c1ccc(-c2ccccc2)cc1
OCNT-1965960,CYP2C9,2.2828893,4.182414010333938,1,MURCKO::O=C(Nc1ccccc1)C1CCCCN1
OCNT-2308468,CYP2C9,3.937667097,4.462147710524544,0,MURCKO::O=C(c1ccc2[nH]nnc2c1)N1CCCC(n2cccn2)C1
OCNT-2308473,CYP2C9,4.422686977,4.368978336982626,0,MURCKO::O=C(NC1CCN(C(=O)c2ccc3c(c2)OCCCO3)CC1)c1ccsc1
OCNT-2308476,CYP2C9,3.40003183,4.308207345518419,1,MURCKO::O=C(Nc1ccc2c(c1)NCC2)N1CCCCC1
OCNT-2308478,CYP2C9,4.583366505,4.364985134957265,2,MURCKO::O=C(NC1CCOc2ccccc21)c1c[nH]nc1C1CCCNC1
OCNT-2308479,CYP2C9,3.709213582,4.550535575950036,2,MURCKO::O=C(CCC1CC1)NC1CCCN(C(=O)Cc2cc(C3CC3)on2)CC1
OCNT-2308494,CYP2C9,4.372024367,5.005356364193572,3,MURCKO::O=C(Nc1ccc(OCc2ccncc2)cc1)c1c[nH]nn1
OCNT-2308515,CYP2C9,4.004888092,4.57685184084242,4,MURCKO::c1ccc(-c2nc(N3CCCCC3)no2)cc1
OCNT-2308522,CYP2C9,3.37551358,4.180271238573717,2,MURCKO::O=C(NCC1CCOC1)N1CCCC1c1nc2ccccc2[nH]1
OCNT-2308536,CYP2C9,4.167004022,4.8061544172514825,2,MURCKO::O=C(Cc1cc2ccccc2[nH]c1=O)Nc1ccc2[nH]nnc2c1
OCNT-2308539,CYP2C9,5.51041815,4.543275819547556,0,MURCKO::O=C(NCc1ccccn1)N1CCC(CCc2ccccc2)CC1
OCNT-2308562,CYP2C9,4.198154762,4.5192807983776015,0,MURCKO::O=C(Nc1nc2ccccc2s1)C1CCCOC1
OCNT-2308571,CYP2C9,4.826146405,4.335091093809467,0,MURCKO::O=C(NCCc1nnc(-c2ccccc2)o1)c1ccccc1
OCNT-2308576,CYP2C9,5.143536818,4.834313243216364,2,MURCKO::O=C(Nc1ccc(-c2nccs2)cc1)c1ccccc1
OCNT-2308578,CYP2C9,3.779748205,4.508206023672749,3,MURCKO::O=C(Nc1ccc(N2CCOC2=O)cc1)c1ccccc1
OCNT-2308583,CYP2C9,4.459796502,4.807704696248454,1,MURCKO::c1coc(CCCNc2ccn3nccc3n2)c1
OCNT-2308585,CYP2C9,2.370778473,4.585972707804884,0,MURCKO::O=C(NCc1cnc2ccccn12)C12CNCC1COC2
OCNT-2308588,CYP2C9,4.06119356,4.660301455143456,2,MURCKO::c1ccc(Oc2ccnc(N3CCCNCC3)n2)cc1
OCNT-2308604,CYP2C9,4.211255327,4.488508951125589,4,MURCKO::O=C(Cn1cc(C(=O)N2CCOc3ccccc32)cn1)NC1CCCCC1
OCNT-2308613,CYP2C9,2.898512752,4.507727318551385,3,MURCKO::O=C(NCC1CCN(Cc2cccs2)CC1)c1cc(C2CC2)[nH]n1
OCNT-2308624,CYP2C9,4.43455903,5.1150129214081,4,MURCKO::O=C(NCCc1ccncc1)C1NCCOc2ccccc21
OCNT-2308645,CYP2C9,4.499618185,4.518260045014449,1,MURCKO::O=C(c1cnn2c1CCCC2)N1CC(c2nc(-c3ccccc3)no2)C1
OCNT-2308649,CYP2C9,4.349199405,4.5408896052795,4,MURCKO::O=C(Cc1ccccc1)NCc1ccccc1-n1ccnc1
OCNT-2308656,CYP2C9,5.674395955,4.657687906532431,3,MURCKO::O=C(Nc1ccccc1)c1ccnc(Oc2ccccc2)c1
OCNT-2308667,CYP2C9,3.55747492,4.561751923196182,4,MURCKO::c1ccc(Oc2ccnc(N3CCCCC3)n2)cc1
OCNT-2308674,CYP2C9,5.519434882,5.162534134830484,4,MURCKO::O=C(Nc1ccc2[nH]c(-c3ccccc3)nc2c1)c1cccnc1
OCNT-2308698,CYP2C9,4.974725937,4.804960043352402,1,MURCKO::O=c1cccnn1Cc1coc(-c2ccccc2)n1
OCNT-2308706,CYP2C9,3.925035008,4.668968948133052,3,MURCKO::O=C(c1ccnc(-n2ccnc2)c1)N1CCC(c2ncccn2)CC1
OCNT-2308709,CYP2C9,3.752890242,4.2061856474251496,1,MURCKO::c1cnc2nc(N3CCN(Cc4ncc[nH]4)CC3)ccc2c1
OCNT-2308723,CYP2C9,4.5740716,4.257753617484193,2,MURCKO::c1ccc2c(CCNc3ncnc4[nH]cnc34)c[nH]c2c1
OCNT-2308733,CYP2C9,2.99755775,4.607294678692158,0,MURCKO::O=C(NCc1cc(C2CC2)[nH]n1)C1COCCC1c1ccccc1
OCNT-2308748,CYP2C9,5.175987735,4.573716668964427,0,MURCKO::O=C(Cc1ccccc1)N1CCN(c2ncccn2)CC1
OCNT-2308758,CYP2C9,4.499651285,4.510469299013642,3,MURCKO::O=C(Nc1cnn(-c2ccccc2)c1)NC(c1ccccc1)c1nnc[nH]1
OCNT-2308760,CYP2C9,4.15754825,4.3902601322585575,2,MURCKO::O=C1CSc2ccc(C(=O)NCC3CCOC3c3ccccc3)cc2N1
OCNT-2308763,CYP2C9,4.024529555,4.529227519942439,3,MURCKO::c1c(C23CC4CC(CC(C4)C2)C3)nnn1Cc1n[nH]c2c1COCC2
OCNT-2308772,CYP2C9,3.722566127,4.259583952307196,0,MURCKO::c1ccc2ncccc2c1
OCNT-2308773,CYP2C9,5.046452268,4.609081671209674,0,MURCKO::O=C(Cc1cnc2ncnn2c1)Nc1cccc(Cc2ccccc2)c1
OCNT-2308783,CYP2C9,3.654502347,4.813413934364342,4,MURCKO::O=C(NCc1ccon1)NC1CCc2ccccc21
OCNT-2308814,CYP2C9,4.01858695,4.596866373864807,2,MURCKO::c1cc(-c2nc(-c3ccc4c(c3)CCO4)no2)c2cn[nH]c2n1
OCNT-2308818,CYP2C9,5.530375613,4.7092141893695025,0,MURCKO::c1ccc(-c2nc(N3CCC(Oc4cnccn4)CC3)c3ccccc3n2)nc1
OCNT-2308821,CYP2C9,4.607392417,4.401015246753964,0,MURCKO::O=C(Nc1ccn(C2CCCCC2)n1)c1ccccc1
OCNT-2308822,CYP2C9,4.027627188,4.699747803969741,4,MURCKO::O=C(NC1CCC(Cn2cccn2)C1)c1cccnc1
OCNT-2308838,CYP2C9,3.994174403,4.315777864926978,2,MURCKO::O=C(Nc1cnoc1)c1ccc2nncn2c1
OCNT-2308842,CYP2C9,4.208911465,4.852011864865406,3,MURCKO::O=C(CCc1cccnc1)N1CCN(c2ccccc2)CC1
OCNT-2308851,CYP2C9,4.420736525,4.515390434853382,3,MURCKO::O=c1[nH]c(CN2CCCCC2)nc2c1cnn2-c1ccccc1
OCNT-2308857,CYP2C9,5.599171183,4.644612659054304,0,MURCKO::O=C(Nc1ccc2c(c1)C(=O)NCC2)c1cccc(S(=O)(=O)Nc2ccccc2)c1
OCNT-2308860,CYP2C9,4.434269245,4.352817039057073,4,MURCKO::O=C(Nc1ccccc1)c1ccccn1
OCNT-2308865,CYP2C9,4.630061197,4.530832229072756,1,MURCKO::O=S1(=O)CCC(c2csc(Cc3cccc4ccccc34)n2)C1
OCNT-2308874,CYP2C9,3.713054535,4.468532193805479,3,MURCKO::O=C(c1c[nH]c(-c2ccccc2)n1)N1CCN(CC2CCCO2)CC1
OCNT-2308881,CYP2C9,4.77177413,4.399964964657581,2,MURCKO::O=C(Cn1ccc2ccccc21)N1CCc2ccccc21
OCNT-2308884,CYP2C9,3.588983172,4.296887770297261,0,MURCKO::O=C(c1ccc(N2CCCC2)nc1)N1CCCC(N2CCNC2=O)C1
OCNT-2308889,CYP2C9,5.370662155,4.619696091679118,2,MURCKO::O=C(NCc1ccoc1)N1CCC(c2c[nH]c3ccccc23)CC1
OCNT-2308890,CYP2C9,2.324801003,4.431551732252883,4,MURCKO::O=C(Cc1cc[nH]n1)N1CCCCC1
OCNT-2308896,CYP2C9,3.887100278,4.227507009297687,4,MURCKO::O=C(Nc1c[nH]nc1-c1ccccn1)c1cccnc1
OCNT-2308914,CYP2C9,5.579995453,4.849294991197879,0,MURCKO::O=C(Nc1ccccc1)c1cc2ccccc2[nH]1
OCNT-2308915,CYP2C9,5.155332777,5.041821929265817,2,MURCKO::O=C(NCc1cn[nH]c1)N1CCC(Cc2ccccc2)CC1
OCNT-2308941,CYP2C9,5.55875766,4.5509909324294435,1,MURCKO::O=C(NCc1cc2ccccc2o1)c1cccc(-n2cnnn2)c1
OCNT-2308944,CYP2C9,4.33237451,4.76708669597346,2,MURCKO::O=C(Nc1ncc(-c2ccccn2)s1)c1c[nH]nc1-c1ccccc1
OCNT-2308945,CYP2C9,4.26659671,4.376141927394482,2,MURCKO::O=C(Nc1cn[nH]c1)N1CCc2ccccc21
OCNT-2308947,CYP2C9,3.228993772,4.253405201912689,1,MURCKO::O=C(NCc1nnc2n1CCCCC2)NC1CC1c1ccccc1
OCNT-2308949,CYP2C9,4.90446892,4.514977997773984,1,MURCKO::O=C(Nc1nc[nH]n1)NC1CC1c1ccccc1
OCNT-2308964,CYP2C9,4.784567685,4.595162003862125,2,MURCKO::O=C(CCc1ccccc1)N1CCOc2ccccc21
OCNT-2308965,CYP2C9,3.142433313,4.5394306934004165,3,MURCKO::c1nc(N2CCCC2)cc(N2CCCC2)n1
OCNT-2308972,CYP2C9,3.992841445,4.883101447134304,3,MURCKO::O=c1[nH]c2ccc(S(=O)(=O)Nc3cncnc3)cc2o1
OCNT-2308975,CYP2C9,3.614555483,4.3854744195495385,2,MURCKO::O=C1CN(S(=O)(=O)c2c[nH]c3ncccc23)CCN1
OCNT-2308997,CYP2C9,5.454204218,5.0929916048588595,2,MURCKO::c1ccc(NC(c2ccccc2)c2nnc[nH]2)cc1
OCNT-2309005,CYP2C9,5.16500649,4.260418593058087,4,MURCKO::O=C(c1nnc(C2CC2)o1)N1CCC(c2ccccc2)C1
OCNT-2309014,CYP2C9,4.201528598,4.633918635851025,4,MURCKO::O=C(NC1CCCc2ccccc21)c1cccc2[nH]c(=O)oc12
OCNT-2309022,CYP2C9,4.187528027,4.551835022001823,4,MURCKO::O=C1CCC(C(=O)NCCc2ccc3c(c2)OCCO3)C(c2ccccc2)N1
OCNT-2309026,CYP2C9,4.147305688,4.715178297457602,3,MURCKO::O=C(CC1CCCCC1)NC1CCC(C(=O)NCc2ccon2)CC1
OCNT-2309034,CYP2C9,5.081989737,4.567065196022169,1,MURCKO::O=C(Cc1c[nH]c2ccccc12)NC1CCc2ncccc2C1
OCNT-2309039,CYP2C9,4.468207203,4.558083489067856,0,MURCKO::O=C(NCCN1CCN(c2ccccn2)CC1)c1c[nH]c2cccnc12
OCNT-2309067,CYP2C9,3.710952443,4.592170898101308,1,MURCKO::O=C(C1=NOC(c2ccccc2)C1)N1CCC(Cc2nnn[nH]2)CC1
OCNT-2309071,CYP2C9,6.045035507,5.085954922768327,1,MURCKO::O=S(=O)(Nc1cccc(S(=O)(=O)Nc2ccccc2)c1)c1cnoc1
OCNT-2309082,CYP2C9,4.55549884,4.813143450890788,4,MURCKO::O=C1CN(C2CCC2)C(=O)N1Cc1ccccc1
OCNT-2309100,CYP2C9,4.367484565,4.717433261855947,4,MURCKO::O=C(Cc1ccccc1)N1CCCC(c2c[nH]nn2)C1
OCNT-2309101,CYP2C9,4.325389643,4.533921932738067,4,MURCKO::O=C(Nc1ccccn1)C1CCCN(Cc2csnn2)C1
OCNT-2309111,CYP2C9,3.932196203,4.146475842861205,0,MURCKO::O=C(c1coc(C2CC2)n1)N1CCCc2cnccc21
OCNT-2309130,CYP2C9,4.412506458,4.467511741432539,0,MURCKO::O=C(CN1CCN(c2cn[nH]c2)CC1)Nc1ccccc1
OCNT-2309155,CYP2C9,3.709709253,4.684962595369589,3,MURCKO::O=C(NCC1COc2ccccc2O1)c1cc(N2CCOCC2)ccn1
OCNT-2309172,CYP2C9,3.902483403,4.734106697064188,1,MURCKO::c1ccc(NC2CCN(c3ccncn3)CC2)cc1
OCNT-2309184,CYP2C9,4.3014934,4.461995494545064,3,MURCKO::O=C(NCc1ccccc1)N1CCCC(c2ccn[nH]2)C1
OCNT-2309191,CYP2C9,3.988112035,4.681616732673519,3,MURCKO::O=C(CCn1cccn1)N1CCCN(C(=O)c2ccccc2)CC1
OCNT-2309193,CYP2C9,4.939769743,4.5759205885516705,3,MURCKO::O=C(NCCc1cccs1)N1CCCC1
OCNT-2309196,CYP2C9,5.164130532,4.591938054841215,0,MURCKO::O=C(c1ccccc1)N1CCN(S(=O)(=O)c2ccccc2)CC1
OCNT-2309198,CYP2C9,3.7787182,4.1989647121120095,0,MURCKO::O=C(c1nnc2ccccc2n1)N1CCNCC1
OCNT-2309200,CYP2C9,4.575785995,4.35009060500295,0,MURCKO::c1ccc(CCc2cn(Cc3ccccc3)nn2)cc1
OCNT-2309210,CYP2C9,4.532279585,4.588335479953613,3,MURCKO::O=C(c1cnco1)N1CCN(CCc2ccccc2)CC1
OCNT-2309214,CYP2C9,4.839729637,4.259281130268528,3,MURCKO::O=S(=O)(c1ccccc1)N1CCNCC1c1ccccc1
OCNT-2309221,CYP2C9,3.91618854,4.670659042089389,2,MURCKO::O=C(NCCN1C(=O)CNC1=O)N1CCc2[nH]c3ccccc3c2C1
OCNT-2309229,CYP2C9,4.422668727,4.552522677478476,4,MURCKO::O=C(c1ccccc1)N1CCN(c2ccccc2)CC1
OCNT-2309240,CYP2C9,4.81930473,4.50324849058614,1,MURCKO::O=C(c1coc(-c2ccccc2)c1)N1CCC(n2ccnn2)CC1
OCNT-2309248,CYP2C9,4.248697972,4.594111068423402,2,MURCKO::c1cnc(-c2noc(C3CC3c3ccc4c(c3)OCCO4)n2)nc1
OCNT-2309252,CYP2C9,5.02605462,4.970296044846659,4,MURCKO::O=C(c1cc(-c2ccncc2)on1)N1CCCCC1
OCNT-2309268,CYP2C9,2.842445043,4.075719276000175,4,MURCKO::O=C(CCc1nc2[nH]c(=O)[nH]c(=O)c2[nH]1)NC1CCc2ccccc21
OCNT-2309276,CYP2C9,3.566130447,4.380864760108043,1,MURCKO::O=C(C1CCc2cccnc21)N1CCN(c2cnccn2)CC1
OCNT-2309280,CYP2C9,4.797539432,4.509935281703697,2,MURCKO::O=C(C1CC1)N1CCCN(c2ccccn2)CC1
OCNT-2309290,CYP2C9,4.968570472,4.402612476478603,0,MURCKO::O=C(c1cc(-c2ccccn2)no1)N1CCN(c2ccccc2)CC1
OCNT-2309292,CYP2C9,4.633100738,4.647631404685873,1,MURCKO::O=C(Cc1ccccc1)N1CCN(c2cc(C3CC3)n[nH]2)CC1
OCNT-2309293,CYP2C9,4.002191877,4.565786673727828,1,MURCKO::O=S(=O)(c1ccccc1)N1CCCCC1
OCNT-2309296,CYP2C9,3.731912458,4.347039180724601,4,MURCKO::O=C(Nc1cccc(Cn2ccnc2)c1)NC1CC2CCCC(C1)N2
OCNT-2309301,CYP2C9,2.152170485,4.2065933049681945,3,MURCKO::O=C(Cn1c(=O)[nH]c(=O)c2ccccc21)Nc1cccc(N2CCCNC2=O)c1
OCNT-2309308,CYP2C9,2.54174885,4.577123043905197,3,MURCKO::O=C(Cc1ccc2c(c1)CCCC2)NC1CCCCC1
OCNT-2309318,CYP2C9,4.702829963,4.54469582472616,0,MURCKO::O=C(c1cc2ccccc2[nH]1)N1CCCCC1
OCNT-2309326,CYP2C9,3.812474378,4.362572592146599,0,MURCKO::O=C(NC1CCc2ccccc21)c1c[nH]nc1C1CCCNC1
OCNT-2309328,CYP2C9,4.524396023,4.7858340859859165,2,MURCKO::O=C(NCc1ccccc1)NC1CCN(c2ccccc2)C1=O
OCNT-2309333,CYP2C9,4.553783193,4.184594682372516,1,MURCKO::O=C(c1cc(-c2cccs2)on1)N1CCN(C2CCOCC2)CC1
OCNT-2309345,CYP2C9,4.967071435,4.525204904599811,1,MURCKO::c1ccc2nc(N3CCCNCC3)ccc2c1
OCNT-2309346,CYP2C9,4.699023575,4.49482469653411,3,MURCKO::O=S(=O)(CCc1ccccc1)Nc1cc(C2CCCCC2)n[nH]1
OCNT-2309347,CYP2C9,3.655002367,4.783224339222659,4,MURCKO::O=C(NCC1CCC(c2ncn[nH]2)O1)c1ccccc1
OCNT-2309351,CYP2C9,4.663656533,4.712877504377068,3,MURCKO::O=C(NCC1(N2CCOCC2)CCCCC1)c1c[nH]cc1-c1cccs1
OCNT-2309368,CYP2C9,5.681304782,5.154475302535542,1,MURCKO::O=C(NCc1cccc(C2NC(=O)NC2=O)c1)Nc1ccc(-c2ccncc2)cc1
OCNT-2309376,CYP2C9,4.125459848,4.508998497437431,3,MURCKO::O=C(Nc1c[nH]nc1-c1ccccc1)c1cccc(-c2ncn[nH]2)c1
OCNT-2309393,CYP2C9,4.124070503,4.309667808547389,3,MURCKO::O=C(NCCc1ccco1)N1CCN(c2ccncn2)CC1
OCNT-2309401,CYP2C9,4.670985508,4.905802466331985,4,MURCKO::O=C(NCc1cccs1)N1CCCc2[nH]ncc2C1
OCNT-2309425,CYP2C9,4.860595378,4.27069533610376,1,MURCKO::O=C(CCc1nc2ccccc2c(=O)[nH]1)N1CC(Oc2ccccc2)C1
OCNT-2309430,CYP2C9,4.19545985,4.309146138413268,1,MURCKO::O=C1CCCCN1Cc1nc(-c2ccccn2)no1
OCNT-2309433,CYP2C9,4.75091876,4.387970267577043,2,MURCKO::O=C(Nc1ccccc1)C1CC(=O)N(c2ccccc2)C1
OCNT-2309458,CYP2C9,4.3898646,4.796184069104852,2,MURCKO::O=C(c1cn2ccccc2n1)N1CCCC(c2cc[nH]n2)C1
OCNT-2309459,CYP2C9,4.953367812,4.67338598660621,0,MURCKO::O=C(Nc1ccc(-n2ccnc2)cc1)c1c[nH]nn1
OCNT-2309469,CYP2C9,4.970555535,4.623251644196294,0,MURCKO::c1ccc(C2CC2c2nc(Cc3ccccn3)no2)cc1
OCNT-2309470,CYP2C9,2.57356297,4.418143011660095,0,MURCKO::O=C(NCc1ccccc1Cn1cccn1)N1CCC1
OCNT-2309471,CYP2C9,4.940910657,4.5288825967284385,2,MURCKO::O=C(Cc1cnn(Cc2ccccc2)c1)Nc1ncc(C2CCCCC2)cn1
OCNT-2309479,CYP2C9,3.6224939,4.627674608070709,2,MURCKO::O=C(Nc1ccc(Oc2ccccc2)cc1)NC1CCCCC1
OCNT-2309495,CYP2C9,4.34240414,4.724678072287467,3,MURCKO::O=C(Cc1ccccn1)Nc1ccc(-n2ccnc2)cc1
OCNT-2309498,CYP2C9,2.646331262,4.518203085523326,3,MURCKO::O=C(Cc1cn[nH]c1)N1CCN(c2ccccn2)CC1
OCNT-2309499,CYP2C9,4.934191203,4.703359914519891,3,MURCKO::O=C(Nc1nccs1)N1CCOc2ccccc2C1
OCNT-2309501,CYP2C9,4.363811735,4.529983322891427,4,MURCKO::O=C(Cc1cnn(Cc2ccccc2)c1)Nc1cc[nH]n1
OCNT-2309502,CYP2C9,5.343503555,4.497849405548136,1,MURCKO::O=C1CCc2cc(-c3ccccc3)cc3c2N1CCC3
OCNT-2309506,CYP2C9,4.671211872,4.7485996161953645,0,MURCKO::O=C(c1ccccc1)N1CCN(S(=O)(=O)c2ccccc2)CC1
OCNT-2309518,CYP2C9,4.69958671,4.380233329991025,0,MURCKO::O=C(Nc1ccccc1)N1CCN(c2cnccn2)CC1
OCNT-2309524,CYP2C9,4.38695762,5.029698963938282,4,MURCKO::O=C(NCCc1ccncc1)N1CC2(CCC2)C1C1CCOCC1
OCNT-2309526,CYP2C9,5.445564713,4.315967432465047,4,MURCKO::O=C(NCc1ccccc1)N1CCC(Oc2ccccn2)CC1
OCNT-2309544,CYP2C9,4.971353563,4.429888745004734,3,MURCKO::O=C(Cc1cnn(-c2ccccc2)n1)NCc1cccnc1
OCNT-2309546,CYP2C9,5.415779555,4.607563244041611,0,MURCKO::O=C(NCc1ccccc1-c1ccc(Cn2cccn2)cc1)N1CC2CC1C2
OCNT-2309550,CYP2C9,4.56426993,4.553553345394824,4,MURCKO::O=C(Nc1n[nH]c2[nH]ncc12)c1ccnc2oncc12
OCNT-2309558,CYP2C9,3.777510063,4.5386138785190075,4,MURCKO::O=C1NCCC1NS(=O)(=O)c1cnn2ncccc12
OCNT-2309559,CYP2C9,3.959468865,4.6083160585722025,0,MURCKO::O=C1CN(C2CCC2)C(=O)N1CCc1ccccn1
OCNT-2309560,CYP2C9,3.812051542,4.761662756354478,2,MURCKO::O=S(=O)(c1cnn2ncccc12)N1CCCC(c2ccn[nH]2)C1
OCNT-2309576,CYP2C9,4.967634953,4.796921174978976,0,MURCKO::O=C(C1CCSc2ccccc21)N1CCC(c2ccncn2)CC1
OCNT-2309583,CYP2C9,4.230006555,4.657195671572067,1,MURCKO::O=C(c1ccc(NCc2nnc3[nH]c(=O)c4ccccc4n23)cc1)N1CCOCC1
OCNT-2309602,CYP2C9,5.409439815,4.363632711749436,3,MURCKO::O=S(=O)(Nc1ccn(-c2ccccn2)n1)c1ccccc1
OCNT-2309603,CYP2C9,5.2606706,4.726347150063493,4,MURCKO::O=C1Cc2cc(CNC(=O)c3cccc4c(=O)cc(-c5ccccc5)oc34)ccc2N1
OCNT-2309604,CYP2C9,6.087979192,4.55616117153379,2,MURCKO::O=S(=O)(c1ccccc1)N1CC(Oc2ccccc2)C1
OCNT-2309605,CYP2C9,5.05363151,4.428337825052651,4,MURCKO::O=C(Cc1cc(-c2ccccc2)on1)Nc1nncs1
OCNT-2309615,CYP2C9,4.496250013,5.045348243233505,1,MURCKO::O=C(NS(=O)(=O)c1ccccc1)c1ccsc1
OCNT-2309623,CYP2C9,4.21996418,4.517820211613612,1,MURCKO::c1ccc(Cc2noc(CN3CCC(c4ccccc4)C3)n2)cc1
OCNT-2309634,CYP2C9,5.901771727,4.827516503406479,1,MURCKO::O=C(Nc1ccc2cn[nH]c2c1)N1CC=C(c2c[nH]c3ccccc23)CC1
OCNT-2309639,CYP2C9,4.266663793,4.579028599384431,2,MURCKO::O=C(CSc1nnc(-c2ccccc2)[nH]1)NCc1ccccc1
OCNT-2309641,CYP2C9,5.283653068,4.626114015077286,3,MURCKO::O=C(Cc1cnn(-c2ccccc2)c1)N1CCc2ccccc21
OCNT-2309655,CYP2C9,3.404934917,4.469668639173694,3,MURCKO::O=C(NCCC1CCCCN1)NCc1cn(-c2ccccc2)nn1
OCNT-2309657,CYP2C9,4.212859635,4.820408494599348,0,MURCKO::O=c1c2sc3ncccc3c2ncn1Cc1ncoc1C1CCC1
OCNT-2309661,CYP2C9,5.578610865,4.650570102079538,2,MURCKO::O=C(CSc1ncc(-c2ccccc2)o1)NCc1ccccc1
OCNT-2309663,CYP2C9,6.09151423,5.316540035842865,0,MURCKO::O=C(Nc1ccc2[nH]ncc2c1)c1ccccc1Sc1ccccc1
OCNT-2309684,CYP2C9,3.820606745,4.558432844215487,1,MURCKO::c1cc(OCC2CC2)ncc1-c1noc(C23CCCN(CCC2)C3)n1
OCNT-2309687,CYP2C9,4.647186257,4.5142054029043175,4,MURCKO::O=C(Cc1ccccc1)Nc1cn[nH]c1
OCNT-2309696,CYP2C9,4.278445673,4.4754711244718015,0,MURCKO::O=C(Nc1ccc(N2CCNCC2)nc1)C1CC1c1ccccc1
OCNT-2309704,CYP2C9,5.598367158,4.947543710042522,3,MURCKO::O=C(NS(=O)(=O)c1ccccc1)c1ccc2nn[nH]c2c1
OCNT-2309709,CYP2C9,2.881516308,4.6928614656196554,4,MURCKO::O=C(NC1CCCN(c2ccn[nH]2)C1)c1cccnc1
OCNT-2309728,CYP2C9,5.852564907,4.787073388723744,1,MURCKO::O=C1Cc2cc(NS(=O)(=O)c3cccc(-c4ccccc4)c3)ccc2N1
OCNT-2309730,CYP2C9,4.652421682,4.311665555913171,0,MURCKO::O=C(c1cncc(-c2ccc3c(c2)CCO3)c1)N1c2ccccc2C2CNCCC21
OCNT-2309736,CYP2C9,5.051511395,4.528501054251551,1,MURCKO::O=C(CC1CCC1)NCc1nc(-c2ccccc2)cs1
OCNT-2309742,CYP2C9,4.870802473,4.699043592300405,0,MURCKO::O=C(Cn1cccn1)NS(=O)(=O)c1cccc2cnccc12
OCNT-2309743,CYP2C9,4.63313349,4.465837165218629,2,MURCKO::O=C1CCc2cc(NC(=O)c3cccc(-c4ncon4)c3)ccc2N1
OCNT-2309754,CYP2C9,4.836496233,4.865061861555999,1,MURCKO::O=C(Cc1ccccc1)NCc1cccc(-c2nn[nH]n2)c1
OCNT-2309762,CYP2C9,5.648088162,4.769851583473278,2,MURCKO::O=C(NCc1cccc(N2CCCC2)c1)c1ccccc1
OCNT-2309767,CYP2C9,4.481545455,4.384426171706969,0,MURCKO::O=C(Nc1ccccc1)c1cnn2ccccc12
OCNT-2309776,CYP2C9,3.74740795,4.946273351966372,2,MURCKO::c1ccc(-c2n[nH]cc2CN2CCN(C3CCOCC3)CC2)cc1
OCNT-2309780,CYP2C9,5.554866537,4.672005804265565,1,MURCKO::O=C(NCCc1c[nH]c2ccccc12)c1ccccn1
OCNT-2309804,CYP2C9,4.753069685,4.573188798430373,2,MURCKO::O=C(NCC1CC1)Nc1ccc(-n2ccnn2)cc1
OCNT-2309809,CYP2C9,5.85000174,4.584956641759965,3,MURCKO::O=C(Cc1c[nH]c2ccccc12)N1CCc2oc(-c3ccccc3)cc2C1
OCNT-2309813,CYP2C9,5.276880095,4.638108422899656,4,MURCKO::O=C(NC1CCN(c2ccccc2)C1)c1cnn2cccnc12
OCNT-2309819,CYP2C9,6.100596402,4.940496064044416,1,MURCKO::O=C(NCC1Cc2ccccc2O1)Nc1ccncc1
OCNT-2309829,CYP2C9,4.700835203,4.3404738251331825,3,MURCKO::O=C(Nc1ccc(N2CCNCC2)nc1)c1c[nH]c2ccccc12
OCNT-2309840,CYP2C9,4.709497835,4.4504528905897764,3,MURCKO::O=C(Nc1cccc(-c2noc(=O)[nH]2)c1)c1cnn(Cc2ccccc2)c1
OCNT-2309843,CYP2C9,5.205219553,4.923544475080396,0,MURCKO::O=C(NCCc1ccccc1)NCc1ccc(-n2cnc3ccccc32)cc1
OCNT-2309845,CYP2C9,4.065893427,4.307080817793958,2,MURCKO::O=C(Nc1ccc(-c2cscn2)cc1)N1CCCC1
OCNT-2309850,CYP2C9,5.421519808,4.875347079241042,2,MURCKO::O=C(NCc1cccc2[nH]ccc12)Nc1cccc(N2CCCC2)c1
OCNT-2309851,CYP2C9,3.111307417,4.550146290468887,1,MURCKO::O=C1NCCN(C(=O)CC2OCCc3ccccc32)C1c1ccccc1
OCNT-2309860,CYP2C9,4.724725225,4.653757919839899,1,MURCKO::O=C(NCc1cnc2ccccn12)Nc1cccc(S(=O)(=O)N2CCCCC2)c1
OCNT-2309877,CYP2C9,5.235617125,4.431436989485958,1,MURCKO::O=C(NC1CCN(C(=O)CCc2ccccc2)CC1)c1cccc2nn[nH]c12
OCNT-2309879,CYP2C9,5.03388115,4.313592104673629,2,MURCKO::O=C(Cc1c[nH]c2ncccc12)N1CCOc2ccccc21
OCNT-2309885,CYP2C9,4.633437475,4.70743395321298,0,MURCKO::O=C(c1ccc(-c2ccccc2)cc1)N1CCSCC1
OCNT-2309901,CYP2C9,5.051713033,4.6447377166976755,0,MURCKO::O=C(NCCc1c[nH]c2ccccc12)c1cncc2[nH]ccc12
OCNT-2309902,CYP2C9,4.70377319,4.709228829842618,1,MURCKO::O=C(c1cc2scnc2s1)N1CCc2[nH]ncc2C1
OCNT-2309905,CYP2C9,4.973133423,4.564457174684536,1,MURCKO::O=C(NCC1CCC2(CCC2)O1)c1cn[nH]c1Cc1ccccc1
OCNT-2309910,CYP2C9,3.615360835,4.72445265694248,4,MURCKO::O=C1C(N2CCN(CCc3ccc4c(c3)CCO4)CC2)CCN1c1ccccc1
OCNT-2309924,CYP2C9,4.763958335,4.33221361046539,3,MURCKO::O=C(c1ccnc2[nH]cnc12)N1CC2COCC2(c2ccccc2)C1
OCNT-2309926,CYP2C9,3.953398422,4.688526341940383,0,MURCKO::c1ccc(NCc2ccc(N3CCOCC3)nc2)nc1
OCNT-2309929,CYP2C9,5.620413737,4.744016301977095,4,MURCKO::O=C(Cc1c[nH]c2ccccc12)Nc1ccccc1
OCNT-2309933,CYP2C9,4.947919975,4.671284488752752,3,MURCKO::O=C(NC1CCCc2c1cnn2Cc1ccccc1)c1cnccn1
OCNT-2309935,CYP2C9,5.586979483,4.867280554090023,0,MURCKO::c1cc(C2CC2)ccc1OCc1cc2n(n1)CCCC2
OCNT-2309936,CYP2C9,3.993005258,4.659546636219526,2,MURCKO::c1nc(N2CC(c3ncc(C4CC4)cn3)C2)c2cc[nH]c2n1
OCNT-2309948,CYP2C9,4.891473783,4.336802291123863,4,MURCKO::O=C1CC(C(=O)N2CCCCc3ccccc32)CN1c1ccccc1
OCNT-2309961,CYP2C9,4.756405192,4.942659123172872,2,MURCKO::O=C(NC(CNS(=O)(=O)c1cn[nH]c1)c1ccccc1)c1ccccc1
OCNT-2309993,CYP2C9,4.240203798,4.796210676699979,4,MURCKO::O=C(Cc1cnoc1)NC(CNS(=O)(=O)c1cn[nH]c1)c1ccccc1
OCNT-2309995,CYP2C9,4.402859193,4.599689681011071,2,MURCKO::O=C(c1cccc(S(=O)(=O)NCc2cc3n(n2)CCCC3)c1)N1CCCC1
OCNT-2310005,CYP2C9,3.775382437,4.419954679072801,1,MURCKO::O=C(Cn1cccn1)N1CCC(Cc2ccccc2)CC1
OCNT-2310023,CYP2C9,4.532056638,4.706387172014203,0,MURCKO::O=C(CN1CCN(c2ccccc2)CC1)Nc1ccccc1
OCNT-2310034,CYP2C9,4.843914723,4.685486958872214,3,MURCKO::O=C(Nc1ccccc1)c1ccn(-c2ccccc2)n1
OCNT-2310036,CYP2C9,5.603263942,4.586298226350235,1,MURCKO::O=C(Nc1ccccc1)c1coc(-c2ccccc2)n1
OCNT-2310041,CYP2C9,4.793663087,4.604463624747354,3,MURCKO::O=C(CN1CCN(c2nc3ccccc3s2)CC1)Nc1ccccc1
OCNT-2310072,CYP2C9,4.959281168,4.51248383606837,1,MURCKO::O=C(NCc1ncnn1-c1ccccc1)c1cn(-c2ccccc2)nc1-c1ccccc1
OCNT-2310073,CYP2C9,4.28623547,4.503730794427264,3,MURCKO::O=C1OCCN1c1cccc(C(=O)N2CC3(CCCC3)c3ccccc32)c1
OCNT-2310085,CYP2C9,3.567687048,4.389802805826816,0,MURCKO::O=C1NCCC1n1cnc2c(sc3ncccc32)c1=O
OCNT-2310089,CYP2C9,6.098826235,4.762560564317806,2,MURCKO::O=S(=O)(Cc1ccccc1)NCc1cc(-c2ccccc2)on1
OCNT-2310093,CYP2C9,5.398325397,4.45981580825617,3,MURCKO::O=C(NCc1cc(-c2ccccc2)on1)c1cccnc1
OCNT-2310098,CYP2C9,3.926823972,4.471909349333059,1,MURCKO::O=C(Nc1cc2c3c(c1)CCC(=O)N3CCC2)c1ccco1
OCNT-2310104,CYP2C9,5.14778744,4.796871476746675,0,MURCKO::O=C(Nc1cnn(-c2ccccc2)c1)c1cc2ccc(=O)[nH]c2o1
OCNT-2310114,CYP2C9,5.82478148,4.724606930158524,3,MURCKO::c1ccc(-c2csc(Nc3ccc(Cn4cncn4)cc3)n2)cc1
OCNT-2310123,CYP2C9,5.260908997,4.657052245303651,4,MURCKO::O=C(NC1(Cc2ccccc2)CCOC1)c1ccn(-c2ccon2)c1
OCNT-2310149,CYP2C9,3.428663297,4.315029444769564,1,MURCKO::O=C(Nc1ncn[nH]1)c1cc2ccccc2[nH]1
OCNT-2310155,CYP2C9,5.123199592,4.477865085073483,0,MURCKO::c1cc(N2CCCCC2)ncc1-c1noc(-c2cn[nH]c2)n1
OCNT-2310156,CYP2C9,4.35634348,4.477589036944419,4,MURCKO::O=C1OCCN1c1cccc(CNc2ncnc3[nH]ncc23)c1
OCNT-2310157,CYP2C9,4.386116125,4.682944131502811,1,MURCKO::O=C(NC1CCCCC1)N1CCN(c2ccncn2)CC1
OCNT-2310159,CYP2C9,5.02196162,4.1989644614942705,1,MURCKO::O=C(CC1CCCNC1)N1CCCC(c2c[nH]c3ncccc23)C1
OCNT-2310163,CYP2C9,4.827437525,4.680444893211304,3,MURCKO::O=C1CN(C(=O)c2ccc(-c3ccccc3)s2)CCCN1
OCNT-2310201,CYP2C9,4.297972452,4.694606460652648,2,MURCKO::O=c1cc(CNc2ccccc2)nc2ccccn12
OCNT-2310210,CYP2C9,3.69496527,4.347010367951466,2,MURCKO::O=C(c1ccn[nH]1)N1CC(c2ccccc2)C1
OCNT-2310212,CYP2C9,4.018752065,4.828156026742489,0,MURCKO::O=C(NCc1cccnc1)c1c[nH]nc1-c1ccccc1
OCNT-2310216,CYP2C9,3.496522623,4.353841836823284,4,MURCKO::O=C(NCc1cccnc1)c1cc(-c2c[nH]nn2)on1
OCNT-2310227,CYP2C9,4.27031047,4.47167194489415,3,MURCKO::O=C(c1ccc[nH]c1=O)N1CCCC2(CCOCC2)C1
OCNT-2310235,CYP2C9,4.83479045,4.393510459229897,3,MURCKO::O=C(Cc1ccccc1)OCc1cc(=O)n2ccccc2n1
OCNT-2310240,CYP2C9,4.67125837,5.5277146095053435,4,MURCKO::O=C(NCc1ccc(-c2ccncc2)cc1)NCc1ccc(-n2cccn2)cc1
OCNT-2310241,CYP2C9,3.088512475,4.600663065923685,3,MURCKO::O=C(c1ccccc1)N1CCN(C(=O)c2cccs2)CC1
OCNT-2310250,CYP2C9,6.342312325,4.78151862764678,3,MURCKO::O=C(CCc1c(-c2ccccc2)[nH]c2ccccc12)Nc1ccon1
OCNT-2310262,CYP2C9,5.632948973,4.508947251863741,1,MURCKO::O=C(c1ccccc1)N1CCN(c2ccccn2)CC1
OCNT-2310264,CYP2C9,4.911212687,4.799999417868767,3,MURCKO::O=C(Cc1ccccc1)N1CCc2ccccc2CC1
OCNT-2310269,CYP2C9,4.681246973,4.149528288799621,0,MURCKO::O=C(Nc1ccccc1)C(=O)N1CCN(C(=O)c2ccccc2)CC1
OCNT-2310279,CYP2C9,5.00488912,5.046116025874635,3,MURCKO::O=S(=O)(c1ccccc1)N1CCC(n2cccn2)CC1
OCNT-2310288,CYP2C9,5.3059122,4.847613696669649,2,MURCKO::O=C(Cc1ccccc1)NCc1nc2ccccc2s1
OCNT-2310303,CYP2C9,4.160295888,4.61246271016636,0,MURCKO::c1ccc(-c2csc(Cn3ccnn3)n2)cc1
OCNT-2310306,CYP2C9,4.36371063,4.396168792077002,0,MURCKO::O=C(Cn1cccn1)N1CCC(n2c(=O)oc3ccccc32)C1
OCNT-2310335,CYP2C9,3.889560353,4.454721053046361,1,MURCKO::O=C(NCc1ccn[nH]1)C1CCCN1C(=O)Cc1ccc2ccccc2c1
OCNT-2310337,CYP2C9,5.822423482,5.290177488934179,1,MURCKO::O=C(NCC1CCCN1c1ccncn1)c1cc2ccccc2[nH]1
OCNT-2310346,CYP2C9,4.33576228,4.47571398054275,4,MURCKO::O=C(NCc1ncccn1)C1CCc2ccccc21
OCNT-2310348,CYP2C9,3.610731705,4.889218639954899,4,MURCKO::O=S(=O)(Nc1ccn(C2CCCCC2)n1)c1cn[nH]c1
OCNT-2310349,CYP2C9,3.01922477,4.5552262795534055,1,MURCKO::O=C(NC1CCC(n2ccnn2)CC1)c1cn[nH]c1Cc1ccccc1
OCNT-2310350,CYP2C9,3.763350552,4.447017264106678,1,MURCKO::O=S(=O)(NCCc1ccccc1)c1ccccc1
OCNT-2310351,CYP2C9,4.871511415,5.269431671992535,2,MURCKO::O=C(NCC1CN(C2CC2)C(=O)O1)c1cc(-c2ccncc2)nc2ccccc12
OCNT-2310374,CYP2C9,4.37488172,4.6211926855635905,2,MURCKO::O=c1ccnc2sc(N3CCC(Oc4cnccn4)CC3)nn12
OCNT-2310387,CYP2C9,3.661552883,4.494831282000878,0,MURCKO::O=C(c1ccc(Oc2ccccc2)cc1)N1CCOCC1
OCNT-2310393,CYP2C9,4.441652063,4.808625225364766,1,MURCKO::O=C(Nc1ccccc1N1CCOCC1)N1CCNc2ccccc2C1
OCNT-2310404,CYP2C9,5.617653735,4.574053432112805,3,MURCKO::O=C(Cc1ccccc1)NC1CC(c2ccccc2)C1
OCNT-2310412,CYP2C9,4.823999748,4.906519668230995,4,MURCKO::O=C(NCc1ccc(-c2nnn[nH]2)cc1)C1CCCN1C(=O)Cc1cccs1
OCNT-2310416,CYP2C9,5.173976338,4.890716506598295,4,MURCKO::O=C(Nc1ccc2c(c1)OCO2)C1CCN(C(=O)c2c[nH]nc2-c2coc3ccccc23)CC1
OCNT-2310421,CYP2C9,4.497818115,4.707533763054957,3,MURCKO::O=C(NC(c1ccccc1)c1nnc[nH]1)c1ccccc1
OCNT-2310423,CYP2C9,5.016338057,4.927932475782785,4,MURCKO::O=C(NCc1cccs1)N1CCN(c2ncnc3ccsc23)CC1
OCNT-2310427,CYP2C9,4.1164149,4.671879918431294,4,MURCKO::c1ccc(CCn2nnnc2N2CCCC2)cc1
OCNT-2310428,CYP2C9,3.963667168,4.570382800808982,2,MURCKO::O=C(c1cn[nH]c1Cc1ccccc1)N1CCC(c2cn[nH]c2)CC1
OCNT-2310431,CYP2C9,4.808180555,4.698609309575019,1,MURCKO::O=C(Nc1cccc(-c2nnc[nH]2)c1)c1cc(Cn2cccn2)on1
OCNT-2310433,CYP2C9,5.860867745,4.887487732708099,2,MURCKO::O=C(c1ccnc(-n2ccnc2)c1)N1CCOc2ccccc2C1
OCNT-2310448,CYP2C9,5.124903523,4.552958912363544,1,MURCKO::O=C(Cn1nnc(-c2ccccc2)n1)Nc1cccc(-c2nnn[nH]2)c1
OCNT-2310449,CYP2C9,4.599812188,4.223094208561923,3,MURCKO::O=C(Nc1cccc(-c2nc[nH]n2)c1)c1ccccn1
OCNT-2310452,CYP2C9,4.299749357,4.402564175276471,2,MURCKO::O=C(CNC(=O)c1ccco1)NCc1ccc2[nH]ccc2c1
OCNT-2310455,CYP2C9,3.993795637,4.526558807749043,4,MURCKO::O=C1CC(C(=O)NC2CCCc3ccccc32)c2ccccc2N1
OCNT-2310458,CYP2C9,5.914623525,4.533949312847459,0,MURCKO::O=S(=O)(Nc1ccccc1)c1cc2ccccc2s1
OCNT-2310471,CYP2C9,3.718629245,4.404629881610878,2,MURCKO::O=C(Nc1n[nH]c2ccccc12)C1CCNCC1
OCNT-2310487,CYP2C9,5.32677768,5.0025974949679615,2,MURCKO::O=S(=O)(CCC1CCCC1)N1CCC1c1ccncc1
OCNT-2310488,CYP2C9,6.112180515,5.228912337393914,1,MURCKO::O=C(Cc1ccc2[nH]ncc2c1)NCc1cc2ccccc2o1
OCNT-2310491,CYP2C9,5.563282045,4.826718908014685,1,MURCKO::O=C(NCc1nc2ccccc2s1)Nc1ccccc1
OCNT-2310494,CYP2C9,4.376080668,4.84757757478865,3,MURCKO::O=C1NCCC1CCn1cc(-c2ccc3cnccc3c2)nn1
OCNT-2310497,CYP2C9,4.891483887,4.620659271168426,4,MURCKO::O=C1CC(C(=O)Nc2cc3c(s2)CCCC3)c2ccccc2N1
OCNT-2310511,CYP2C9,4.439156595,4.3792264529358835,1,MURCKO::O=C(Cc1ccccc1)Nc1ccc2c(c1)CCCC(=O)N2
OCNT-2310513,CYP2C9,5.010029225,4.601499133414145,3,MURCKO::O=C(NCc1cccnc1-n1ccnc1)C1CC(=O)N(c2ccccc2)C1
OCNT-2310515,CYP2C9,4.885998127,4.860552777701688,0,MURCKO::O=C(NCCc1ccccc1)N1C2CCC1CC1(CC1)C2
OCNT-2310516,CYP2C9,4.274925795,4.437101750395201,0,MURCKO::O=C(c1cnc2c(c1)CCS(=O)(=O)C2)N1CC2COCC2(c2ccccc2)C1
OCNT-2310525,CYP2C9,3.838267275,4.41115764900892,0,MURCKO::c1ccc(C2(c3ncno3)CC2)cc1
OCNT-2310527,CYP2C9,4.562186845,4.575932820334987,0,MURCKO::O=C(Nc1cccc2c1C(=O)NC2)c1c[nH]nn1
OCNT-2310528,CYP2C9,5.42706087,4.749237182799025,0,MURCKO::O=C(CCc1c(-c2ccccc2)[nH]c2ccccc12)NS(=O)(=O)c1cccs1
OCNT-2310551,CYP2C9,4.813165022,4.7156655561516825,3,MURCKO::O=C(Nc1cccnc1)c1ccc(N2CCCCC2)nc1
OCNT-2310555,CYP2C9,4.486457515,4.766719767043401,3,MURCKO::O=C(Cc1n[nH]c(=O)c2ccccc12)NCc1ccnc(-n2ccnc2)c1
OCNT-2310562,CYP2C9,5.32258185,4.68014721997446,0,MURCKO::O=C(NCc1ccc2occc2c1)C1CCN(C(=O)c2ccccc2)CC1
OCNT-2310565,CYP2C9,5.073080528,4.711685726241899,3,MURCKO::O=C(NC1CCN(c2ccccc2)C1)c1cnn(Cc2ccccc2)c1
OCNT-2310566,CYP2C9,4.427168987,4.4993834571607945,2,MURCKO::c1ccc(OCc2ncon2)cc1
OCNT-2310569,CYP2C9,4.15847907,4.505744707551655,2,MURCKO::O=C(NCCCc1nc2c(s1)CCCC2)c1ccn[nH]1
OCNT-2310576,CYP2C9,4.159784415,4.356357081182446,1,MURCKO::O=C(NCCc1nnc(-c2ccccc2)o1)c1ccncn1
OCNT-2310579,CYP2C9,4.071066123,4.455964986805921,2,MURCKO::O=C(c1ccoc1)N1CCN(c2ccccn2)CC1
OCNT-2310597,CYP2C9,4.426072795,4.769792761468714,0,MURCKO::O=C(NCc1ncon1)NC1CCCCc2ccccc21
OCNT-2310600,CYP2C9,5.203446205,4.733527452487682,4,MURCKO::O=C(C1Cc2ccccc2N1)N1CCOC(c2ccccc2)C1
OCNT-2310611,CYP2C9,4.304121037,4.433955136850093,1,MURCKO::O=C(CNC(=O)c1ccccc1)NC1CCOc2ccccc21
OCNT-2310612,CYP2C9,4.50841709,4.307048982703757,1,MURCKO::O=C(NCCc1ccn(-c2ccccc2)n1)c1cn[nH]c1
OCNT-2310626,CYP2C9,4.277898848,4.294568348725205,1,MURCKO::O=C(CCC1CCNCC1)Nc1ccc(-n2nnc3ccccc32)cc1
OCNT-2310635,CYP2C9,4.607570447,4.378694314510615,3,MURCKO::O=C(CNc1ccccc1)N1CCNc2ccccc2C1
OCNT-2310677,CYP2C9,5.451195148,4.873297283096031,3,MURCKO::O=S(=O)(Nc1cnn(C2CCCC2)c1)c1ccccc1
OCNT-2310680,CYP2C9,5.100509677,5.516500470354508,4,MURCKO::O=C(NCc1ccc(-c2ccncc2)cc1)N1CCOC(C2CC2)C1
OCNT-2310685,CYP2C9,4.63700587,4.317741095711362,1,MURCKO::O=C(NCC1CCC2(CCCC2)O1)Nc1cc[nH]n1
OCNT-2310686,CYP2C9,4.393364195,4.333219542823332,4,MURCKO::O=C1CCc2ccc(OCC(=O)N3CCCc4ccccc43)cc2N1
OCNT-2310689,CYP2C9,5.66511761,4.81336977779053,4,MURCKO::O=C(CC1CCCCC1)NCc1nc2ccccc2s1
OCNT-2310692,CYP2C9,4.167401557,4.564089286533117,4,MURCKO::O=C(NCC1CCOc2ccccc21)c1ccn[nH]1
OCNT-2310717,CYP2C9,4.393078617,4.491009541765317,2,MURCKO::O=C(Nc1ccc(-c2nc3ccccc3[nH]2)cc1)c1cnn[nH]1
OCNT-2310727,CYP2C9,5.400428583,5.0470184959116455,2,MURCKO::O=C(c1cc2c(s1)-c1ccccc1CC2)N1CCCCC1c1ncon1
OCNT-2310740,CYP2C9,4.898742047,4.678248155991068,2,MURCKO::O=C(NCCc1ccccc1)C1CCN(c2ccccc2)C1
OCNT-2310746,CYP2C9,3.694519695,4.295693217403137,3,MURCKO::O=C(CN1CCN(c2ccccn2)CC1)Nc1cccc(N2CCCCC2=O)c1
OCNT-2310755,CYP2C9,4.965429043,4.3408216573013085,0,MURCKO::O=C(NC1CCc2ccccc2OC1)c1cnn2cccnc12
OCNT-2310759,CYP2C9,2.572745283,4.6192780666534325,2,MURCKO::O=C1CCCC(CC(=O)N2CCN(C(=O)c3ccccc3)CC2)N1
OCNT-2310760,CYP2C9,5.711140555,5.024456267626671,4,MURCKO::O=C(CCc1ccccc1)NC1CCN(C(=O)c2ccncc2)CC1
OCNT-2310763,CYP2C9,3.61018508,4.6798500906983405,2,MURCKO::O=C(NCc1ccccc1)N1CCCC(OCC2CC2)C1
OCNT-2310764,CYP2C9,4.982965595,4.676921071810887,2,MURCKO::O=C(c1ccn[nH]1)N1CCC(COc2ccccc2)CC1
OCNT-2310770,CYP2C9,3.857084305,4.364419876400018,3,MURCKO::c1ccc(NC2CCCNC2)cc1
OCNT-2310782,CYP2C9,4.395840608,4.596225095820996,0,MURCKO::O=C(Nc1ccc2c(c1)CNCC2)c1ccccc1
OCNT-2310797,CYP2C9,2.48787512,5.006309247588841,0,MURCKO::O=C(Nc1cccc(C(=O)N2CCOCC2)c1)c1cccc2ncnn12
OCNT-2310798,CYP2C9,4.564030705,4.632143241553911,4,MURCKO::O=C(NCC1(c2ccccc2)CC1)N1CCC(c2ccn[nH]2)CC1
OCNT-2310804,CYP2C9,5.298282055,4.795657578109254,4,MURCKO::O=C(Nc1cnn(Cc2ccncc2)c1)C1(c2ccccc2)CCCN1
OCNT-2310808,CYP2C9,3.679634403,4.6097922615637845,2,MURCKO::O=C(Nc1ccc(Oc2ccccc2)nc1)NC12COCC1C2
OCNT-2310809,CYP2C9,4.80196085,4.528198285377612,0,MURCKO::O=C1Cc2ccc(C(=O)NC3CCCc4ccccc43)cc2N1
OCNT-2310813,CYP2C9,3.87244032,4.534799846303061,4,MURCKO::O=C(Nc1cccc(CC(=O)N2CCNCC2)c1)c1conc1C1CC1
OCNT-2310822,CYP2C9,4.502336038,4.421367225083743,0,MURCKO::O=C(Cc1ccccc1)N1CCN(c2ccccn2)CC1
OCNT-2310827,CYP2C9,4.833429582,4.503237509200311,1,MURCKO::O=C(NC1CCOc2ccccc21)c1ccc(N2CCCC2)nn1
OCNT-2310830,CYP2C9,4.221872663,4.46151236516195,3,MURCKO::O=C(Cc1ccccc1)NC1CCCN(c2ncccn2)C1
OCNT-2310837,CYP2C9,4.48931728,4.491475529333365,4,MURCKO::c1ccc(-c2nc(C3CCCN(c4ccncn4)C3)n[nH]2)cc1
OCNT-2310845,CYP2C9,5.029456863,4.697848040103524,2,MURCKO::O=S(=O)(Nc1ccc2c(c1)CCN2)c1ccccc1
OCNT-2310846,CYP2C9,4.116565827,4.675431216277168,2,MURCKO::O=C(N1CCCC1)N1CCc2ccccc21
OCNT-2310852,CYP2C9,4.641022253,4.478505697374583,2,MURCKO::O=C(Cn1c(=O)[nH]c2nc[nH]c2c1=O)NCc1ccnc(-n2ccnc2)c1
OCNT-2310856,CYP2C9,3.295751517,4.433840757047169,1,MURCKO::O=C(NCCn1cc(-c2ccccc2)nn1)C1CCCC1
OCNT-2310861,CYP2C9,4.968276033,4.692493255635915,1,MURCKO::O=C(NC1CCN(c2ncccn2)CC1)c1ccccc1
OCNT-2310868,CYP2C9,4.747596567,4.578211273149701,0,MURCKO::O=C(NS(=O)(=O)c1cccnc1)C1CC=CCC1
OCNT-2310871,CYP2C9,3.845818565,4.273940179976178,0,MURCKO::O=C(Nc1ncc(C2CCNCC2)s1)c1ccnn1C1CCOCC1
OCNT-2310880,CYP2C9,5.02258072,4.578745229177015,1,MURCKO::O=C(Nc1ccccc1)C1Cc2ccccc2O1
OCNT-2310885,CYP2C9,3.698235332,4.480331852248694,2,MURCKO::O=C(CN1CCN(c2ccccn2)CC1)N1CCN(c2cnccn2)CC1
OCNT-2310890,CYP2C9,6.158324037,5.015368232573474,3,MURCKO::O=C(NCc1ccc(-n2ccnc2)nc1)Nc1ccccc1
OCNT-2310899,CYP2C9,4.514806463,4.814002100113226,0,MURCKO::O=C(NCc1c[nH]nn1)N1CCC(Cc2ccccc2)CC1
OCNT-2310900,CYP2C9,4.96162237,4.753684297562322,0,MURCKO::O=S(=O)(c1ccccc1)N1CCOC(C2CCC2)C1
OCNT-2310901,CYP2C9,4.691422,5.523013323369537,0,MURCKO::O=C(Nc1ccccc1)c1nc2cnccc2s1
OCNT-2310905,CYP2C9,4.775703208,4.725072797849189,0,MURCKO::O=C1COc2c(cccc2C(=O)NC2COc3ccccc3C2)N1
OCNT-2310917,CYP2C9,4.686231272,4.558921597695484,4,MURCKO::O=C(Nc1ccc2[nH]ncc2c1)c1nccc2ccccc12
OCNT-2310924,CYP2C9,4.36194708,4.707680715707681,2,MURCKO::O=C(Nc1ccccc1)c1cccn2c(=O)[nH]nc12
OCNT-2310925,CYP2C9,4.237639227,4.264727010702439,1,MURCKO::O=C(CN1CCN(c2ccncn2)CC1)Nc1ccccc1
OCNT-2310927,CYP2C9,4.584957825,4.261980991758924,3,MURCKO::O=C(c1ccco1)N1CCC(Nc2ncnc3ccccc23)CC1
OCNT-2310935,CYP2C9,4.824329507,4.656420732513141,1,MURCKO::O=S(=O)(Nc1c[nH]nc1C1CCCCC1)c1ccc2c(c1)CCC2
OCNT-2310941,CYP2C9,4.516829483,4.353305835932926,3,MURCKO::O=C(NC1CCN(c2ccccn2)CC1)c1ccoc1
OCNT-2310945,CYP2C9,4.918670342,5.16801980224099,2,MURCKO::c1ccc(CCN2CCN(c3ccncn3)CC2)cc1
OCNT-2310953,CYP2C9,5.86185706,4.577726329962381,1,MURCKO::O=C(c1cccc2[nH]cnc12)N1Cc2ccccc2C2(CC2)C1
OCNT-2310955,CYP2C9,4.04809364,4.340366045009199,2,MURCKO::O=C(Nc1ccccn1)C1CCN(C(=O)c2cc[nH]c2)CC1
OCNT-2310956,CYP2C9,4.96096473,4.9952891040565595,3,MURCKO::c1cc(C2CCN(c3ccc4ncnn4n3)CC2)ncn1
OCNT-2310963,CYP2C9,4.514549963,4.638121011110506,4,MURCKO::O=C(Cc1cscn1)N1CCC(c2nccs2)CC1
OCNT-2310971,CYP2C9,4.03577002,4.711836793383482,1,MURCKO::c1ccc(N2CCN(c3ncnc4nc[nH]c34)CC2)cc1
OCNT-2310974,CYP2C9,4.98122716,4.597072512057755,3,MURCKO::O=C(Nc1ccc2[nH]ncc2c1)c1ccn(-c2ccccc2)n1
OCNT-2310979,CYP2C9,5.930360155,4.741206468179284,0,MURCKO::O=C(Nc1cnn(-c2ccccc2)c1)c1ccc(-n2cncn2)cc1
OCNT-2310980,CYP2C9,4.668794633,4.72036294232718,3,MURCKO::O=C(NC1CCN(c2cnc3ccccc3n2)CC1)c1ccccc1
OCNT-2310993,CYP2C9,4.68474084,4.857503308246693,2,MURCKO::O=C(Cc1noc2ccccc12)Nc1cncnc1N1CCCC1
OCNT-2311010,CYP2C9,3.434805407,4.603882781355938,0,MURCKO::O=C(Cc1ccccc1)NCC1(N2CCOCC2)CCCC1
OCNT-2311014,CYP2C9,4.476941662,4.594917197724634,2,MURCKO::O=C(Nc1ccccc1)N1CCC(Oc2ccccc2)C1
OCNT-2311030,CYP2C9,3.73569308,4.2604648267522345,3,MURCKO::O=C(Cc1ccccc1)Nc1ccc2c(c1)C(=O)NCC2
OCNT-2311052,CYP2C9,4.385489642,4.3451791285470565,1,MURCKO::O=C(CN1CCCCC1)Nc1nc2c(s1)CCCC2
OCNT-2311053,CYP2C9,4.718979825,4.450306861941905,4,MURCKO::O=C(Nc1cccc(-c2nnn[nH]2)c1)C1CCCc2[nH]ncc21
OCNT-2311060,CYP2C9,4.381499563,4.229252374036378,0,MURCKO::c1cc(N2CCN(c3ccc4nccnc4n3)CC2)ncn1
OCNT-2311064,CYP2C9,4.63694511,4.544934399160301,2,MURCKO::O=C(NC1CCOC1c1cccnc1)c1ccccc1
OCNT-2311070,CYP2C9,4.70664125,4.690218248818393,2,MURCKO::O=C(NCc1ccccc1)c1cn(Cc2ccno2)nn1
OCNT-2311072,CYP2C9,4.549163078,4.5548298836118555,2,MURCKO::c1ccc(CCC2CCN(CCn3cncn3)CC2)cc1
OCNT-2311074,CYP2C9,4.747628945,4.6177495648026605,3,MURCKO::O=C(Cn1cc(-c2ccn[nH]2)nn1)Nc1ccc2c(c1)CCC2
OCNT-2311083,CYP2C9,4.845993327,4.711605507247308,4,MURCKO::O=C(NCCNC(=O)c1cccc(-c2cccs2)n1)NC1CCCCC1
OCNT-2311086,CYP2C9,4.84530882,4.769276041771247,2,MURCKO::c1ccc(NC2CCCN(c3ncnc4[nH]nnc34)C2)cc1
OCNT-2311090,CYP2C9,4.804308423,4.808469030250397,0,MURCKO::c1ccc(-n2nnc3c2CCN(CCc2ccc4c(c2)CCO4)C3)cc1
OCNT-2311091,CYP2C9,4.985392362,5.367263447739481,4,MURCKO::O=C(NCc1cccnc1)c1cc(-c2ccccc2)n[nH]1
OCNT-2311100,CYP2C9,4.883986017,4.803536167504233,4,MURCKO::O=S(=O)(Nc1ccnn1C1CCC1)c1ccc2c(c1)CCCC2
OCNT-2311102,CYP2C9,2.22774604,4.508871116842393,2,MURCKO::O=S(=O)(NCc1nnc[nH]1)c1cccnc1
OCNT-2311105,CYP2C9,4.275581293,4.71809756717983,4,MURCKO::O=C(NCc1cccnc1)c1ncsc1-c1ccccc1
OCNT-2311135,CYP2C9,4.485032617,4.321977127052978,0,MURCKO::c1ccc(-n2cc(Cn3cccn3)cn2)cc1
OCNT-2311136,CYP2C9,5.07718481,4.890930114839406,4,MURCKO::O=C(NCc1ccn(C2CCCC2)n1)c1cc2ccccc2o1
OCNT-2311145,CYP2C9,6.06606089,4.76602544056528,0,MURCKO::O=C(Cc1ccccc1)NS(=O)(=O)c1cc2ccccc2s1
OCNT-2311147,CYP2C9,4.233222165,4.69143761891306,0,MURCKO::O=C(Cc1ccccc1)NS(=O)(=O)c1ccccn1
OCNT-2311148,CYP2C9,4.839412248,4.59705729759325,0,MURCKO::c1ccc(-n2cc(CN3CCC(Oc4ccncc4)CC3)nn2)cc1
OCNT-2311150,CYP2C9,3.829958508,4.829403114532508,4,MURCKO::O=C(Nc1cc(C2CCOCC2)[nH]n1)c1ccc(S(=O)(=O)C2CCC2)cc1
OCNT-2311154,CYP2C9,5.429136105,4.396818052382381,0,MURCKO::O=C(Cc1c[nH]c2ncccc12)N1CCC(c2c[nH]c3ccccc23)CC1
OCNT-2311160,CYP2C9,5.208209313,4.155641496197673,0,MURCKO::O=C(NC1CCCc2ccccc21)c1c[nH]c2ccccc12
OCNT-2311175,CYP2C9,4.620787417,5.221986907597668,0,MURCKO::O=C(NCc1ccccc1)c1ccnc(N2CCOCC2)n1
OCNT-2311178,CYP2C9,3.174862055,4.8870375530593995,4,MURCKO::O=C(c1cc2cccnc2s1)N1CCN(c2ccncn2)CC1
OCNT-2311191,CYP2C9,3.319901993,4.347847221659348,2,MURCKO::O=C(Cn1nn[nH]c1=O)NCc1ccccc1
OCNT-2311202,CYP2C9,4.49184202,4.512517762770905,1,MURCKO::O=C(Nc1cc[nH]c1)c1cccc(S(=O)(=O)Nc2ccccc2)c1
OCNT-2311203,CYP2C9,4.070270208,4.2870687197105966,2,MURCKO::O=C(NCC1CCOC1c1ccccc1)c1ccc2c(=O)[nH]c(=O)[nH]c2c1
OCNT-2311204,CYP2C9,4.491492863,4.876481100399156,2,MURCKO::O=C(c1cc[nH]c1)N1CCN(c2nc3ccccc3s2)CC1
OCNT-2311206,CYP2C9,4.463557833,4.586661710221176,1,MURCKO::O=S(=O)(c1ccc(-c2cccc3c2OCO3)cc1)N1CCNCC1
OCNT-2311213,CYP2C9,4.623044613,4.6806794380742165,3,MURCKO::O=C(c1cc2ccccc2[nH]1)N1CCC(c2nnc3n2CCCC3)CC1
OCNT-2311215,CYP2C9,5.497380995,4.493167463141457,0,MURCKO::O=C(Nc1ccc(-c2nc3ccccc3[nH]2)cc1)c1ccccc1
OCNT-2311229,CYP2C9,4.805213735,4.571395471065808,4,MURCKO::c1ccc(NC2CCN(c3ncc4c(n3)CCCC4)CC2)cc1
OCNT-2311234,CYP2C9,5.347435468,4.495643596826487,4,MURCKO::O=C(c1ccc(-n2ncc3ccccc32)cc1)N1Cc2cccnc2N2CCCC2C1
OCNT-2311250,CYP2C9,4.637214522,4.70543689951908,1,MURCKO::O=C(NC1CCCC1Oc1cn[nH]c1)c1ncoc1C1CC1
OCNT-2311252,CYP2C9,3.993991235,4.4457263101671805,0,MURCKO::c1ccc2c(N3CCN(CCc4cnccn4)CC3)ncnc2c1
OCNT-2311255,CYP2C9,4.35343557,4.473669449862129,0,MURCKO::O=C(COc1ccccc1)NCCc1ccncc1
OCNT-2311281,CYP2C9,4.17308728,4.5795753948345075,4,MURCKO::O=C(NCc1nccs1)Nc1c2c(nn1-c1ccccc1)CCC2
OCNT-2311282,CYP2C9,4.724873365,4.728064697181794,3,MURCKO::O=C(c1ccncn1)N1CCCC2(CCCc3ccccc32)C1
OCNT-2311299,CYP2C9,3.684426708,4.330606559200674,0,MURCKO::O=C(NCC1CCOCC1)C1Cc2ccccc21
OCNT-2311312,CYP2C9,4.571280785,4.863809213770071,0,MURCKO::O=C(NC1(c2ccccc2)CC1)C1Cc2ccccc21
OCNT-2311320,CYP2C9,4.883998907,5.236261770400952,3,MURCKO::O=C(Cc1n[nH]c2c1CCCC2)N1CCc2ccccc21
OCNT-2311325,CYP2C9,3.215336372,4.544537923335689,1,MURCKO::O=C(c1cccnn1)N1CCN(c2ccccn2)CC1
OCNT-2311335,CYP2C9,4.13930824,4.696207907765212,4,MURCKO::O=C(NC1CC=CCC1)c1coc(-c2cn[nH]c2)n1
OCNT-2311336,CYP2C9,5.04963975,4.962839185467235,2,MURCKO::O=C(NCc1ccc(-n2ccnc2)nc1)C1CCCN1c1nccs1
OCNT-2311343,CYP2C9,4.347670543,4.323181148715197,2,MURCKO::O=C(Cc1nc(Cc2ccccc2)no1)N1CCCC1c1ccccc1
OCNT-2311376,CYP2C9,5.096937387,4.168317404335825,2,MURCKO::O=c1[nH]c2ccccc2c(=O)n1Cc1ccccc1
OCNT-2311393,CYP2C9,3.466541285,4.329552826745877,0,MURCKO::c1ccc2c(c1)ncn1ncnc21
OCNT-2311413,CYP2C9,4.065137697,4.386086755850361,1,MURCKO::c1ccc(-c2noc(CC3CCNCC3)n2)cc1
OCNT-2311436,CYP2C9,3.495170632,4.361815000859364,4,MURCKO::O=C(Cc1ccc2c(c1)OCO2)NC1CCCCNC1=O
OCNT-2311437,CYP2C9,5.633674883,4.498697284753809,0,MURCKO::O=C(CCCOc1ccc2c(c1)CCC(=O)N2)Nc1cccc(Oc2ccccc2)c1
OCNT-2311462,CYP2C9,4.14926292,4.342798836910379,2,MURCKO::O=C(Nc1nnc(C23CC4CC(CC(C4)C2)C3)s1)c1cccnn1
OCNT-2311478,CYP2C9,3.637740767,4.273943133708436,3,MURCKO::O=C(NCc1cn[nH]c1)c1n[nH]c2c1CCC2
OCNT-2311500,CYP2C9,4.589387173,4.741139985703857,1,MURCKO::O=C(NCc1ccc2[nH]c(=O)[nH]c2c1)c1cn(-c2ccccc2)nn1
OCNT-2311511,CYP2C9,4.616034257,4.402900921120976,0,MURCKO::O=S(=O)(NCCc1c[nH]cn1)c1ccccc1
OCNT-2311517,CYP2C9,4.624677525,4.600523259252382,3,MURCKO::O=C(c1c[nH]cn1)N1CCC(Oc2ccccc2)CC1
OCNT-2311554,CYP2C9,5.026781045,4.766160327294092,2,MURCKO::O=C(NCCSc1c[nH]c2ccccc12)Nc1ccn[nH]1
OCNT-2311565,CYP2C9,4.856040695,4.680262166708062,4,MURCKO::O=C(CCn1nnc2ccccc2c1=O)N1CCCC1Cc1ccccc1
OCNT-2311582,CYP2C9,4.485723177,4.218220441817987,3,MURCKO::O=C(c1cccnc1)N1CCN(c2ccccn2)CC1
OCNT-2311596,CYP2C9,5.528967922,4.6257028059087375,2,MURCKO::O=C(c1cccnc1N1CCC(c2nc3ccccc3[nH]2)CC1)N1CCc2ccccc21
OCNT-2311598,CYP2C9,5.524754178,4.408825340201295,0,MURCKO::O=C1NCCc2ccc(NC(=O)N(Cc3ccco3)Cc3cc4ccccc4o3)cc21
OCNT-2311602,CYP2C9,4.590927075,4.645168366592559,3,MURCKO::O=C(c1ccc(-c2nnco2)cc1)N1CCC(c2ccncc2)CC1
OCNT-2311615,CYP2C9,4.950076558,4.54311458785325,4,MURCKO::O=C(c1cccs1)N1CC(c2ccccc2)C2CCCC21
OCNT-2311616,CYP2C9,2.9614402,4.565814508096317,2,MURCKO::O=C1NC(=O)C2(CCN(C(=O)Cc3n[nH]c4ccccc34)CC2)N1
OCNT-2311627,CYP2C9,5.514301253,4.664609857704098,2,MURCKO::O=C(NCc1cccc(NC(=O)c2ccccc2)c1)c1ccc2ncoc2c1
OCNT-2311630,CYP2C9,4.12075959,4.596235397980476,1,MURCKO::O=C(c1cnco1)N1CCCC2(CCOCC2)C1
OCNT-2311633,CYP2C9,4.208689383,4.35811732806392,4,MURCKO::O=C(C1CCNCC1)N1CCCC(Cn2cnc3ccccc32)C1
OCNT-2311655,CYP2C9,5.553383672,4.6672539393553905,0,MURCKO::O=C(Nc1cccc(Cn2cccn2)c1)c1ccc(-c2cc[nH]n2)s1
OCNT-2311662,CYP2C9,5.38926024,4.656252114989183,0,MURCKO::O=C(Nc1ccc2c(c1)OCO2)C1CCN(C(=O)Cc2cccc3ccccc23)CC1
OCNT-2311663,CYP2C9,2.65617213,4.318261101729217,2,MURCKO::O=C(CCCOC1CCOCC1)N1CCCCC1
OCNT-2311669,CYP2C9,5.266287917,5.353144040837861,4,MURCKO::O=C(Nc1cccc(Cn2ccnc2)c1)c1ccc(Cc2nnc[nH]2)cc1
OCNT-2311678,CYP2C9,5.225713437,4.677688619188283,0,MURCKO::O=C(Nc1ccc(-c2nc(-c3ccccc3)n[nH]2)cc1)c1ccccc1
OCNT-2311680,CYP2C9,4.349862283,4.298015386879801,2,MURCKO::c1ccc(NCc2ccnc3[nH]ccc23)cc1
OCNT-2311681,CYP2C9,4.573711272,4.372603285883828,3,MURCKO::O=C(NCCNC(=O)c1c[nH]nc1-c1ccccc1)c1ccccc1
OCNT-2311682,CYP2C9,4.036613815,4.7311573770141235,2,MURCKO::O=C(Nc1cccc(-c2cccnc2)c1)c1ccc2[nH]c(=O)oc2c1
OCNT-2311686,CYP2C9,4.230710503,4.880060145942391,0,MURCKO::O=S(=O)(c1ccc(-c2cccc3[nH]ncc23)cc1)N1CCNCC1
OCNT-2311697,CYP2C9,4.675404995,5.026755214092152,4,MURCKO::O=C(Nc1ccncc1)N1CCCCC1Cc1ccccc1
OCNT-2311708,CYP2C9,5.07653214,4.587753070136827,3,MURCKO::O=C(NC1CCN(c2ccccc2)C1)c1ccc2[nH]cnc2c1
OCNT-2311714,CYP2C9,3.27009112,4.326184165821483,2,MURCKO::O=C(NC1CCCCNC1)c1ccccc1
OCNT-2311721,CYP2C9,4.851856495,4.801368614567321,0,MURCKO::O=C1CCCc2cc(NCc3csc(COc4ccccc4)n3)ccc2N1
OCNT-2311722,CYP2C9,4.708787185,4.674762017478505,3,MURCKO::O=C(NCc1ccccc1)N1CCN(c2nncs2)CC1
OCNT-2311724,CYP2C9,4.98615881,4.908721235428086,4,MURCKO::O=C(NC1CCC(Cn2ccnc2)C1)c1cnc2ncccn12
OCNT-2311726,CYP2C9,4.31545587,4.650801802433909,2,MURCKO::O=C(Cc1c[nH]c2ncccc12)NC1CCCc2ccccc21
OCNT-2311730,CYP2C9,4.93694614,4.791875212757706,0,MURCKO::O=S(=O)(Nc1ccc2ocnc2c1)c1cnc2[nH]ncc2c1
OCNT-2311751,CYP2C9,5.166700572,4.595065812359616,2,MURCKO::O=C(Nc1n[nH]c2ccccc12)c1csc(CC2CCNC2)n1
OCNT-2311756,CYP2C9,5.444827798,4.848150989753403,1,MURCKO::O=C(NCCc1coc(-c2ccccc2)n1)c1ccc[nH]c1=O
OCNT-2311777,CYP2C9,7.47301149,5.003824386794889,1,MURCKO::O=C(CCc1c[nH]c2ccccc12)Nc1cccc(C(=O)Nc2ccncc2)c1
OCNT-2311780,CYP2C9,4.98963898,4.504249299412538,1,MURCKO::O=C(Nc1ccccn1)C1CCN(C(=O)C2CCn3cncc3C2)CC1
OCNT-2311782,CYP2C9,4.079999642,4.822591814236291,1,MURCKO::O=C(NC1CCCCC1)N1CCN(Cc2ccccc2)CC1
OCNT-2311787,CYP2C9,5.87755966,5.298891852372363,4,MURCKO::O=C(NCc1cnn(-c2ccccc2)c1)c1cc(-c2ccncc2)nc2ccccc12
OCNT-2311790,CYP2C9,5.10226924,4.458417061371749,4,MURCKO::O=C(Nc1ccccc1)c1cccc2c1NCCC2
OCNT-2311797,CYP2C9,4.271329742,5.145901390535586,4,MURCKO::O=C(Nc1ccccc1)c1ccccc1
OCNT-2311800,CYP2C9,4.353083567,4.510535132028483,3,MURCKO::c1ccc(-c2n[nH]cc2CN2CCOC3(CCC3)C2)cc1
OCNT-2311807,CYP2C9,4.534564145,4.423756377050051,1,MURCKO::O=C(c1ncc2ccccn12)N1CCCC(n2cccn2)C1
OCNT-2311817,CYP2C9,4.874973953,4.346045168634666,4,MURCKO::O=C(Nc1ccccc1)c1ccccc1
OCNT-2311821,CYP2C9,4.413011153,4.710600802533201,0,MURCKO::O=C(NCCc1ccccc1)NCc1ccccc1
OCNT-2311822,CYP2C9,5.389580785,4.181682330483166,0,MURCKO::O=c1[nH]c2cc(NCc3ccc4ccsc4c3)ccc2o1
OCNT-2311830,CYP2C9,3.81301469,4.224032884658358,1,MURCKO::O=S(=O)(NC1CC1)c1ccc(-n2ccnn2)cc1
OCNT-2311834,CYP2C9,5.190890963,4.411775985969756,0,MURCKO::O=C(CCc1c[nH]c2ccccc12)N1CC(c2ccccc2)C1
OCNT-2311849,CYP2C9,4.76523959,4.652026265859486,2,MURCKO::O=C(c1c[nH]n2c1nc(=O)c1ccccc12)N1CCCC(Cn2cnc3ccccc32)C1
OCNT-2311875,CYP2C9,3.665128688,4.580328977440523,2,MURCKO::O=C(NCc1ccccc1N1CCCC1)C1CCNC1
OCNT-2311889,CYP2C9,4.65882249,4.325348306252517,1,MURCKO::O=C(NCc1ccccc1)c1cccn2cnnc12
OCNT-2311902,CYP2C9,3.434061672,4.802489390911966,0,MURCKO::O=C(NCc1ccccc1-c1ccncc1)N1CCCC1
OCNT-2311921,CYP2C9,5.980268472,4.81773306753775,2,MURCKO::O=C(c1cccc2sncc12)N1CCN(c2ccccc2)CC1
OCNT-2311950,CYP2C9,4.489078483,4.391747728282532,0,MURCKO::O=C(Nc1ccc(-c2nc(-c3ccccc3)n[nH]2)cc1)c1cccnc1
OCNT-2311955,CYP2C9,3.644447505,4.285634007377544,2,MURCKO::O=C(Nc1ccc(-n2nccn2)nc1)N1CCCC(Cc2ncc[nH]2)C1
OCNT-2311976,CYP2C9,4.205108525,4.623355163430223,3,MURCKO::O=C(NCCc1coc(-c2ccccc2)n1)C12CCC(CC1)C2
OCNT-2311990,CYP2C9,5.457623433,4.732286205314775,2,MURCKO::O=C(Nc1cccc(Cn2cccnc2=O)c1)NC1CC(c2ccccc2)C1
OCNT-2311995,CYP2C9,4.554688015,4.6176579530893545,3,MURCKO::O=C(c1c[nH]cn1)N1CCN(c2ccccc2)CC1
OCNT-2311997,CYP2C9,3.401734545,4.299936143411662,3,MURCKO::O=C(NCc1cccc2ccccc12)C1CCNCC1
OCNT-2312000,CYP2C9,5.126409165,4.436470918068031,4,MURCKO::O=C(Cc1cc(C2CC2)on1)N1CC(c2ccccc2)C1
OCNT-2312012,CYP2C9,3.927284073,4.438455649497047,3,MURCKO::O=C(NCC1CCS(=O)(=O)CC1)N1CCc2ccccc2C1c1ccccc1
OCNT-2312033,CYP2C9,3.296598073,4.416666988221125,4,MURCKO::O=C(Nc1ccn[nH]1)NC1CCOc2ccccc21
OCNT-2312046,CYP2C9,4.462325437,4.36292938159966,2,MURCKO::O=C(NCC1Cc2ccccc2O1)c1ccccc1
OCNT-2312048,CYP2C9,3.771137847,4.394549566981175,4,MURCKO::O=C(c1ccncc1)N1CCN(c2cncc3ccccc23)CC1
OCNT-2312054,CYP2C9,4.844383292,4.714950599712202,0,MURCKO::O=C(NCc1ccccc1)C1Cc2ccccc2O1
OCNT-2312061,CYP2C9,4.624846782,4.503921568593929,3,MURCKO::O=C(NCc1ccncn1)N1CCC(c2nc3ccccc3s2)CC1
OCNT-2312063,CYP2C9,5.634200762,5.382231849076475,2,MURCKO::O=C(c1cccc(Cc2n[nH]c(=O)c3ccccc23)c1)N1CCN(c2ccncn2)CC1
OCNT-2312068,CYP2C9,5.512771585,4.514623299011706,1,MURCKO::O=C(CN1CC2CC2(c2ccccc2)C1)NCc1ccccc1
OCNT-2312083,CYP2C9,4.5254797,4.638771886934545,3,MURCKO::c1cc2c(c(-c3cn(Cc4cn[nH]c4)nn3)c1)CCCC2
OCNT-2312099,CYP2C9,3.671844512,4.637234658658115,2,MURCKO::O=C(Cc1ccccc1)NC1(c2nnn[nH]2)CCC1
OCNT-2312122,CYP2C9,4.93290791,4.28248730145678,0,MURCKO::c1ccc(-c2cn(Cc3nc4c(o3)CCCC4)nn2)cc1
OCNT-2312144,CYP2C9,4.28038426,4.407465527880736,4,MURCKO::O=C(NC1CCCOc2ccccc21)N1CCC(Cc2cn[nH]c2)C1
OCNT-2312156,CYP2C9,5.653026855,4.791511855137174,3,MURCKO::O=C(Nc1ncc(C2CC2)s1)c1cccn1C1CCCC1
OCNT-2312161,CYP2C9,4.672456945,4.854750422825841,4,MURCKO::O=C(N1CCC(Cn2cncn2)CC1)C1(c2ccccc2)CCCC1
OCNT-2312162,CYP2C9,5.328754942,4.639440924574558,0,MURCKO::c1ccc(-c2cc3ncnc(NC4CCOC4)c3s2)cc1
OCNT-2312168,CYP2C9,5.211141053,4.343160235061838,2,MURCKO::O=C(NCc1ccc(NC(=O)c2ccccc2)cc1)c1ccc(CN2CCCC2=O)cc1
OCNT-2312210,CYP2C9,5.467638065,4.5658031747015695,4,MURCKO::O=C1CCc2cc(OCCOC(=O)c3cccc4cnccc34)ccc2N1
OCNT-2312230,CYP2C9,4.967296763,4.6665168109675275,2,MURCKO::c1ccc(C2CCc3nc(CNc4cccnc4)sc3C2)cc1
OCNT-2312233,CYP2C9,3.27195598,4.482106418756423,3,MURCKO::O=S1(=O)CCC(Nc2nnc(-c3c[nH]c4ccccc34)o2)C1
OCNT-2312235,CYP2C9,4.135316493,4.592517909893505,1,MURCKO::c1ccc(N2CCC(Nc3ncnc4[nH]ccc34)CC2)cc1
OCNT-2312237,CYP2C9,4.002201203,4.25708101880341,2,MURCKO::O=C(Cc1nc2ncccn2n1)N1CCN(C2CC2)c2ccccc21
OCNT-2312244,CYP2C9,4.509856323,4.791810137628619,2,MURCKO::c1cc(CNc2cccnn2)cc(COCC2CCCO2)c1
OCNT-2312280,CYP2C9,6.150488705,4.613011647730985,2,MURCKO::O=C(NCc1cccc2c1OCC2)c1ccccc1
OCNT-2312291,CYP2C9,4.705215332,4.662949339778813,1,MURCKO::O=C(c1ccnc2[nH]cnc12)N1CCOc2ccccc21
OCNT-2312293,CYP2C9,5.334248703,5.042899165089032,0,MURCKO::O=C(Nc1c[nH]nc1-c1nccs1)C1CC(c2ccccc2)C1
OCNT-2312302,CYP2C9,6.923698355,5.2094466136836175,4,MURCKO::O=C(NCc1ccncc1)Nc1cccc(CNC(=O)c2ccc(-n3cnc4ccccc43)cc2)c1
OCNT-2312303,CYP2C9,5.147778683,4.21361290720399,2,MURCKO::O=C1CCc2cc(NCc3ccccc3)ccc2N1
OCNT-2312305,CYP2C9,4.431864648,4.565392025389511,3,MURCKO::O=C(NCc1ccc(Oc2ccccc2)nc1)C1OCC2CCCC21
OCNT-2312312,CYP2C9,4.761029035,4.582627867802863,2,MURCKO::c1ccc(-c2nc(CN3CCC(c4ccccc4)C3)co2)cc1
OCNT-2312322,CYP2C9,5.17491209,4.631842903132285,3,MURCKO::O=C(c1cc(-c2ccccc2)[nH]n1)N1CCN(c2ccccc2)CC1
OCNT-2312329,CYP2C9,5.003458115,4.266764225356626,4,MURCKO::c1cncc(NC2CCC(Cn3cccn3)C2)c1
OCNT-2312331,CYP2C9,3.841522412,4.786487582369608,2,MURCKO::O=C(NC1CCc2ncccc2C1)c1ccccc1
OCNT-2312337,CYP2C9,6.059388985,4.628058921536082,4,MURCKO::O=C(Cc1cccnc1)NCCc1c[nH]c2ccccc12
OCNT-2312338,CYP2C9,5.11102324,4.51748730223269,1,MURCKO::O=C(NCC1CCOc2ccccc21)N1CCC(C2CCNC2)CC1
OCNT-2312373,CYP2C9,5.21842368,4.48695211401583,1,MURCKO::c1ccc(-n2ncc(Cc3nc(Cc4ccccn4)no3)n2)cc1
OCNT-2312377,CYP2C9,4.105874055,4.672829886124517,0,MURCKO::c1nc(N2CCC(C3CCCO3)CC2)nc2c1CCCC2
OCNT-2312382,CYP2C9,5.841189035,4.465140470443576,4,MURCKO::O=C(Nc1c[nH]nc1-c1ccccn1)c1n[nH]c2ccccc12
OCNT-2312388,CYP2C9,4.9248229,4.325229730185798,0,MURCKO::O=C(NCCn1cc(-c2ccccc2)nn1)c1ccc2ncccc2c1
OCNT-2312392,CYP2C9,4.39819304,4.355750876354464,0,MURCKO::O=c1[nH]cccc1-c1noc(CC2CCOC2)n1
OCNT-2312394,CYP2C9,3.867533475,4.64601646807498,3,MURCKO::O=C1NC(C(=O)NCCc2cccc3ccccc23)CO1
OCNT-2312396,CYP2C9,4.521206545,4.68936012912281,2,MURCKO::O=C(NCC(=O)N1CCc2ccccc21)NCc1cccc(C2NC(=O)NC2=O)c1
OCNT-2312397,CYP2C9,4.626792757,4.670584571967639,4,MURCKO::c1ccc(OCc2noc(-c3cccnc3)n2)cc1
OCNT-2312403,CYP2C9,4.48894539,4.46339163845272,2,MURCKO::O=C(NCC1CN2CCCC2CO1)c1ccc(-n2ncc3ccccc32)cc1
OCNT-2312415,CYP2C9,4.204126193,5.2011946588383795,3,MURCKO::c1ccc(CCn2nnnc2N2CCOCC2)cc1
OCNT-2312417,CYP2C9,4.971206132,4.568381882490088,3,MURCKO::C1=CC2CC1CC2c1nc(-c2cn[nH]c2)no1
OCNT-2312418,CYP2C9,5.749082955,4.320895816672977,1,MURCKO::O=C(NCCc1csc(-c2ccccc2)n1)c1cc(C2CC2)[nH]n1
OCNT-2312422,CYP2C9,4.456454853,4.490248015715742,4,MURCKO::O=C(c1ccc2[nH]ccc2c1)N1CCN(CCC2CCOC2)CC1
OCNT-2312437,CYP2C9,5.040625027,4.463952198041752,3,MURCKO::O=C1CCC(c2cccc(NC(=O)c3cc(-c4ccccc4)ccn3)c2)N1
OCNT-2312441,CYP2C9,4.047274208,4.7214836654507595,4,MURCKO::O=C(CC1CCC1)N1CCCCC1Cc1ccccc1
OCNT-2312443,CYP2C9,5.214428902,4.444858264131354,3,MURCKO::O=C(c1cc(-c2ccccc2)no1)N1CCCCC1c1ccc[nH]1
OCNT-2312465,CYP2C9,6.18117439,4.845244691062888,3,MURCKO::O=c1[nH]c2ccc(NS(=O)(=O)c3ccccc3)cc2o1
OCNT-2312478,CYP2C9,5.061349107,4.304949458904495,2,MURCKO::O=C(Nc1ccc(-c2cc(=O)[nH]cn2)cc1)N1CC(c2ccccc2)C2CCCC21
OCNT-2312480,CYP2C9,4.884473713,4.715392785667248,3,MURCKO::O=C(C1CCN(c2ccc3nnnn3n2)CC1)N1CCCC(c2nc3ccccc3s2)C1
OCNT-2312481,CYP2C9,4.571889525,4.633812289512657,3,MURCKO::O=C(CCc1ccccc1)N1CCC(c2ccccc2)C1
OCNT-2312486,CYP2C9,5.443233575,4.652944444685273,4,MURCKO::O=C(NC1CCCN(C(=O)C2Cc3ccccc32)C1)c1ccc2ccccc2c1
OCNT-2312497,CYP2C9,5.380046788,4.804731512487184,2,MURCKO::c1ccc(CNc2ccn3nccc3n2)cc1
OCNT-2312504,CYP2C9,5.499014413,4.756300335671079,3,MURCKO::O=C1NC(=O)C(c2cccc(NC(=O)c3cc4ccccc4[nH]3)c2)N1
OCNT-2312517,CYP2C9,4.029292283,4.595572805304777,3,MURCKO::O=C1CN(Cc2cnc(-c3ccccc3)o2)CCCN1
OCNT-2312522,CYP2C9,4.759535215,4.599538840865748,2,MURCKO::c1ccc(-c2ccnc(N3CCN(CCc4cnccn4)CC3)n2)cc1
OCNT-2312527,CYP2C9,4.5658004,4.539788762948463,1,MURCKO::c1nc(N2CCC3(COC3)C2)c2cc[nH]c2n1
OCNT-2312530,CYP2C9,5.19228396,4.758155290237605,2,MURCKO::O=S(=O)(c1c[nH]c2ncccc12)N1CCN(c2cc(C3CC3)n[nH]2)CC1
OCNT-2312537,CYP2C9,4.525902473,4.214562757153769,3,MURCKO::c1ccc(Oc2cccnc2)cc1
OCNT-2312545,CYP2C9,4.49338727,4.439343515546539,2,MURCKO::O=C(Nc1ccn(-c2ccccc2)n1)C1COCCO1
OCNT-2312587,CYP2C9,5.33245104,4.395593401661855,3,MURCKO::O=C(Nc1ccc2cc[nH]c(=O)c2c1)c1ccc2[nH]c(-c3ccccc3)nc2c1
OCNT-2312592,CYP2C9,4.61190489,4.1779098773439785,0,MURCKO::O=C(Cn1cccn1)NCCc1nc(-c2ccccc2)n[nH]1
OCNT-2312594,CYP2C9,5.930513282,4.713915396330618,1,MURCKO::O=C(NCCc1cnn(-c2ccccc2)n1)C1(c2ccccc2)CC1
OCNT-2312604,CYP2C9,4.935522373,4.394766305969027,4,MURCKO::O=C(NCCc1ccccc1)c1cnn2ccccc12
OCNT-2312606,CYP2C9,5.9224618,4.532044574068282,1,MURCKO::O=C(c1c[nH]c2ccccc12)N1CCC(n2c(=O)[nH]c3ccccc32)CC1
OCNT-2312612,CYP2C9,4.989477733,4.836268276902985,3,MURCKO::O=C(Nc1cc(-c2ccccc2)n[nH]1)c1cccc(-c2cn[nH]c2)c1
OCNT-2312626,CYP2C9,5.376112565,4.6788087991377605,2,MURCKO::O=C(NCc1cn[nH]c1)c1nsc2ccccc12
OCNT-2312656,CYP2C9,3.60138903,4.693422105059589,0,MURCKO::O=C(NC1CCOC1)c1ccccc1OCC1CC1
OCNT-2312662,CYP2C9,4.393144755,4.469017603663664,1,MURCKO::O=C(CNC1CCCC1)NCCc1c[nH]c2ccccc12
OCNT-2312697,CYP2C9,3.650299438,4.399923648775568,1,MURCKO::O=C(c1nccc2occc12)N1CCCC1c1ncno1
OCNT-2312707,CYP2C9,4.856377337,4.78284513929978,3,MURCKO::O=C(NCc1ccccc1)N1CCOC(Cn2cccn2)C1
OCNT-2312716,CYP2C9,5.036849637,4.477728681293799,4,MURCKO::O=C(c1ccccc1)N1CCCC(Cc2ccccc2)C1
OCNT-2312737,CYP2C9,3.2192687,4.274214134488171,3,MURCKO::O=C(Cc1ccccc1)N1CCC(c2nnc3n2CCC3)CC1
OCNT-2312740,CYP2C9,4.834588593,4.348054064459469,4,MURCKO::c1cc(-c2noc(C3CCCO3)n2)cc(-c2nnc[nH]2)c1
OCNT-2312744,CYP2C9,5.401598977,4.35768335916848,2,MURCKO::O=S(=O)(NCc1ccccc1)c1cccs1
OCNT-2312755,CYP2C9,5.049355885,4.891270713995157,4,MURCKO::O=C(NC1CCN(c2ccccc2)C1)c1cnoc1
OCNT-2312756,CYP2C9,4.40031735,4.278731525235742,2,MURCKO::O=C(Cc1cc(-c2ccccc2)on1)N1CCCC1
OCNT-2312781,CYP2C9,5.401684545,4.1583777805958455,2,MURCKO::O=C(CN1CCC(c2cc[nH]n2)CC1)Nc1ccccc1
OCNT-2312791,CYP2C9,5.021794348,4.5062149706931836,0,MURCKO::c1n[nH]cc1CCc1nc(-c2ccc3c(c2)CCO3)no1
OCNT-2312794,CYP2C9,4.174445888,5.095133782201367,2,MURCKO::O=C(NCCc1cccnc1)c1ccnc(N2CCOCC2)n1
OCNT-2312797,CYP2C9,5.292960675,4.418794119980973,1,MURCKO::O=C(Nc1cc2n(n1)CCCC2)N1CCN(c2ncnc3sccc23)CC1
OCNT-2312801,CYP2C9,4.738844998,4.541652945982484,2,MURCKO::O=C(NC1CC1c1ccccc1)c1cc(C2CC2)[nH]n1
OCNT-2312807,CYP2C9,3.979203852,4.3632931698878545,4,MURCKO::O=C(c1cn2ccccc2n1)N1CCC(Cc2ccccc2)CC1
OCNT-2312826,CYP2C9,4.774689355,4.152132549926497,1,MURCKO::c1noc(C2CCCN(c3ncnc4sccc34)C2)n1
OCNT-2312830,CYP2C9,5.313628598,4.773250713803348,1,MURCKO::O=C(Cc1ccccc1)N1CCC(Cc2ncon2)CC1
OCNT-2312833,CYP2C9,4.954166042,4.651690841511484,4,MURCKO::O=C(NCc1cc(-c2ccccc2)no1)C1OCC2CCCC21
OCNT-2312853,CYP2C9,4.97532358,4.39891301449869,1,MURCKO::O=C(c1cc(-c2ccccc2)ccn1)N1CCCC(c2cn[nH]c2)C1
OCNT-2312859,CYP2C9,4.539779715,4.735017041086094,3,MURCKO::c1ccc(NC2CCCN(Cc3nnnn3C3CC3)C2)cc1
OCNT-2312860,CYP2C9,3.993219433,4.5404843057746245,2,MURCKO::O=C(NCC1CCCO1)N1CCC(c2nc3ccccc3s2)CC1
OCNT-2312862,CYP2C9,4.119982493,4.871109879019897,4,MURCKO::O=C(Nc1ccc(-n2nn[nH]c2=O)cc1)c1ccccc1
OCNT-2312868,CYP2C9,5.037214813,4.320596973863483,3,MURCKO::O=C(COc1ccccc1)NC1CCN(c2ccccc2)C1
OCNT-2312873,CYP2C9,4.702120372,4.38002479231039,0,MURCKO::O=C(NCCC1CCCCC1)c1cnc2[nH]ncc2c1
OCNT-2312891,CYP2C9,4.9852407,4.781967594047241,0,MURCKO::O=C(c1cc[nH]n1)N1CCCC1Cc1ccccc1
OCNT-2312892,CYP2C9,4.458132812,4.337743401015137,1,MURCKO::O=C(Cc1ccon1)N1CCC(c2ccccc2)CC1
OCNT-2312894,CYP2C9,4.71717884,4.46906369511706,3,MURCKO::O=C(c1cn(Cc2ccccn2)nn1)N1CCC(Cc2ccccc2)CC1
OCNT-2312903,CYP2C9,4.995659032,4.595353951823538,3,MURCKO::O=C(CN1CCN(c2ccccn2)CC1)Nc1ccn(-c2ccccc2)n1
OCNT-2312906,CYP2C9,5.50024322,4.419965360359445,4,MURCKO::O=C(COc1ccc2ccccc2c1)NCCc1ccccc1
OCNT-2312913,CYP2C9,4.535252425,4.346900058166345,4,MURCKO::O=C(NCCc1ccccc1)C1CC(=O)N(Cc2ccccn2)C1
OCNT-2312915,CYP2C9,4.695278873,4.847301215054986,0,MURCKO::O=C(C1COCCO1)N(Cc1ccc2c(c1)OCO2)C1CCCC1
OCNT-2312918,CYP2C9,5.141846337,4.90904674593753,2,MURCKO::O=C(Nc1cccc(C(=O)N2CCC(c3ccccc3)CC2)c1)c1ccccc1
OCNT-2312921,CYP2C9,6.541585735,5.016864576887523,3,MURCKO::O=C(NCc1ccccc1)c1cccc(Cn2ccnc2)c1
OCNT-2312937,CYP2C9,4.681629485,4.374106443008195,4,MURCKO::O=C(Nc1ccccc1)C(=O)N1CC(c2ccccc2)C1
OCNT-2312955,CYP2C9,3.847761602,4.7330056686429085,1,MURCKO::O=C(NC1CCOCC1)c1nn[nH]c1-c1ccccc1
OCNT-2312959,CYP2C9,5.261825863,4.400778520763975,1,MURCKO::c1ccc(N2CCC(Nc3ccncn3)C2)cc1
OCNT-2312967,CYP2C9,3.995847987,4.776771066041294,2,MURCKO::O=C(c1c[nH]c(=O)[nH]1)N1CCN(c2ccccc2)CC1
OCNT-2312974,CYP2C9,4.612095185,4.330036956959574,2,MURCKO::O=C(NCC1(c2ccccc2)CCC1)Nc1nnc(C2CC2)s1
OCNT-2312975,CYP2C9,4.33818311,4.103990220814914,0,MURCKO::O=C(c1ccccc1)N1CCN(c2ncc[nH]c2=O)CC1
OCNT-2312998,CYP2C9,5.121296952,4.7244199588276174,1,MURCKO::O=C(NCCc1ccccc1)N1CCCC2(CCC2)C1
OCNT-2313003,CYP2C9,4.640909807,4.475327450164269,1,MURCKO::O=S(=O)(NCC1CC1)Nc1ccccc1
OCNT-2313020,CYP2C9,3.566885088,4.3601973203773685,2,MURCKO::O=C(NCc1ccccc1)c1c[nH]c(=O)[nH]1
OCNT-2313026,CYP2C9,3.575564215,4.38117475601254,4,MURCKO::O=C1NCCCC1C(=O)N1CCc2ccccc21
OCNT-2313035,CYP2C9,4.601438325,4.900347219436283,3,MURCKO::c1ccc(N2CCN(Cc3nn[nH]n3)CC2)cc1
OCNT-2313039,CYP2C9,4.58225231,4.5973802637050944,3,MURCKO::O=C(NCc1coc2ccccc12)c1cn[nH]c1
OCNT-2313040,CYP2C9,4.544626595,4.980036580641333,4,MURCKO::O=C(Nc1ccn(-c2ccccn2)n1)c1ccccc1
OCNT-2313041,CYP2C9,5.363691945,4.52851995379453,1,MURCKO::O=c1[nH]ccnc1N1CCN(S(=O)(=O)c2ccccc2)CC1
OCNT-2313052,CYP2C9,4.154273697,4.307361547622512,1,MURCKO::O=C1CCc2cc(NS(=O)(=O)c3ccccc3)ccc2N1
OCNT-2313053,CYP2C9,4.364331173,4.491087673325929,0,MURCKO::c1ccc(Cn2cc(CNCC3CCCCC3)c(-c3cccnc3)n2)cc1
OCNT-2313054,CYP2C9,5.167514233,4.681234263570818,4,MURCKO::O=C(c1ccccn1)N1CCc2ccccc21
OCNT-2313093,CYP2C9,5.487727403,4.813049063423221,0,MURCKO::c1ccc(NCc2ccnc(N3CCCC3)n2)nc1
OCNT-2313098,CYP2C9,4.7849691,4.640792081998006,1,MURCKO::O=C(Cc1ccc2[nH]ncc2c1)NCCC1CCCCC1
OCNT-2313103,CYP2C9,4.71600943,4.115565761808847,2,MURCKO::O=C(Nc1ccc[nH]c1=O)N1CCCCCC1
OCNT-2313104,CYP2C9,4.808916437,4.648264173980716,4,MURCKO::O=C(Cc1c[nH]c2ccccc12)NCC1CC(=O)N(Cc2ccccc2)C1
OCNT-2313108,CYP2C9,4.754699247,4.574607674183699,1,MURCKO::O=C(Cc1ccccc1)N1CCC(OCC2CC2)CC1
OCNT-2313115,CYP2C9,4.138669045,4.2392735515835245,0,MURCKO::O=C(CN1CCN(c2cn[nH]c2)CC1)Nc1ccccc1
OCNT-2313118,CYP2C9,4.345180737,4.501097005915158,1,MURCKO::O=C(Nc1ccccc1)N1CCN(C(=O)c2cnc3sncc3c2)CC1
OCNT-2313120,CYP2C9,5.038296997,4.71774154234053,1,MURCKO::O=C(Nc1ccnn1Cc1ccccc1)c1cnc2sncc2c1
OCNT-2313122,CYP2C9,6.375863372,5.116512998505124,1,MURCKO::O=C(Cc1ccccc1)NCc1ccccc1-c1ccncc1
OCNT-2313144,CYP2C9,4.625382248,4.268443245441623,3,MURCKO::O=C(CCc1cn[nH]c1)N1CCc2ccccc21
OCNT-2313145,CYP2C9,4.683517623,4.417056265877805,2,MURCKO::c1ccc2c(c1)nc(N1CCNCC1)c1cncn12
OCNT-2313151,CYP2C9,4.241167078,4.527577211319487,3,MURCKO::O=C(c1ccccc1)N1CCN(C(=O)c2cscn2)CC1
OCNT-2313155,CYP2C9,5.48302117,4.67372685820929,3,MURCKO::c1ccc2c(c1)CCOC21CCN(c2ncnc3[nH]ccc23)CC1
OCNT-2313157,CYP2C9,4.54587754,4.4512374868217925,0,MURCKO::c1ccc2c(c1)oc1c(N3CC(c4ncc(C5CC5)cn4)C3)ncnc12
OCNT-2313165,CYP2C9,5.67219835,4.396621013508436,0,MURCKO::O=C(COc1ccc(S(=O)(=O)NC(=O)Cc2ccccc2)cc1)NCc1ccccc1
OCNT-2313174,CYP2C9,5.033315338,4.687716293236384,0,MURCKO::O=C(Cc1ccccc1)NCc1nc2ccccc2c(=O)[nH]1
OCNT-2313177,CYP2C9,4.962655853,4.521796178582119,0,MURCKO::O=C(NCc1cscn1)c1cncc(-c2ccccc2)c1
OCNT-2313193,CYP2C9,4.028416113,4.396312654909359,2,MURCKO::O=C(NCc1ncon1)c1cnn2ccccc12
OCNT-2313198,CYP2C9,4.77368341,4.533451451120517,3,MURCKO::O=C(NCC1CCC2(CCOCC2)O1)c1coc(-c2ccccc2)n1
OCNT-2313203,CYP2C9,3.237929513,4.74257185369995,4,MURCKO::O=C(Cc1ccccc1)N1CCc2c(nc[nH]c2=O)C1
OCNT-2313215,CYP2C9,5.673513663,4.399953588568002,0,MURCKO::O=S(=O)(c1ccccc1)N1CCC(Cc2ccccc2)CC1
OCNT-2313216,CYP2C9,5.011049775,4.745066073264696,3,MURCKO::O=C(NCCc1c[nH]c2ccccc12)c1ccc(NCC2CC2)nc1
OCNT-2313217,CYP2C9,4.541609525,4.393784302739151,1,MURCKO::O=C(CCn1cnc2ccccc2c1=O)NC1CCOc2ccccc21
OCNT-2313224,CYP2C9,4.815765433,4.251020738630266,3,MURCKO::O=c1[nH]c(-c2cocn2)nc2ccccc12
OCNT-2313225,CYP2C9,4.269849583,4.202505091472625,1,MURCKO::O=C(c1ccccc1)N1CCN(c2ccncn2)CC1
OCNT-2313243,CYP2C9,4.538140535,4.434833146179694,4,MURCKO::O=C(Nc1cnc2ccccc2c1)c1ccc(-n2cnnc2)cc1
OCNT-2313267,CYP2C9,3.701444767,4.330326168448825,1,MURCKO::O=C(Nc1cc[nH]n1)C1CCCNC1
OCNT-2313278,CYP2C9,5.617345842,4.751039994012583,1,MURCKO::O=C1CN(S(=O)(=O)c2ccccc2)c2ccccc2N1
OCNT-2313300,CYP2C9,6.556153238,5.3398101162625,1,MURCKO::O=C(Nc1ccc(-n2ccnc2)cc1)c1cc[nH]c1
OCNT-2313319,CYP2C9,3.8263668,4.458714025744812,4,MURCKO::O=C1NC(CNC(=O)C2CCc3ccccc32)c2ccccc21
OCNT-2313360,CYP2C9,4.129469647,4.979794395565122,3,MURCKO::O=S(=O)(c1ccc(CNC2CCC23CCC3)cc1)N1CCOCC1
OCNT-2313361,CYP2C9,5.108237555,4.6589362212259715,1,MURCKO::O=C(NC1(c2nnc[nH]2)CCC1)c1cc2ccccc2[nH]1
OCNT-2313368,CYP2C9,5.501646812,5.087126749662479,3,MURCKO::O=C(Nc1ccc2[nH]nnc2c1)c1csc2ccccc12
OCNT-2313371,CYP2C9,4.73150078,4.592190999718704,4,MURCKO::O=S(=O)(CCc1ccccc1)Nc1cccnc1
OCNT-2313373,CYP2C9,4.388285253,4.688632348565105,4,MURCKO::O=S(=O)(Nc1cccnc1)c1ccccc1
OCNT-2313393,CYP2C9,3.914628015,4.369742234572707,1,MURCKO::O=C(Cn1ccc2ccccc21)N1CCC(c2ccco2)C1
OCNT-2313394,CYP2C9,4.857979653,5.387035450426792,1,MURCKO::O=C(NCc1ccccc1)c1nc2cnccc2s1
OCNT-2313399,CYP2C9,4.47853127,4.557592074638355,1,MURCKO::O=C1NCCN(C(=O)c2cc3ccccc3[nH]2)C1c1ccccc1
OCNT-2313401,CYP2C9,4.676530927,4.600074154786012,4,MURCKO::c1ccc(CC2CN(c3ccncn3)C2)cc1
OCNT-2313403,CYP2C9,4.795764457,4.7273368573766605,4,MURCKO::O=C(NCc1ccc(C2CCCCC2)cc1)NCc1cnccn1
OCNT-2313421,CYP2C9,4.422366165,4.5498728264825585,4,MURCKO::O=C(CNC(=O)c1ccccc1)Nc1cc(C2CC2)[nH]n1
OCNT-2313424,CYP2C9,3.951336042,5.022706767214052,4,MURCKO::O=S1(=O)CCC(Nc2ncnc3c2oc2ccccc23)CC1
OCNT-2313429,CYP2C9,4.75475225,4.449817546608198,0,MURCKO::O=C1CCCN1c1ccc(S(=O)(=O)Nc2ccccc2)cc1
OCNT-2313441,CYP2C9,5.269704675,4.560143289550576,2,MURCKO::c1ccc(CNc2ncnc3c2oc2ccccc23)cc1
OCNT-2313450,CYP2C9,4.471402375,4.588179156069126,2,MURCKO::O=C(NCCC1CC1)c1cc2ccccc2[nH]1
OCNT-2313451,CYP2C9,5.30427447,4.332168498210335,1,MURCKO::O=C(NC1CCN(C(=O)c2ccc(Nc3ccccc3)nc2)CC1)c1ccsc1
OCNT-2313461,CYP2C9,5.509897038,4.8483997345580825,2,MURCKO::O=C(NC1CC(c2ccccc2)C1)c1cnn2ccccc12
OCNT-2313475,CYP2C9,5.67364764,4.740741908215279,2,MURCKO::c1ccc(-n2ncc3c2CCN(c2ncnc4oncc24)C3)cc1
OCNT-2313507,CYP2C9,4.119751338,4.4371024020286995,1,MURCKO::O=C(Nc1cc[nH]n1)N1CCOc2ccccc2C1
OCNT-2313521,CYP2C9,4.974282858,4.554503983597632,4,MURCKO::c1ccc(Cc2cncs2)cc1
OCNT-2313522,CYP2C9,6.408664265,4.595760308551451,1,MURCKO::O=C(c1ccc2[nH]ccc2c1)N1CCC(c2c[nH]cn2)CC1
OCNT-2313526,CYP2C9,5.187326452,4.451991943777252,3,MURCKO::O=C(c1c[nH]c2ccccc12)N1CCC(c2ccn[nH]2)CC1
OCNT-2313527,CYP2C9,4.455477128,4.591972304014139,4,MURCKO::c1ccc(-c2ccccc2)cc1
OCNT-2313535,CYP2C9,4.698640435,5.027454383720137,0,MURCKO::O=C(NCCc1ccc2c(c1)OCCO2)N1CCOCC1
OCNT-2313539,CYP2C9,5.46761329,4.608334119552422,2,MURCKO::O=C(c1cccnc1)N1CC(Cc2ccccc2)C1
OCNT-2313553,CYP2C9,3.438530075,4.334876638294357,2,MURCKO::c1cnc2nc(N3CCCCC3)ccc2c1
OCNT-2313558,CYP2C9,4.28571125,4.763122597092115,4,MURCKO::O=C(NCCC1OCCc2ccccc21)Nc1ccnnc1
OCNT-2313560,CYP2C9,3.40581907,4.228209731493026,4,MURCKO::O=C(Nc1nnc(C2CC2)s1)C1CCC(Nc2ncccn2)CC1
OCNT-2313564,CYP2C9,4.982172585,4.723568113499596,3,MURCKO::O=C(NCc1ccccc1)NCc1ccccc1-n1ccnc1
OCNT-2313573,CYP2C9,5.46376313,4.517054547172995,3,MURCKO::O=C(Nc1cccc(Cn2nc3ccccn3c2=O)c1)N1CC=C(c2c[nH]c3ncccc23)CC1
OCNT-2313597,CYP2C9,4.121854577,4.63097790188905,1,MURCKO::O=C(Nc1c[nH]c2ccccc12)c1cn(CC2COC2)nn1
OCNT-2313616,CYP2C9,4.088091227,4.663684225677846,1,MURCKO::O=C(c1cnn2ccccc12)N1CCCc2[nH]ncc2C1
OCNT-2313624,CYP2C9,4.191658603,4.467734041865793,2,MURCKO::O=C(Nc1ccn[nH]1)c1cc2ccccc2o1
OCNT-2313632,CYP2C9,3.303955812,4.229624241934634,3,MURCKO::O=C(Cc1ccn(-c2ccccc2)n1)NC1CCCOC1
OCNT-2313637,CYP2C9,4.873151117,4.6365236780342265,4,MURCKO::O=C(c1cncc(-c2ccc3c(c2)CCO3)c1)N1CCCCCO1
OCNT-2313639,CYP2C9,4.96386623,4.398331547763927,3,MURCKO::O=C(NCCOc1ccccn1)c1ccnc(NC(=O)C2CC2)c1
OCNT-2313641,CYP2C9,4.476346005,4.626280721260031,3,MURCKO::O=C(c1cccc2c[nH]nc12)N1CCC(c2ccccc2)C1
OCNT-2313643,CYP2C9,3.802664595,4.56511264800753,3,MURCKO::O=C(CNC(=O)C1CC1)Nc1nc2ccccc2n1CCc1ccccn1
OCNT-2313644,CYP2C9,5.081791727,5.006241099293829,0,MURCKO::O=S(=O)(NCC1CCCc2ccccc21)c1cnn[nH]1
OCNT-2313669,CYP2C9,4.45650581,4.5880274326740205,4,MURCKO::O=C(NCCc1c[nH]c2ccccc12)C1CNCCO1
OCNT-2313672,CYP2C9,4.501823733,4.791514007304643,0,MURCKO::O=C(Cc1cn2ccsc2n1)NC1CCCc2cnccc21
OCNT-2313679,CYP2C9,5.843404918,4.608901559582772,1,MURCKO::O=C(NCC(c1ccccc1)N1CCOCC1)c1cnn2cccnc12
OCNT-2313685,CYP2C9,4.826138907,4.3867908938690725,1,MURCKO::O=C(NC1CCCc2[nH]ncc21)c1cc2cn[nH]c2s1
OCNT-2313710,CYP2C9,4.84961217,4.615613671585324,1,MURCKO::O=C(c1cc2ccccc2o1)N1CCCc2[nH]ncc2C1
OCNT-2313721,CYP2C9,2.232522223,4.078657570098456,0,MURCKO::c1ccc(-n2cnnc2)cc1
OCNT-2313732,CYP2C9,4.835100305,4.387091252812149,2,MURCKO::O=C(Cc1ccccn1)Nc1ccccc1
OCNT-2313737,CYP2C9,3.721030725,4.567939256537393,1,MURCKO::O=C1NCCN(C(=O)c2ccc(-n3cccn3)cc2)C1c1ccccc1
OCNT-2313742,CYP2C9,3.948041368,5.14871313820397,1,MURCKO::O=C(NCc1c[nH]c(=O)c2ccccc12)c1cnn(C2CCC2)c1
OCNT-2313748,CYP2C9,4.170819863,4.251654263231263,4,MURCKO::O=C(c1ccncn1)N1CCC(c2ccccc2)CC1
OCNT-2313749,CYP2C9,5.574504115,4.705154761470844,2,MURCKO::O=C(c1cc2ccccc2[nH]1)N1CCC(c2ccccc2)C1
OCNT-2313756,CYP2C9,6.249375022,4.39209364368074,2,MURCKO::O=C(c1occ2c1CCC2)N1CCN(CCc2ccncc2)CC1
OCNT-2313781,CYP2C9,5.558221168,4.662082074945625,0,MURCKO::O=C(NC1CCOc2ccccc21)c1ncoc1-c1ccc2c(c1)OCCO2
OCNT-2313792,CYP2C9,4.853111092,4.663360341007499,3,MURCKO::O=C(Nc1cc2n(n1)CCCC2)c1cncs1
OCNT-2313798,CYP2C9,4.358172748,4.313863127291003,0,MURCKO::O=C(Nc1cccc(-c2nnn[nH]2)c1)C1COCCO1
OCNT-2313802,CYP2C9,3.981641483,4.351351197091722,3,MURCKO::O=C(CC1CC1)N1CCOc2ccccc2C1
OCNT-2313803,CYP2C9,4.004899832,4.497481200259354,3,MURCKO::O=C(NC1CC(c2ccccc2)C1)c1cc[nH]c1
OCNT-2313822,CYP2C9,4.089388888,4.521701388958118,4,MURCKO::O=C(CNc1ccccc1)N1CCc2cncnc2C1
OCNT-2313825,CYP2C9,5.098439273,4.916261962475569,0,MURCKO::O=C(c1coc(=O)c2ccccc12)N1CCCC2(CCCc3ccccc32)C1
OCNT-2313826,CYP2C9,4.98591391,4.543653721008071,0,MURCKO::O=C(NC1CCC1c1ccccc1)c1ccc[nH]1
OCNT-2313830,CYP2C9,4.934082808,4.889646169056026,3,MURCKO::O=C(NC1CCC1c1ccccc1)c1cccnc1
OCNT-2313832,CYP2C9,4.431757222,4.37731866405711,3,MURCKO::O=c1[nH]c(=O)c2[nH]c(NCc3ccccc3)nc2[nH]1
OCNT-2313833,CYP2C9,3.563222173,4.142289648409575,4,MURCKO::O=C1CC(CC(=O)Nc2ccc[nH]c2=O)c2ccccc2N1
OCNT-2313852,CYP2C9,4.011552745,4.389010101968173,4,MURCKO::O=C(Nc1ccc(-c2nnc[nH]2)cc1)c1c[nH]nc1C1CC1
OCNT-2313858,CYP2C9,4.33119492,4.334954277499369,0,MURCKO::O=C(Nc1cc(C2CCCCC2)n[nH]1)c1cccnc1
OCNT-2313867,CYP2C9,4.58540869,4.663655793784933,2,MURCKO::c1ccc2nc(N3CCN(c4ccncn4)CC3)ccc2c1
OCNT-2313872,CYP2C9,3.368922037,4.368959756989897,0,MURCKO::O=C(Nc1ccc2ncnn2c1)c1cc(C2CC2)n[nH]1
OCNT-2313874,CYP2C9,4.707371583,4.497762594803319,1,MURCKO::O=C(Cn1cnc2cncnc21)Nc1ccc2c(c1)C=CCCC2
OCNT-2313876,CYP2C9,5.046635412,4.932909833729871,1,MURCKO::O=C(NC(c1ccncc1)C1CC1)c1ccccn1
OCNT-2313881,CYP2C9,4.127431312,4.610713218915265,3,MURCKO::O=C(NS(=O)(=O)c1ccc2c(c1)CCCC2)C1CC(=O)N(Cc2ccccc2)C1
OCNT-2313897,CYP2C9,3.104872863,4.440220378632466,4,MURCKO::O=C(Cc1ccccc1)N1CCc2ncccc2C1
OCNT-2313901,CYP2C9,5.916701148,4.903764814162861,3,MURCKO::O=S(=O)(Nc1ccccc1)c1ccccc1
OCNT-2313906,CYP2C9,3.924278895,4.595137280978095,3,MURCKO::O=C(Nc1ccc(NC(=O)C2CCCO2)cc1)NC1CCCN(c2ccccc2)C1=O
OCNT-2313921,CYP2C9,3.811110198,4.592250125740279,3,MURCKO::O=C(c1cccc(Oc2nccs2)c1)N1CCOCC1
OCNT-2313936,CYP2C9,3.773184115,4.3804516839633925,4,MURCKO::O=C(CC1C=CCC1)NC1CC2(CN(C(=O)c3ccncn3)C2)n2ccnc21
OCNT-2313954,CYP2C9,3.96776234,4.388484917125123,1,MURCKO::O=C(c1ccnc2[nH]cnc12)N1CCCCC1c1cnc[nH]1
OCNT-2313956,CYP2C9,5.01984021,4.70003590222775,2,MURCKO::O=C(NC1CC12CCOCC2)c1ccc(-c2cn[nH]c2)cc1
OCNT-2313970,CYP2C9,4.292589002,4.374742150984308,3,MURCKO::O=C(CN1CCCCCC1)Nc1ccc(NC(=O)Cn2cnc(-c3ccccc3)cc2=O)cc1
OCNT-2313981,CYP2C9,5.2200345,4.6961930576116515,0,MURCKO::O=C(NC1CCOc2ccccc21)c1ccccn1
OCNT-2313983,CYP2C9,4.328677935,4.604715625197436,2,MURCKO::O=C(NCc1nnc[nH]1)c1cn(Cc2ccccc2)nn1
OCNT-2313989,CYP2C9,4.769103968,4.544774347874956,2,MURCKO::O=C(NCc1cn(-c2ccccc2)nn1)c1ccn[nH]1
OCNT-2313995,CYP2C9,5.7279869,4.959684379959479,0,MURCKO::O=C(c1cccc2c(=O)cc(-c3ccccc3)oc12)N1CCN(c2nccs2)CC1
OCNT-2313999,CYP2C9,5.288130243,4.514645088393062,1,MURCKO::O=C(COc1ccc2c(c1)CCCC2)NC1CCCCC1
OCNT-2314012,CYP2C9,4.666424627,4.850190468889428,0,MURCKO::O=C(Nc1ccc(-n2nn[nH]c2=O)cc1)c1ccc(NS(=O)(=O)c2ccccc2)cc1
OCNT-2314017,CYP2C9,5.378218732,4.857692020283587,4,MURCKO::O=C(C1CCc2ncncc2C1)N1CCN(c2ccccc2)CC1
OCNT-2314024,CYP2C9,5.46195077,4.534609825797948,1,MURCKO::O=C(c1ccc[nH]c1=O)N1CCOc2ccccc2C1
OCNT-2314036,CYP2C9,3.721167112,4.535182045346695,3,MURCKO::O=C(c1c[nH]c(=O)[nH]c1=O)N1CCCC(c2nc(-c3ccccc3)no2)C1
OCNT-2314037,CYP2C9,5.815088023,4.771670550179315,1,MURCKO::O=C(c1ccccc1)N1CCC(Oc2ccccc2)CC1
OCNT-2314042,CYP2C9,2.172735368,4.63157736996178,1,MURCKO::O=C(c1cnn(C2CC2)c1)N1CCCC(c2ccn[nH]2)C1
OCNT-2314046,CYP2C9,3.945283598,4.392580196833965,4,MURCKO::O=C(Cc1c[nH]c2ccccc12)Nc1ccccc1
OCNT-2314063,CYP2C9,4.621773723,4.312646888622034,1,MURCKO::O=C(NS(=O)(=O)c1nncs1)c1ccn(-c2ccccc2)n1
OCNT-2314065,CYP2C9,4.182288827,4.754076406764684,3,MURCKO::O=C(NS(=O)(=O)c1cnc2[nH]ncc2c1)c1ccn(-c2ccccc2)n1
OCNT-2314073,CYP2C9,3.61638368,4.709888886069782,3,MURCKO::O=S(=O)(c1ccccc1)N1CCN(Cc2cocn2)CC1
OCNT-2314087,CYP2C9,5.830906093,4.448944807234551,3,MURCKO::O=C1CC(c2nc(-c3cccc(-c4nnc[nH]4)c3)no2)CN1c1ccc2c(c1)CCC2
OCNT-2314122,CYP2C9,4.378780605,4.6155874621603985,0,MURCKO::O=C(NC1CC2(CN(C(=O)c3ccc[nH]3)C2)n2ccnc21)c1ccsc1
OCNT-2314150,CYP2C9,4.530382988,4.532292707473081,3,MURCKO::O=C(Nc1cccc(-c2nnn[nH]2)c1)C1CC(c2ccccc2)=NO1
OCNT-2314151,CYP2C9,5.409001743,4.60385451465574,1,MURCKO::O=C(CCc1c[nH]c2ccccc12)Nc1cccnc1
OCNT-2314157,CYP2C9,3.80193069,4.282109046276603,2,MURCKO::c1ccc2[nH]ccc2c1
OCNT-2314168,CYP2C9,4.22897121,4.350306571514974,4,MURCKO::O=C(Cc1ccccc1)N1CCc2cncnc2C1
OCNT-2314172,CYP2C9,2.663378675,4.211188535621795,1,MURCKO::O=C1CCCN1c1ccc(S(=O)(=O)N2CCCC2)cc1
OCNT-2314178,CYP2C9,5.627217555,4.72158644615394,2,MURCKO::c1ccc(C2CCN(c3ncnc4c3CCCC4)C2)cc1
OCNT-2314198,CYP2C9,2.116546882,4.416587749331621,0,MURCKO::O=C(Nc1cccnc1)c1cn2c(n1)CCCC2
OCNT-2314199,CYP2C9,4.816441505,4.666060532130075,0,MURCKO::O=C(Nc1ccc(Oc2ccccc2)cc1)c1ccc2nccn2c1
OCNT-2314208,CYP2C9,5.568218563,4.548053284600623,3,MURCKO::O=C(c1n[nH]c2ccccc12)N1CCC(Nc2ccccc2)CC1
OCNT-2314217,CYP2C9,3.774066435,4.481010632902646,2,MURCKO::c1ccc(-c2nc3ncccc3[nH]2)cc1
OCNT-2314222,CYP2C9,3.825464348,4.923960094298256,3,MURCKO::O=C(Nc1cccc(-c2nnc[nH]2)c1)c1cnc2n[nH]cc2c1
OCNT-2314251,CYP2C9,4.445804383,4.2328856155395975,1,MURCKO::O=C(NCc1cn[nH]c1)N1Cc2ccccc2C1
OCNT-2314254,CYP2C9,4.57276891,4.198344855330488,2,MURCKO::O=C(NCCN1CCc2sccc2C1)c1cc2ccccc2[nH]1
OCNT-2314269,CYP2C9,4.203007505,4.781314955561366,0,MURCKO::O=C(NCc1ccccc1)c1c[nH]nc1-c1ccccc1
OCNT-2314277,CYP2C9,4.02715398,4.486832120207121,3,MURCKO::O=C(c1ccc(NCc2ccccn2)cc1)N1CCOCC1
OCNT-2314279,CYP2C9,4.696315893,4.241518487517187,1,MURCKO::O=C(Nc1nccs1)N1CCc2ccccc2C1
OCNT-2314283,CYP2C9,3.91420461,4.673448353015372,0,MURCKO::O=C(Cc1ccccc1)N1CCN(C(=O)c2cnc3ccccc3c2)CC1
OCNT-2314295,CYP2C9,4.794174375,4.376402798133306,0,MURCKO::O=S(=O)(NCc1ccccc1)c1cnn(-c2ccccc2)c1
OCNT-2314321,CYP2C9,4.843546573,4.67765191395789,0,MURCKO::c1nc2cc3c(cc2s1)OCO3
OCNT-2314322,CYP2C9,4.672109782,4.470565385577176,2,MURCKO::O=C(CS(=O)(=O)Cc1cscn1)Nc1ccc2c(c1)CCC2
OCNT-2314341,CYP2C9,3.857689937,4.535217616411166,3,MURCKO::O=C(c1cn[nH]c(=O)c1)N1CCC(c2ccccc2)C1
OCNT-2314349,CYP2C9,4.834714417,4.754148593153716,1,MURCKO::O=C(CNC(=O)c1ccc2[nH]ncc2c1)Nc1ccccc1
OCNT-2314353,CYP2C9,4.64849597,4.23882574777274,0,MURCKO::O=C1CCC(N2Cc3c(C#CC4CCN(C(=O)Nc5ccon5)CC4)cccc3C2=O)C(=O)N1
OCNT-2314357,CYP2C9,5.298671545,4.249078605702275,3,MURCKO::O=C(Cn1c(=O)[nH]c2ccccc2c1=O)NC1CCc2ccccc21
OCNT-2314363,CYP2C9,4.009303855,4.674272015520076,1,MURCKO::O=C(c1ccnc2ccnn12)N1CCC(c2nccs2)CC1
OCNT-2314371,CYP2C9,3.79505246,4.826968111031619,4,MURCKO::O=C(c1cnc2[nH]ncc2c1)N1CCCC1c1ccccc1
OCNT-2314375,CYP2C9,4.58349848,4.403800686503155,0,MURCKO::O=C(c1cnn2c1CCC2)N1CCc2[nH]c3ccccc3c2C1
OCNT-2314387,CYP2C9,5.960118485,4.474129207234669,0,MURCKO::O=C(c1cccnc1)N1CCC(Cc2ccccc2)CC1
OCNT-2314403,CYP2C9,4.689225493,4.773089345912994,0,MURCKO::O=C(Nc1ccccc1)c1c[nH]nc1-c1ccccc1
OCNT-2314405,CYP2C9,5.0337618,4.699074172661856,2,MURCKO::O=C(Cc1ccc(C2CCC2)cc1)Nc1c[nH]nc1-c1ccccn1
OCNT-2314412,CYP2C9,5.383703715,4.6356451122303275,4,MURCKO::c1ccc(Oc2cnc(SCc3nc4cccnc4[nH]3)nc2)cc1
OCNT-2314416,CYP2C9,5.222089855,4.70672046576497,3,MURCKO::O=S(=O)(c1ccc(-c2ccccc2)cc1)N1CCC1
OCNT-2314447,CYP2C9,4.523741623,4.37671703635839,2,MURCKO::O=C(Nc1ncc(Cc2ccccc2)s1)C1CNCCO1
OCNT-2314454,CYP2C9,4.71073224,4.207657615500382,1,MURCKO::O=C(NCc1ccccc1)c1n[nH]c2nc[nH]c(=O)c12
OCNT-2314461,CYP2C9,4.343554605,4.407261772631159,3,MURCKO::C1=CC2CC1CC2c1nc(-c2ccc(N3CCCNCC3)nc2)no1
OCNT-2314480,CYP2C9,4.628559415,4.836070010986424,3,MURCKO::O=C(c1ccco1)N1CCN(Cc2coc(-c3ccccc3)n2)CC1
OCNT-2314483,CYP2C9,4.47994384,4.4666843199297155,4,MURCKO::O=C(CN1CCN(c2cncc3ccccc23)CC1)Nc1ccccc1
OCNT-2314484,CYP2C9,5.294196572,4.6042924507061205,0,MURCKO::O=C(NCCc1nc2ccccc2s1)c1ccccc1
OCNT-2314494,CYP2C9,4.577439082,4.621563974872119,2,MURCKO::O=C(CC1OCCc2ccsc21)Nc1ccc(-n2cnnn2)cc1
OCNT-2314502,CYP2C9,5.665052405,4.253605222478899,0,MURCKO::O=c1[nH]c(CSc2nc3ccccc3[nH]2)nc2c1cnn2-c1ccccc1
OCNT-2314504,CYP2C9,4.367487787,4.644992416787844,2,MURCKO::O=S(=O)(NCc1cc2n(n1)CCCO2)c1ccc(-c2ccccc2)cc1
OCNT-2314508,CYP2C9,3.2569073,4.7462092452859075,2,MURCKO::O=C(Nc1nc2ccccc2s1)c1cccn2nccc12
OCNT-2314515,CYP2C9,3.771417367,4.593822556326764,1,MURCKO::c1cnn(C2CCNCC2)c1
OCNT-2314537,CYP2C9,3.574130547,4.470413858338871,0,MURCKO::O=C(NC1CCN(c2ccccc2)C1=O)c1ccc(CN2C(=O)CCC2=O)cc1
OCNT-2314548,CYP2C9,6.121997667,4.832477373353136,1,MURCKO::O=C(NCC1CCN(C(=O)c2cnn(-c3ccncc3)c2)CC1)c1n[nH]c2ccccc12
OCNT-2314554,CYP2C9,4.603520292,4.599765472002122,2,MURCKO::O=C(NCc1cccc(N2CCCC2)c1)c1cn[nH]c1
OCNT-2314570,CYP2C9,4.358722135,4.701873450558387,4,MURCKO::O=C(c1cnc2c(cnn2Cc2ccccc2)c1)N1CCCc2[nH]ncc2C1
OCNT-2314584,CYP2C9,5.256709498,4.68810376222202,3,MURCKO::O=C(NC1CCNC1=O)c1cc(-c2ccncc2)n[nH]1
OCNT-2314602,CYP2C9,5.393560195,4.855196802454876,0,MURCKO::O=C(Nc1ccc2cc[nH]c2c1)c1cn(Cc2ccncc2)nn1
OCNT-2314609,CYP2C9,3.797496317,4.498839753159613,1,MURCKO::O=C(NCc1ccnc(N2CCCC2)n1)NC1CC1
OCNT-2314613,CYP2C9,3.81197556,4.438835048253392,2,MURCKO::O=C(C1CCNCC1)N1CC(c2ccccc2)C1
OCNT-2314625,CYP2C9,5.308222345,4.440580528377648,2,MURCKO::O=C(Nc1ccc2c(c1)NCCO2)c1cc2ccccc2[nH]1
OCNT-2314629,CYP2C9,4.676399095,4.754713541796386,4,MURCKO::O=C(NC(c1ccccc1)C1CCOC1)N1CCCC1c1ccccc1
OCNT-2314639,CYP2C9,5.390880708,4.879723670763477,3,MURCKO::O=C(NCc1ccc2[nH]ccc2c1)c1ccccc1
OCNT-2314649,CYP2C9,4.55864245,4.657712092496665,3,MURCKO::O=C(c1ccc2ccccc2n1)N1CCc2ccccc2C1
OCNT-2314658,CYP2C9,2.977566293,4.277478174395922,0,MURCKO::O=C(NC1CCOC2(CCCC2)C1)c1ccc2nccnc2n1
OCNT-2314688,CYP2C9,3.926251815,4.773350024692293,3,MURCKO::O=C(CCc1ccncn1)N1CCCc2ccccc21
OCNT-2314691,CYP2C9,5.695131488,4.230979709333815,1,MURCKO::O=C(CCc1nc(-c2ccncc2)no1)N1CCCCC1Cc1ccccc1
OCNT-2314694,CYP2C9,4.550284243,4.634729723130053,2,MURCKO::O=C(NC1CCN(C(=O)CCc2ccccc2)CC1)c1ccc2cnccc2n1
OCNT-2314708,CYP2C9,4.520361398,4.63292106324001,2,MURCKO::O=C(NCC1CCCO1)N1CCc2ccccc2C1c1ccccc1
OCNT-2314713,CYP2C9,3.367810055,4.778760531386111,0,MURCKO::O=C(NCC1CCN(c2ccncc2)CC1)C1CCNCC1
OCNT-2314763,CYP2C9,6.634048078,4.694628468477129,2,MURCKO::O=C(CC1CCCC1)NC1CCC(C(=O)NCc2ccncc2)CC1
OCNT-2314787,CYP2C9,4.306365523,4.455149735805268,4,MURCKO::c1ccc(CCNCc2ccccc2)cc1
OCNT-2314804,CYP2C9,6.04096778,4.47427487857721,2,MURCKO::c1ccc(-c2noc(-c3ccccc3)n2)cc1
OCNT-2314805,CYP2C9,4.507726435,4.45548180144575,3,MURCKO::O=C(CN(C(=O)CC1OCCc2ccsc21)C1CC1)NCc1ccccc1
OCNT-2314813,CYP2C9,5.766372338,4.622423887339922,2,MURCKO::O=C(OCc1nc(-c2ccccc2)cs1)c1cn[nH]c1
OCNT-2314833,CYP2C9,4.538471022,4.693873766416217,3,MURCKO::O=C(NCc1cnccn1)NCC1CCN(c2ccccc2)C1
OCNT-2314845,CYP2C9,4.816918858,4.271747351044043,0,MURCKO::O=C(Nc1ccc2ncccc2c1)C1(c2nccc3ccccc23)CC1
OCNT-2314858,CYP2C9,5.824570385,4.668872217743122,0,MURCKO::c1ccc(CNc2ccc3nnc(-c4ccccc4)n3n2)cc1
OCNT-2314859,CYP2C9,4.975407442,4.7677275238153225,0,MURCKO::c1ccc(NCc2cccc(COCC3CCCO3)c2)nc1
OCNT-2314884,CYP2C9,5.480493273,4.569203849810759,1,MURCKO::O=C(Nc1c[nH]nc1-c1ccccn1)c1ccccn1
OCNT-2314898,CYP2C9,4.344612705,4.559410423503345,3,MURCKO::O=C(NCc1ccccc1)NCc1ncnn1-c1ccccc1
OCNT-2314899,CYP2C9,5.15538692,4.5884543711694485,0,MURCKO::O=C(NCc1ccccc1)c1ccccc1
OCNT-2314907,CYP2C9,4.60174871,4.673099550294138,1,MURCKO::O=C1CC(Nc2ncnc3[nH]ccc23)CN1C1CC1c1ccccc1
OCNT-2314924,CYP2C9,4.473722868,4.817453838354882,3,MURCKO::O=C1NCCN(C(=O)NC2CCc3ccccc32)C1c1ccccc1
OCNT-2314928,CYP2C9,4.941546918,4.904290644879991,2,MURCKO::O=C1Cc2cc(C(=O)N3CCOC(c4cccs4)C3)ccc2N1
OCNT-2314962,CYP2C9,4.445633612,4.777614888975243,4,MURCKO::C=C1CCN(C(=O)NCc2ccc(S(=O)(=O)NC3CC3)cc2)CC1
OCNT-2314966,CYP2C9,4.086753965,4.307778144367417,2,MURCKO::O=C(Cc1cccc2cccnc12)N1CCCCC1c1ncon1
OCNT-2314968,CYP2C9,5.50988637,4.721106034366458,0,MURCKO::O=C(N1CCc2[nH]ncc2C1)C1(c2ccccc2)CCC1
OCNT-2314989,CYP2C9,4.63661053,4.519362242101859,3,MURCKO::c1ccc2[nH]c(-c3ccc4c(c3)CCCN4)nc2c1
OCNT-2314992,CYP2C9,4.537842343,4.393991944537215,0,MURCKO::O=C(Nc1cn[nH]c1)c1ccc2ccccc2n1
OCNT-2314994,CYP2C9,4.432133955,4.373614672119907,3,MURCKO::O=C(Cc1ccccc1)N1CCC(c2cc[nH]n2)C1
OCNT-2315007,CYP2C9,5.697183942,4.477337043770985,1,MURCKO::O=C(NCc1cn[nH]c1)c1ccc(-c2cn[nH]c2)cn1
OCNT-2315045,CYP2C9,4.469144978,4.636131176447456,2,MURCKO::O=C1CCCCN1Cc1nc(Cc2cnc[nH]2)no1
OCNT-2315047,CYP2C9,3.292325943,4.681761470531598,0,MURCKO::O=C(Cc1coc(-c2ccccc2)n1)NS(=O)(=O)C1CCCOC1
OCNT-2315048,CYP2C9,4.372431393,4.27755673715682,1,MURCKO::O=C(Nc1ccccc1)C(c1ccccc1)c1ccccc1
OCNT-2315050,CYP2C9,5.806825863,4.4980916318008175,1,MURCKO::O=C(Nc1n[nH]cc1C1CC1)C1CCC(Nc2ncccn2)CC1
OCNT-2315056,CYP2C9,4.648828757,4.620855149828566,2,MURCKO::O=C(c1cc2ccccc2o1)N1CCc2ccccc2C1
OCNT-2315060,CYP2C9,4.442178795,4.453614556520993,0,MURCKO::O=C(Cc1c[nH]c2ccccc12)N1CCC(Nc2cccnn2)CC1
OCNT-2315064,CYP2C9,4.462939343,4.602595369761813,0,MURCKO::O=C(c1cnc2[nH]nnc2c1)N1CCC(Oc2ccncc2)CC1
OCNT-2315071,CYP2C9,5.434820112,4.501571076915979,0,MURCKO::O=S(=O)(Nc1cnc2ccccc2c1)c1ccnn1C1CCC1
OCNT-2315074,CYP2C9,4.796889147,4.440250994197838,0,MURCKO::O=S(=O)(c1ccccc1)N1CCCCCC1
OCNT-2315082,CYP2C9,4.207233985,4.6162589764169075,2,MURCKO::O=C(Nc1ccc2c(c1)CNCC2)c1cnc2ccccc2c1
OCNT-2315087,CYP2C9,4.363102817,4.318413611007296,2,MURCKO::O=C(Nc1ccncn1)N1CCC(Cc2ccccc2)C1
OCNT-2315089,CYP2C9,4.390676375,4.821428385123056,4,MURCKO::O=C(CCc1nc2sc3c(c2c(=O)[nH]1)CCCC3)Nc1ccn[nH]1
OCNT-2315109,CYP2C9,4.759754125,4.304789418077512,1,MURCKO::O=C(Nc1cnn(CC2CCCO2)c1)c1cccnc1
OCNT-2315115,CYP2C9,4.72554833,4.881225293388556,0,MURCKO::c1nc(C2CC2)cc(N2CCC(c3nccs3)CC2)n1
OCNT-2315121,CYP2C9,4.511683888,4.715061721200434,4,MURCKO::O=C(Cc1c[nH]c2ccccc12)N1CCCC1
OCNT-2315131,CYP2C9,5.10604324,4.772113100028226,1,MURCKO::O=C(NC(c1ccccc1)c1ccccc1)c1cnccn1
OCNT-2315138,CYP2C9,5.383323447,4.715476936486819,4,MURCKO::O=C(NCC1OCCc2ccccc21)c1occc1COc1ccccc1
OCNT-2315155,CYP2C9,4.316033938,4.548504203515624,0,MURCKO::O=C1CCNC(=O)N1Cc1nc2c(s1)CC(c1ccccc1)CC2
OCNT-2315165,CYP2C9,2.185295185,4.435231778444966,3,MURCKO::c1cn2cc(Cc3nnc4n3CCCC4)nc2s1
OCNT-2315172,CYP2C9,5.100281912,4.40395660252606,0,MURCKO::O=C(C1CCc2cccnc21)N1CCc2ccccc21
OCNT-2315178,CYP2C9,2.908698258,4.592612998289693,4,MURCKO::O=C(Cc1ccccc1)NC1CCN(c2ccccc2)C1=O
OCNT-2315179,CYP2C9,2.60472614,4.379678447294313,3,MURCKO::O=C(Cn1ccnn1)NCC1(N2CCOCC2)CCCCC1
OCNT-2315194,CYP2C9,4.269143742,4.477094210270239,0,MURCKO::O=C(NCC1CCCC2(CCC2)O1)Nc1cc2ccccc2nn1
OCNT-2315204,CYP2C9,4.101973017,4.509343968876006,1,MURCKO::c1nc2cc3c(cc2s1)OCCO3
OCNT-2315213,CYP2C9,3.918185957,4.605143191352173,3,MURCKO::O=C1CN(C(=O)c2cnc(-c3ccccc3)s2)CCCN1
OCNT-2315217,CYP2C9,5.257443265,4.767995253732634,1,MURCKO::O=C(NCC1CCN(c2ccccc2)C1)c1cccn2c(=O)[nH]nc12
OCNT-2315230,CYP2C9,5.218507295,4.630502234492349,1,MURCKO::O=C(NCCC1CCCCO1)c1csc2cncn12
OCNT-2315237,CYP2C9,5.49736638,4.505478722240026,0,MURCKO::O=C(Nc1nc2ccccc2n1CCc1ccccn1)c1csc(-c2ccsc2)n1
OCNT-2315246,CYP2C9,4.00862591,4.497484606357359,4,MURCKO::O=C(NCc1coc2ccccc12)N1C2CCC1COC2
OCNT-2315250,CYP2C9,5.410899278,4.475209466609234,3,MURCKO::O=S(=O)(Nc1ccccc1)c1ccccc1
OCNT-2315263,CYP2C9,5.46891255,4.690967467138993,0,MURCKO::O=C(NC(c1ccccn1)C1CCC1)c1nn[nH]c1-c1ccccc1
OCNT-2315271,CYP2C9,4.692787228,4.188730362863332,4,MURCKO::O=C(NCCN1CCc2sccc2C1)c1ccccc1
OCNT-2315277,CYP2C9,4.0925307,4.5340762460401915,1,MURCKO::O=C(Nc1cccc(-c2nc3ccccc3[nH]2)c1)c1ccc(-c2nc[nH]n2)cc1
OCNT-2315280,CYP2C9,4.40062726,4.575251050899949,4,MURCKO::O=C1NCCN1C1CCCN(c2ccnc3ccccc23)C1
OCNT-2315284,CYP2C9,5.077286642,4.538057127390419,4,MURCKO::c1ncc(N2CCCC2)nc1OC1CCCCC1
OCNT-2315288,CYP2C9,4.28646041,4.604344346650572,3,MURCKO::O=C(c1csc(C2CC2)n1)N1CCN(CC(=O)N2CCc3ccccc32)CC1
OCNT-2315291,CYP2C9,3.76229973,4.4831045832019365,1,MURCKO::O=C(N1CCOCC1)C1(S(=O)(=O)c2ccccc2)CCCCC1
OCNT-2315294,CYP2C9,5.045262232,4.391118821308093,3,MURCKO::O=C1NC(=O)c2cc(NC(=O)N3CCCC(C(=O)Nc4ccccn4)C3)ccc21
OCNT-2315297,CYP2C9,4.69239445,4.387020531039096,2,MURCKO::O=C(NCc1nnn[nH]1)c1ccc2c(c1)CCCC2
OCNT-2315300,CYP2C9,4.594852832,4.219174257193448,1,MURCKO::O=C(Nc1ccc2oc(=O)[nH]c2c1)C1Cc2ccccc2O1
OCNT-2315322,CYP2C9,5.403005335,5.105782663723023,2,MURCKO::O=C(NC1CCOC1c1ccncc1)c1ccccc1
OCNT-2315325,CYP2C9,4.814374697,4.446249935958051,4,MURCKO::c1ccc(CNc2ncnc3[nH]ncc23)cc1
OCNT-2315340,CYP2C9,4.512599342,4.639957235142638,3,MURCKO::O=C1CN(Cc2nc(-c3ccccc3)no2)CCCN1
OCNT-2315365,CYP2C9,4.077661932,4.397383307452703,1,MURCKO::O=C(NC1CCCc2ccccc21)C1CCNCC1
OCNT-2315368,CYP2C9,5.713666525,4.661915114871098,0,MURCKO::O=C(NC1CCCc2c1cnn2Cc1ccccc1)N1CCCC(c2nc3ccccc3[nH]2)C1
OCNT-2315381,CYP2C9,4.766145335,4.3497010748057265,0,MURCKO::O=C(NCc1ccccc1)c1ccccc1
OCNT-2315386,CYP2C9,4.686216873,4.631642690540554,3,MURCKO::O=C(NC1CCc2ncncc2C1)N1Cc2cc3c(cc2C2(CCCC2)C1)OCCO3
OCNT-2315390,CYP2C9,4.523620613,4.654461095809109,4,MURCKO::O=C(NCC1(N2CCOCC2)CCCC1)c1cc2ccccc2[nH]1
OCNT-2315408,CYP2C9,6.86453859,4.748756261505239,3,MURCKO::O=C(CN1C(=O)NC2(CCCc3ccccc32)C1=O)Nc1ccccc1
OCNT-2315409,CYP2C9,5.81104472,4.541983210752667,0,MURCKO::O=C(NCc1ccccc1)c1ccc(-c2cn[nH]c2)cc1
OCNT-2315443,CYP2C9,5.483737665,4.609624423754161,1,MURCKO::O=S(=O)(NC1CC(c2ccccc2)C1)c1ccccc1
OCNT-2315445,CYP2C9,5.64302717,4.694884739721198,3,MURCKO::O=C(c1coc(C2CC2)n1)N1CCOc2ccccc21
OCNT-2315462,CYP2C9,5.04378537,4.3806028392332035,2,MURCKO::O=C(NCc1nc[nH]n1)N1CCc2ccccc21
OCNT-2315466,CYP2C9,3.868494742,4.3948899356042554,2,MURCKO::O=C(NCc1ccc[nH]c1=O)NC1Cc2ccccc2C1
OCNT-2315467,CYP2C9,4.137838903,4.744084748386662,2,MURCKO::O=C(NCCc1ccccc1)Nc1cnc2c(c1)COCC2
OCNT-2315468,CYP2C9,5.133736072,4.768494828050091,4,MURCKO::c1cc(-c2noc(C34CCCN(CCC3)C4)n2)cc(-n2ccnc2)c1
OCNT-2315473,CYP2C9,3.819707403,4.657365319977646,4,MURCKO::O=C(Nc1nc(C2CCOCC2)cs1)c1ccncc1
OCNT-2315476,CYP2C9,5.056307233,4.4038496701203504,0,MURCKO::c1ccc(N2CCCC2)cc1
OCNT-2315478,CYP2C9,4.924880705,4.253346757963659,4,MURCKO::O=C(NCCNC(=O)C1COc2ccccc2C1)c1ccccc1
OCNT-2315480,CYP2C9,4.811714238,4.683276814923075,4,MURCKO::O=S(=O)(Nc1cccnc1)c1ccc2c(c1)CCO2
OCNT-2315485,CYP2C9,3.630289262,4.658606490667262,1,MURCKO::O=C(Cc1ccccc1)N1CCCn2nncc2C1
OCNT-2315498,CYP2C9,4.755540072,4.608339219050306,3,MURCKO::O=C(c1ccccc1)N1CCN(C(=O)c2ccccc2)CC1
OCNT-2315507,CYP2C9,5.026001208,4.338574424226457,4,MURCKO::O=C(NCCc1ccccc1)Nc1cnc2c(c1)CCCC2
OCNT-2315528,CYP2C9,5.558461777,4.629650367935852,1,MURCKO::O=C(NCC1CCN(c2ccccc2)C1)c1cc2c(cn1)OCCO2
OCNT-2315538,CYP2C9,4.511105465,4.3789499691104625,4,MURCKO::c1ccc(-c2cn(Cc3cnccn3)nn2)cc1
OCNT-2315539,CYP2C9,4.843844922,4.62666352162453,4,MURCKO::c1cnn(CC2CCC(Nc3ccc(-n4ccnc4)nn3)C2)c1
OCNT-2315545,CYP2C9,4.669884363,4.4464857203219035,4,MURCKO::O=C(c1cc(C2CC2)n[nH]1)N1CCC(c2nc(C3CC3)no2)C1
OCNT-2315551,CYP2C9,4.703555175,4.225479459440226,4,MURCKO::O=C(Cn1cccn1)N1CCCC(Cc2ccccc2)C1
OCNT-2315583,CYP2C9,4.70378065,4.300434102066997,4,MURCKO::O=C(NC1CCOC2(CCCC2)C1)c1csc(Nc2ccccn2)n1
OCNT-2315584,CYP2C9,5.80400439,4.866368819859958,1,MURCKO::O=C(Nc1nccs1)N1CCC(c2ccncc2)CC1
OCNT-2315590,CYP2C9,4.646084325,4.664949570309191,1,MURCKO::O=C1NC(=O)C(c2ccc(C(=O)N3CCN(C4CC4)c4ccccc43)cc2)N1
OCNT-2315591,CYP2C9,4.14718139,4.8347297133834415,1,MURCKO::O=C(Cc1cc2c(ccc3ccccc32)o1)NC1(c2nnn[nH]2)CCC1
OCNT-2315611,CYP2C9,4.695938145,4.372338223339027,4,MURCKO::O=C(NCc1ccc[nH]c1=O)c1cc(-c2ccccc2)no1
OCNT-2315621,CYP2C9,5.373127572,4.45689969278512,4,MURCKO::c1cc(C2CN(c3ncnc4sccc34)C2)[nH]n1
OCNT-2315627,CYP2C9,5.526946955,4.570093245557133,0,MURCKO::c1ccc2c(C3CCN(c4cnc5c(n4)CCCC5)CC3)noc2c1
OCNT-2315632,CYP2C9,5.656788533,4.6568798122375625,1,MURCKO::O=C(NCCc1ccn(-c2ccccc2)n1)c1ccc(NCC2CC2)nc1
OCNT-2315652,CYP2C9,6.147345507,5.070581603451249,3,MURCKO::O=C(Nc1cccc(-c2ccn[nH]2)c1)c1cn2cncc2s1
OCNT-2315667,CYP2C9,5.285970397,5.211529734286667,3,MURCKO::O=C(Nc1cccc(-c2ccncc2)c1)c1ccccc1
OCNT-2315679,CYP2C9,4.673295933,4.528302727645189,2,MURCKO::O=C(c1cnn2ccccc12)N1CCOc2ccccc21
OCNT-2315684,CYP2C9,3.209572325,4.378472128582298,0,MURCKO::O=C(C1COc2ccccc2C1)N1CCC(c2nnc[nH]2)C1
OCNT-2315690,CYP2C9,4.64081704,4.963731257924028,3,MURCKO::O=C(Nc1cnn(Cc2ccccc2)c1)C1Cc2ccccc2O1
OCNT-2315700,CYP2C9,5.390214842,4.539258188622617,1,MURCKO::O=C(Nc1cccc(-c2ncon2)c1)c1ccccc1
OCNT-2315713,CYP2C9,4.826926822,4.4791170925672565,3,MURCKO::c1ccc(CNc2ncnc3[nH]ccc23)cc1
OCNT-2315738,CYP2C9,4.96286487,4.798771801250663,1,MURCKO::O=C(NC1CC(Oc2ccccc2)C1)c1conc1C1CC1
OCNT-2315746,CYP2C9,4.49529326,4.5334493274748775,3,MURCKO::O=C(NCc1ccccc1)Nc1nc[nH]n1
OCNT-2315748,CYP2C9,4.686238868,4.303740040176605,4,MURCKO::O=C(Nc1ccccc1)c1ccccc1
OCNT-2315753,CYP2C9,5.025751562,4.963180212088029,0,MURCKO::c1ccc(C2CCN(c3ncnc4nc[nH]c34)C2)cc1
OCNT-2315756,CYP2C9,3.98661406,4.4330076599347406,4,MURCKO::O=C(c1ccccn1)N1CCC(c2ccsc2)CC1
OCNT-2315758,CYP2C9,5.306912353,4.522489163106558,4,MURCKO::O=C(c1ccnc(-n2cccn2)c1)N1CCN(c2ccccc2)CC1
OCNT-2315778,CYP2C9,5.56587871,4.995521171332893,3,MURCKO::O=C(NCCc1ccccc1)N1CCc2ccccc2C1
OCNT-2315806,CYP2C9,4.738780262,4.3834881515703525,2,MURCKO::c1ccc(-n2ccc(-c3nc(-c4ccccn4)no3)n2)cc1
OCNT-2315812,CYP2C9,5.332611875,4.863387006173046,0,MURCKO::O=C(NS(=O)(=O)c1ccc2c(c1)CCCC2)C1Cc2ccccc2O1
OCNT-2315836,CYP2C9,4.658641953,4.242592814947065,3,MURCKO::O=C(Cn1cc(-c2cscn2)nn1)N1CCc2ccccc21
OCNT-2315838,CYP2C9,4.738098785,4.466305551351877,3,MURCKO::O=C1CCC(N2Cc3ccc(-n4cc(C5CCCC5)nn4)cc3C2=O)C(=O)N1
OCNT-2315845,CYP2C9,5.54125345,4.830434302331768,2,MURCKO::O=C(NCCc1cnoc1)N1CCC(CCc2ccccc2)CC1
OCNT-2315851,CYP2C9,5.236136952,4.731094405703506,4,MURCKO::O=C(Nc1nc(C2CCOCC2)cs1)NC1CCCC1
OCNT-2315865,CYP2C9,5.127351522,4.303744715973329,2,MURCKO::O=c1cc(N2CCC(CCc3ccccc3)CC2)cn[nH]1
OCNT-2315866,CYP2C9,5.131516197,4.685411136289146,4,MURCKO::O=C1COc2cc(C(=O)N3CCOC(c4ccccc4)C3)ccc2N1
OCNT-2315873,CYP2C9,5.565423,4.662623688230189,0,MURCKO::O=S(=O)(c1cccs1)N1CCN(c2cnccn2)CC1
OCNT-2315885,CYP2C9,5.517536215,4.572513697296402,1,MURCKO::O=C(Cn1cc(-c2ccccc2)nn1)NCc1ccccc1
OCNT-2315906,CYP2C9,5.71915394,5.427169600244747,0,MURCKO::O=C(Nc1c[nH]nc1-c1nccs1)c1ccccc1
OCNT-2315910,CYP2C9,4.630324435,4.7205760737632225,3,MURCKO::O=C(Nc1cnns1)N1CCCC1c1ccccc1
OCNT-2315912,CYP2C9,4.59367183,4.455997998542644,2,MURCKO::c1ccc(Cc2nc(C3CCCC3)no2)cc1
OCNT-2315938,CYP2C9,3.737686862,4.218123460287258,2,MURCKO::O=C(NCc1nc2ccccc2c(=O)[nH]1)c1ccncn1
OCNT-2315948,CYP2C9,5.44547568,5.263181388020058,2,MURCKO::O=C(Nc1cccc(-c2cn[nH]c2)c1)c1cnc(-c2cnoc2)s1
OCNT-2315950,CYP2C9,5.224300215,4.665302053239827,2,MURCKO::O=C(c1[nH]nc2ccccc12)N1CCNc2ccccc21
OCNT-2315953,CYP2C9,4.716332523,4.452251686154012,1,MURCKO::c1ccc(-c2cscn2)cc1
OCNT-2315960,CYP2C9,4.226813665,5.2932613239669255,2,MURCKO::O=C(NCc1ccccc1)N1CCCC(n2ccnc2)C1
OCNT-2315972,CYP2C9,7.384353628,4.284907687349923,2,MURCKO::O=C(CCc1nc(-c2ccccc2)no1)N1CCC(c2c[nH]cn2)CC1
OCNT-2315978,CYP2C9,6.492068782,4.579054145673892,3,MURCKO::c1cnc2nc(-c3ccc(-c4ccncc4)cc3)[nH]c2c1
OCNT-2315980,CYP2C9,4.476754965,4.66894275650349,3,MURCKO::O=S(=O)(Nc1ccnn1Cc1ccccc1)c1cnc2[nH]ncc2c1
OCNT-2315982,CYP2C9,5.305736432,4.370555915309529,4,MURCKO::O=C(Nc1cccs1)c1ccc(CN2CCCCC2=O)cc1
OCNT-2315984,CYP2C9,5.525399845,4.3464912885600935,1,MURCKO::O=c1[nH]cnc2cc(-c3ccccc3)sc12
OCNT-2315991,CYP2C9,5.293121875,4.313176697865833,4,MURCKO::O=C(c1ccccc1)N1CCC(c2c[nH]c3ncccc23)CC1
OCNT-2315996,CYP2C9,5.518729925,4.459385287101112,2,MURCKO::O=C(Nc1ccncc1)C1CCN(C(=O)Nc2nc3ccccc3s2)CC1
OCNT-2315997,CYP2C9,4.796339697,4.561281237331924,3,MURCKO::O=C(NCCc1ccccc1)C1(c2ccccc2)CCCC1
OCNT-2316003,CYP2C9,3.581929248,4.514988495232046,0,MURCKO::O=C(NC1CCCN(Cc2nnc3n2CCCC3)C1)c1ccc2ccccc2c1
OCNT-2316020,CYP2C9,5.54022385,4.572670466879874,3,MURCKO::O=C1NC(=O)C(c2cccc(-c3noc(-c4cccc5c6c([nH]c45)CCCC6)n3)c2)N1
OCNT-2316025,CYP2C9,4.4886113,4.66553338267581,2,MURCKO::O=C(Nc1cc(-c2ccsc2)n[nH]1)N1CCNc2ccccc2C1
OCNT-2316032,CYP2C9,5.860128827,4.850662759982402,3,MURCKO::O=S(=O)(Nc1ccccc1)c1ccccc1
OCNT-2316037,CYP2C9,4.65332124,4.286630078299687,1,MURCKO::O=C(c1csc(=O)[nH]1)N1CCCC1c1ccccc1
OCNT-2316040,CYP2C9,6.298419715,4.95332981854949,3,MURCKO::c1ccc2nc(NC3CCC(Cn4ccnc4)C3)ccc2c1
OCNT-2316049,CYP2C9,5.561417377,4.80454722255427,0,MURCKO::O=C(c1cc2ccccc2oc1=O)N1CCN(C2CC2)c2ccccc21
OCNT-2316079,CYP2C9,4.795075902,4.207393922100291,0,MURCKO::O=C(NCc1cn[nH]c1)C1CCCN1C(=O)c1ccc2ccccc2c1
OCNT-2316081,CYP2C9,4.718607175,4.621092207279065,0,MURCKO::O=C(NC1CCN(c2ccccc2)CC1)c1cscn1
OCNT-2316084,CYP2C9,4.85324961,4.691172992754607,2,MURCKO::O=C(NCc1ccccc1)C(=O)Nc1ccc2c(c1)C(=O)NCC2
OCNT-2316093,CYP2C9,5.030292222,4.507994356557617,1,MURCKO::O=S(=O)(NC1CCOc2ccccc21)c1ccccc1
OCNT-2316109,CYP2C9,6.84774712,5.248611359699461,3,MURCKO::c1ccc(-n2cc(-c3ccc4cnccc4c3)nn2)cc1
OCNT-2316115,CYP2C9,5.149962775,4.581857578760151,4,MURCKO::c1ccc(CCn2cc(-c3cccc4c3CCCC4)nn2)cc1
OCNT-2316133,CYP2C9,5.170290357,4.851626305201422,3,MURCKO::O=C(C1CCN(C(=O)C2CC2c2ccccc2)CC1)N1CCOCC1
OCNT-2316147,CYP2C9,5.118007265,4.285555809781769,1,MURCKO::O=C(c1cc(-c2cc[nH]n2)on1)N1CCC(c2ccsc2)CC1
OCNT-2316170,CYP2C9,4.23607044,4.523133114402378,2,MURCKO::O=C(CCc1ccon1)N1CCc2c(cnn2-c2ccccc2)C1
OCNT-2316185,CYP2C9,5.194204078,4.580229161183125,1,MURCKO::O=C(c1ccc2[nH]ncc2c1)N1CCCC(C(=O)N2CCC3(C2)Oc2ccccc2O3)C1
OCNT-2316186,CYP2C9,2.819178187,4.333805631165629,0,MURCKO::O=C(Cn1cnc2cncnc21)N1CCc2ccccc2C1
OCNT-2316189,CYP2C9,4.95467905,4.54679758527335,4,MURCKO::O=S(=O)(NCc1nccs1)c1cnn(-c2ccccc2)c1
OCNT-2316195,CYP2C9,4.145326198,4.600429292281006,2,MURCKO::O=C1CC(CNC(=O)N2CC3(CCCC3)c3ccccc32)CN1
OCNT-2316198,CYP2C9,3.884817165,4.554590868713388,3,MURCKO::O=C(NC1CCNCC1)c1ccc(Oc2ccccc2)cn1
OCNT-2316205,CYP2C9,5.616664545,4.557553200474564,4,MURCKO::O=C(c1c[nH]c2ccccc12)N1CCC(Cc2ccccc2)CC1
OCNT-2316209,CYP2C9,4.34353939,4.894514819856651,4,MURCKO::O=C(NCc1cccc2ccccc12)NC1CC(=O)N(C2CC2)C1
OCNT-2316225,CYP2C9,5.90815395,4.543428314766149,4,MURCKO::O=C(NCc1ccccn1)c1csc2cncn12
OCNT-2316229,CYP2C9,4.008129688,4.221535098721179,3,MURCKO::O=C(Nc1ccc(Cn2cccn2)cc1)c1c[nH]nc1-c1cccnc1
OCNT-2316230,CYP2C9,4.069478327,4.759868747740846,2,MURCKO::O=C(c1ccccc1)N1CCC(C(=O)N2CCOCC2)CC1
OCNT-2316236,CYP2C9,3.868267795,4.594710015273346,3,MURCKO::O=C(NCc1n[nH]c2c1CNCC2)c1ccc2[nH]ncc2c1
OCNT-2316253,CYP2C9,5.030913983,4.783368092677136,4,MURCKO::O=C(NC1CCCc2cnccc21)c1cc2occc2s1
OCNT-2316255,CYP2C9,4.651935355,4.463859734131375,4,MURCKO::O=C(NCc1cccs1)C1CCN(c2ccc3nnnn3n2)CC1
OCNT-2316270,CYP2C9,4.925412705,4.504566488072696,1,MURCKO::O=c1[nH]cccc1-c1noc(-c2n[nH]c3c2CSCC3)n1
OCNT-2316276,CYP2C9,4.73087448,4.396374522672387,1,MURCKO::O=C1CCC(n2cnc3c(NC(=O)c4ccc5c(c4)CCO5)cccc3c2=O)C(=O)N1
OCNT-2316278,CYP2C9,4.192898545,4.402132364450619,2,MURCKO::O=C(NCc1cn[nH]c1)NC1CC1c1ccccc1
OCNT-2316280,CYP2C9,3.720009605,4.686197511546586,1,MURCKO::O=C(NCCc1ccc2c(c1)OCCO2)NC1CC(=O)N(C2CC2)C1
OCNT-2316288,CYP2C9,3.347611093,4.29586457139695,0,MURCKO::O=C(Cc1c[nH]nn1)Nc1c2c(nn1-c1ccccc1)CCC2
OCNT-2316290,CYP2C9,5.057958487,5.0882332782909785,2,MURCKO::O=C(Cc1ccccc1)Nc1cccc(-c2ccn[nH]2)c1
OCNT-2316304,CYP2C9,5.1066958,4.44367958754151,0,MURCKO::O=C(Nc1cccc2c1OCCO2)N1CCNC(c2ccccc2)C1
OCNT-2316305,CYP2C9,4.583566398,4.912884236328784,1,MURCKO::O=C1CN(C(=O)CCn2ccnc2)CCN1
OCNT-2316307,CYP2C9,4.30632804,4.77046013691203,2,MURCKO::O=S(=O)(NC1CCOC1C1CC1)c1cccc2cnccc12
OCNT-2316311,CYP2C9,5.387715215,4.260408809474524,4,MURCKO::O=C(NC1CCCc2occc21)c1c[nH]c2ccccc2c1=O
OCNT-2316319,CYP2C9,4.22619845,4.709251414319971,0,MURCKO::O=C(NC1CCc2cn[nH]c2C1)c1ccccc1
OCNT-2316320,CYP2C9,4.789169343,4.384095155705902,4,MURCKO::O=C(NCCc1ccccc1)c1ccc(N2CCCCCC2)nc1
OCNT-2316322,CYP2C9,4.881934692,4.490048263548677,3,MURCKO::O=C(c1cc2ccccc2[nH]1)N1CCC(c2cn[nH]c2)CC1
OCNT-2316337,CYP2C9,3.943921112,4.291033775481436,2,MURCKO::O=C(NCC1COCCN1)c1ccc2ncoc2c1
OCNT-2316344,CYP2C9,2.422840935,4.568158341403596,2,MURCKO::O=C(NC1CCCC1n1ccnc1)c1ccc(N2CCNC2=O)cc1
OCNT-2316359,CYP2C9,5.049563625,4.278466053700232,1,MURCKO::O=C(Cn1cnc2ccccc21)Nc1cccc(N2CCNC2=O)c1
OCNT-2316360,CYP2C9,3.86617964,4.707158933742111,4,MURCKO::O=C(NCc1nc(Cc2ccccc2)no1)N1CCCC1CN1CCOCC1
OCNT-2316394,CYP2C9,4.437455658,4.543532216423581,4,MURCKO::O=C(NCCCc1ccccc1)N1CCNCC1
OCNT-2316399,CYP2C9,3.816464,4.461223258438738,0,MURCKO::O=C(Nc1ccncc1)N1CCCC1
OCNT-2316430,CYP2C9,2.935518698,4.6136516348060175,0,MURCKO::O=C(NC1CCNC1=O)c1csc(-c2ncc[nH]2)n1
OCNT-2316431,CYP2C9,4.543253922,4.282546420878306,2,MURCKO::O=C(CCn1ccsc1=O)N1CCc2ccccc21
OCNT-2316436,CYP2C9,4.153299353,4.914838514151459,0,MURCKO::O=C(Nc1ccc2cc[nH]c2c1)c1coc(C2CCOCC2)n1
OCNT-2316441,CYP2C9,5.042204528,4.630276124571175,3,MURCKO::O=C(c1cc(-c2ccco2)[nH]n1)N1CCN(C2CC2)c2ccccc21
OCNT-2316445,CYP2C9,3.699893772,4.529798633422709,0,MURCKO::c1ccc2[nH]c(-c3ccn[nH]3)nc2c1
OCNT-2316452,CYP2C9,4.62582743,4.208971922182105,0,MURCKO::O=C(CCc1nc(-c2ccccc2)no1)N1CCOCC1c1ncno1
OCNT-2316476,CYP2C9,4.033609225,4.486255987502852,4,MURCKO::O=c1[nH]c(-c2ccccc2)nc2ccccc12
OCNT-2316482,CYP2C9,3.251789132,4.266518396629537,3,MURCKO::O=C1C(n2ccnn2)CCCN1c1ccccc1
OCNT-2316507,CYP2C9,5.197979617,4.464745324405257,1,MURCKO::O=C(Nc1ccon1)N1CC2(CCCC2)C1c1ccccc1
OCNT-2316512,CYP2C9,5.4782905,4.3006712561325475,4,MURCKO::c1ccc(C2(c3noc(Cn4cnnn4)n3)CCCC2)cc1
OCNT-2316515,CYP2C9,4.599239127,4.612945067879955,2,MURCKO::O=C(Nc1ccc(C2CCC2)cn1)NC1CC12CCOCC2
OCNT-2316534,CYP2C9,4.453017443,4.268613489750106,2,MURCKO::O=c1cccc(-c2nc(-c3[nH]nc4ccccc34)no2)[nH]1
OCNT-2316560,CYP2C9,5.332874845,4.640564302844911,3,MURCKO::O=C(NC1CCC(Cn2ccnc2)C1)c1ccn2nncc2c1
OCNT-2316564,CYP2C9,4.021605685,5.011846215352241,0,MURCKO::O=C(Nc1cccc2c1CCO2)c1cnn2ccccc12
OCNT-2316565,CYP2C9,3.876411357,4.313654136743676,4,MURCKO::O=C(NCCc1ccccc1)c1ccncc1
OCNT-2316566,CYP2C9,4.739627965,4.262419025323678,0,MURCKO::c1ccc(C2(c3noc(Cn4cccn4)n3)CCOCC2)cc1
OCNT-2316573,CYP2C9,4.480717803,4.441049431042513,2,MURCKO::c1ccc2c(SCCNC3CCCOCC3)c[nH]c2c1
OCNT-2316592,CYP2C9,5.467756697,4.723271837498993,2,MURCKO::O=C(NS(=O)(=O)c1ccc(OCc2ccccc2)cc1)C1CCCO1
OCNT-2316595,CYP2C9,4.790166708,4.824319564513511,4,MURCKO::O=C(Nc1cccc(Cn2cncn2)c1)NC1CCCN(c2ccccc2)C1=O
OCNT-2316604,CYP2C9,5.325529552,4.449358859144207,3,MURCKO::O=C1CCC(N2Cc3c(cccc3-c3cn(-c4cccnc4)nn3)C2=O)C(=O)N1
OCNT-2316617,CYP2C9,5.085396777,4.487575396181142,3,MURCKO::O=C(CN1CCC(Cc2ccccc2)C1)Nc1ccccc1
OCNT-2316624,CYP2C9,3.735297835,4.430755161019508,1,MURCKO::O=C(NS(=O)(=O)c1cn[nH]c1)c1ccnn1C1CCCC1
OCNT-2316626,CYP2C9,4.49648943,4.690057815446101,1,MURCKO::O=C(NCc1cn[nH]c1)N1CCC(c2ccccc2)C1
OCNT-2316628,CYP2C9,4.550614333,4.321127408320436,1,MURCKO::O=C(Nc1nnc(C23CC4CC(CC(C4)C2)C3)s1)N1CCCCC1
OCNT-2316636,CYP2C9,5.368831337,4.788503821808464,4,MURCKO::O=C(Nc1ccccc1)c1ccccc1
OCNT-2316650,CYP2C9,4.57588223,4.664973947690195,4,MURCKO::O=C(NCc1cccc2c1OCC2)c1cn(-c2cc[nH]n2)nn1
OCNT-2316654,CYP2C9,6.027333925,5.187856394514109,3,MURCKO::O=C(Nc1ccc2cn[nH]c2c1)c1c[nH]c2ccccc12
OCNT-2316656,CYP2C9,2.869953317,4.492219786652604,2,MURCKO::O=C(NC1CCCn2ncnc21)N1CCC(c2nccs2)CC1
OCNT-2316658,CYP2C9,3.912359383,4.551691357653706,2,MURCKO::O=C(CCc1ccccc1)N1CCNc2ncccc21
OCNT-2316664,CYP2C9,4.778867897,4.416176306116717,3,MURCKO::O=C1C(n2cc(-c3cnc[nH]3)nn2)CCCN1c1ccccc1
OCNT-2316666,CYP2C9,4.145047972,4.454243430917829,2,MURCKO::c1nc(N2CCCCC2)cc(N2CCCC2)n1
OCNT-2316671,CYP2C9,4.36082188,4.646365767426278,4,MURCKO::O=C(Nc1ccc2c(c1)NCC2)c1ccc(-n2cnnn2)cc1
OCNT-2316679,CYP2C9,3.654124673,4.96184069855625,0,MURCKO::O=C(c1ccc[nH]1)N1CCC(Cc2nnn[nH]2)CC1
OCNT-2316687,CYP2C9,5.553343305,4.760976742791918,2,MURCKO::O=C(Nc1nc2ccccc2s1)Nc1cccc2c1OCCO2
OCNT-2316691,CYP2C9,3.765435848,4.534886398405643,4,MURCKO::O=C(C1COC1)N1CCN(c2ccc3nncn3n2)CC1
OCNT-2316694,CYP2C9,5.43522148,4.808351675974926,2,MURCKO::c1cc(-c2nnc3ccc(NCc4ccn(C5CCCC5)n4)nn23)ccn1
OCNT-2316702,CYP2C9,2.941937397,4.428858270854666,2,MURCKO::O=C(c1nn[nH]c1C1CCCN1)N1CCOC(c2ccccc2)C1
OCNT-2316704,CYP2C9,5.123690275,4.337135737554833,0,MURCKO::O=C(c1cc(=O)[nH]c2ccccc12)N1CCCc2ccccc21
OCNT-2316707,CYP2C9,3.71778861,4.61013689785969,0,MURCKO::O=C(NCCc1nc2ccccc2s1)C1NCC12CCOCC2
OCNT-2316711,CYP2C9,4.584069432,4.828538291160848,2,MURCKO::O=C(NC1CCN(c2ccccc2)C1)c1ccccc1
OCNT-2316722,CYP2C9,4.190566768,4.398028897345917,1,MURCKO::c1ccc(CCc2nc(C3CCOCC3)no2)cc1
OCNT-2316726,CYP2C9,2.668736823,4.271708282251338,1,MURCKO::O=C(Nc1cc[nH]n1)c1ccn(-c2ccccc2)n1
OCNT-2316738,CYP2C9,5.15016765,4.5393707469477,2,MURCKO::O=C(Nc1cc(C2CC2)[nH]n1)Nc1cccc2ccccc12
OCNT-2316744,CYP2C9,3.743438665,4.485452287898652,1,MURCKO::c1ccc(-c2nc(C3CCCN3c3ccncn3)n[nH]2)cc1
OCNT-2316749,CYP2C9,4.642354235,4.573705884772843,0,MURCKO::O=C(Nc1nncs1)c1ccccc1OCC1CC1
OCNT-2316754,CYP2C9,2.692314272,4.272086494814543,4,MURCKO::O=C(NCCN1CCOCC1)Nc1cn[nH]c1
OCNT-2316761,CYP2C9,5.675886978,4.3636512506065985,2,MURCKO::O=C(CCc1nc2sc3c(c2c(=O)[nH]1)CCC3)Nc1nc(-c2ccc[nH]2)cs1
OCNT-2316770,CYP2C9,4.621326012,4.9177463661456,3,MURCKO::O=C(Nc1ccc2[nH]ncc2c1)c1ccc(N2CCOCC2)nc1
OCNT-2316771,CYP2C9,3.206611173,4.328111272317443,2,MURCKO::O=C(c1cnn(Cc2ccccc2)c1)N1CCCCC1
OCNT-2316772,CYP2C9,4.93364634,4.2117769470051085,3,MURCKO::c1ccc(CCc2nc(-c3ccccc3)no2)cc1
OCNT-2316775,CYP2C9,4.368059097,4.409681968817137,0,MURCKO::O=C(NCc1cnn[nH]1)N1CCC(c2cnc[nH]2)CC1
OCNT-2316787,CYP2C9,4.914745873,4.622634250570212,4,MURCKO::O=C(NCCc1c[nH]c2ccccc12)NC1CCCn2nccc21
OCNT-2316811,CYP2C9,4.42983091,4.88971120035879,1,MURCKO::O=C(NCCc1c[nH]c2ccccc12)NC1CCOC1
OCNT-2316822,CYP2C9,5.03410339,4.103454031636417,1,MURCKO::c1ccc(CC(Nc2ncnc3[nH]cnc23)c2cccs2)cc1
OCNT-2316834,CYP2C9,4.476746913,4.799517111795328,0,MURCKO::O=C(NCc1ccccc1)c1ccco1
OCNT-2316855,CYP2C9,3.75208373,4.526839922716735,4,MURCKO::O=C(CNS(=O)(=O)c1ccccc1)NCCc1ccccc1
OCNT-2316870,CYP2C9,4.938226,4.78763661822324,1,MURCKO::O=C(Nc1cccnc1)C1CC1c1ccccc1
OCNT-2316874,CYP2C9,4.940116185,4.642926055117428,4,MURCKO::c1ccc(CCNCc2ccnc3[nH]ccc23)cc1
OCNT-2316880,CYP2C9,4.34215907,4.408930323656717,0,MURCKO::O=C1CCC(N2Cc3ccc(CNS(=O)(=O)c4ccc5c(c4)OCCO5)cc3C2=O)C(=O)N1
OCNT-2316881,CYP2C9,4.829916615,4.508665556993194,3,MURCKO::O=C(NCc1ncco1)NC1CC1c1ccccc1
OCNT-2316890,CYP2C9,2.77796887,4.3576029483031355,1,MURCKO::O=C(NS(=O)(=O)c1ccccc1)C1CCCNC1
OCNT-2316907,CYP2C9,4.12634415,4.536491068845852,0,MURCKO::O=C(NCc1cccc(NS(=O)(=O)C2CC2)c1)C1CC1
OCNT-2316908,CYP2C9,4.585206803,4.580552888508702,2,MURCKO::O=C(COc1cccnc1)N1CCc2ccccc21
OCNT-2316911,CYP2C9,4.088713017,4.669886974768234,1,MURCKO::O=C(Nc1cnn(C2CCCC2)c1)c1cccnc1
OCNT-2316912,CYP2C9,4.330530315,4.333517407853698,2,MURCKO::O=C(c1cn(Cc2ncon2)nn1)N1CCN(c2ccccc2)CC1
OCNT-2316923,CYP2C9,3.910433075,4.98898584098535,2,MURCKO::O=C(NCCCc1ccccc1)N1CCS(=O)(=O)CC1
OCNT-2316933,CYP2C9,4.653624925,4.321822125466042,1,MURCKO::O=C(NCc1nc2ccccc2[nH]1)C1CCCN(C(=O)c2ccccc2)C1
OCNT-2316947,CYP2C9,5.473566873,4.796029616285617,3,MURCKO::O=C(NCCc1ccccc1)c1cccc2c1OCC2
OCNT-2316948,CYP2C9,4.657690602,4.371634962462118,3,MURCKO::O=C(Cn1ncc2ccccc2c1=O)N1Cc2ccccc2C2(CC2)C1
OCNT-2316964,CYP2C9,5.17686601,4.33728820910746,4,MURCKO::O=C(c1ccc(-n2cccn2)nc1)N1CCOC(c2ccccc2)CC1
OCNT-2316967,CYP2C9,4.609218515,4.55728406431608,3,MURCKO::O=C(NCc1cn[nH]c1)c1cccc2c1OCC2
OCNT-2316989,CYP2C9,4.849658437,4.366572418388127,2,MURCKO::c1cnc(N2CCC(c3ncc[nH]3)CC2)cn1
OCNT-2316997,CYP2C9,5.039790932,4.803422548309051,0,MURCKO::O=C(NC1CCCN(c2ccn[nH]2)C1)N1CCc2ccccc2C1
OCNT-2316998,CYP2C9,4.015162725,4.298192267688897,0,MURCKO::O=C(c1cccnc1)N1CCCCc2ccccc21
OCNT-2317000,CYP2C9,5.153394487,4.627850856125756,2,MURCKO::O=C(c1ccccc1-n1cccn1)N1CCN(c2ccccn2)CC1
OCNT-2317014,CYP2C9,5.014810697,4.727213092673132,2,MURCKO::O=C(NCc1noc(-c2ccccc2)n1)c1ccnn1C1CCC1
OCNT-2317020,CYP2C9,4.788199762,4.804230772660498,2,MURCKO::O=C(Nc1cnn(CC2CC2)c1)c1conc1-c1cccs1
OCNT-2317021,CYP2C9,5.760211485,4.43214427051693,0,MURCKO::O=C(Cc1ccccc1)N1CCN(C(=O)Cc2cnc[nH]2)CC1
OCNT-2317028,CYP2C9,3.951369077,5.028831718775708,1,MURCKO::O=C(c1cnn(-c2ccncc2)c1)N1CCNCC1
OCNT-2317039,CYP2C9,5.094013132,4.987388048200102,2,MURCKO::O=C(NCc1nc(-c2ccncc2)cs1)N1CCCC1
OCNT-2317059,CYP2C9,5.576730485,5.0579721487105305,2,MURCKO::O=C(NCc1cccc(N2CCOCC2)n1)c1ccc2c(c1)CCCC2
OCNT-2317061,CYP2C9,3.290749155,4.445074256366392,0,MURCKO::O=C(CN1CCCCC1)N1CCc2ccccc21
OCNT-2317062,CYP2C9,4.350010785,4.42982525587358,4,MURCKO::O=C(NC1CCN(C(=O)c2ccccc2)CC1)c1ccccn1
OCNT-2317067,CYP2C9,4.95895647,4.768639298534844,2,MURCKO::O=C(NC1CCCCC1)c1cc(-c2ccccc2)ccn1
OCNT-2317068,CYP2C9,4.00140069,4.6370747928319656,2,MURCKO::c1ccc(Cn2cc(C3COCCN3)nn2)cc1
OCNT-2317072,CYP2C9,4.236852312,4.618542364581096,4,MURCKO::O=C(NCc1ccccc1)C1CCCN1C(=O)c1ccccc1
OCNT-2317086,CYP2C9,3.017118175,4.680996228523866,2,MURCKO::O=C(Cc1n[nH]c2c1CCCC2)NCc1ccccc1
OCNT-2317087,CYP2C9,3.32344013,4.713019611664483,3,MURCKO::O=C(Nc1ccn[nH]1)N1CC2(CCC2)C1C1CCOCC1
OCNT-2317099,CYP2C9,4.20069064,4.480214604432071,3,MURCKO::O=C(CN1CCCC1CN1CCCCC1)NCc1ccccc1
OCNT-2317103,CYP2C9,4.51746869,4.736888243889129,4,MURCKO::O=C(c1cn[nH]c1)N1CCCC1Cc1ccccc1
OCNT-2317123,CYP2C9,4.792124755,4.423039166643064,4,MURCKO::O=C(Cc1ccccc1)N1CCCN(C(=O)c2ccccc2)CC1
OCNT-2317136,CYP2C9,4.44681635,4.354954315861021,3,MURCKO::O=C(c1ccccc1)N1CCN(C(=O)c2ccccc2)CC1
OCNT-2317148,CYP2C9,4.57430423,4.67050356546419,2,MURCKO::c1nc(N2CCCN(Cc3cn[nH]c3)CC2)c2ccsc2n1
OCNT-2317157,CYP2C9,4.567392068,4.603231497345023,3,MURCKO::O=C(NCc1cnn[nH]1)c1cncc(-c2ccccc2)c1
OCNT-2317166,CYP2C9,3.943065953,4.243726841718856,3,MURCKO::O=C1CN(C(=O)c2ccon2)CCN1
OCNT-2317169,CYP2C9,4.636523385,4.679222183203569,0,MURCKO::O=C(NC1CCOC(c2cccnc2)C1)N1CCCc2ccccc2CC1
OCNT-2317170,CYP2C9,4.687822172,5.455272195465713,4,MURCKO::O=C(NCC1CCN(c2ccncc2)CC1)c1c[nH]c2ccccc12
OCNT-2317181,CYP2C9,6.264391032,4.529510376103746,2,MURCKO::O=C(CN1CCN(c2ncccn2)CC1)Nc1ccccc1
OCNT-2317182,CYP2C9,4.270845085,5.100850597186587,4,MURCKO::O=C(NCc1ccc(C2CC2)cc1)NCC1CCCC1
OCNT-2317192,CYP2C9,4.734052542,4.228479810142885,0,MURCKO::O=C(Nc1cccnc1)N1CCC(Nc2ccccc2)CC1
OCNT-2317205,CYP2C9,4.77576635,4.771305071921229,3,MURCKO::O=S(=O)(Nc1ccccc1)N1CCOCC1
OCNT-2317215,CYP2C9,4.215352828,4.470763110230177,0,MURCKO::O=C(NCCNc1ccccc1)Nc1cn[nH]c1
OCNT-2317227,CYP2C9,3.820649195,4.5591262931445495,2,MURCKO::O=C(NCc1ncc[nH]1)N1CCCC1c1ccccc1
OCNT-2317238,CYP2C9,5.46608482,4.455476843484569,0,MURCKO::O=C(NC1CCCc2ccccc21)c1c[nH]c(C(=O)N2CCCC2)c1
OCNT-2317246,CYP2C9,5.048398095,4.508811387166943,4,MURCKO::O=C(Nc1ccccc1)C1CCCN1C(=O)Cc1ccccc1
OCNT-2317253,CYP2C9,5.099208407,4.666926861247825,2,MURCKO::O=C(Cc1c[nH]c2ccccc12)N1CCCN(Cc2cn[nH]c2)CC1
OCNT-2317279,CYP2C9,4.537829718,4.4845081460427165,2,MURCKO::O=C(Nc1ccccc1)c1cc2ncccn2n1
OCNT-2317282,CYP2C9,4.273051912,4.231185245373788,4,MURCKO::c1ccc(OCC2CCN(Cc3ncno3)CC2)cc1
OCNT-2317297,CYP2C9,5.153533138,4.709392656317176,4,MURCKO::O=C(NCCc1ccccc1)N1CCOCC(C2CCC2)C1
OCNT-2317300,CYP2C9,4.885038618,4.550961735284997,3,MURCKO::O=C(Nc1ccc2ncnn2c1)N1CC2(CCCC2)c2ccccc21
OCNT-2317310,CYP2C9,4.869058563,4.353067898000534,2,MURCKO::O=C(CCN1CCOC(c2ccccc2)C1)Nc1ccccc1
OCNT-2317321,CYP2C9,5.929771308,4.5609946281391025,1,MURCKO::O=S(=O)(c1cccs1)N1CCCc2ccccc21
OCNT-2317322,CYP2C9,4.05171189,4.215515652698403,0,MURCKO::O=C(CN1CCC(CN2CCCCC2)C1)Nc1ccccc1
OCNT-2317323,CYP2C9,4.001206448,4.277975806369025,0,MURCKO::O=C(NCc1cn[nH]c1)N1CCOc2ccccc2C1
OCNT-2317338,CYP2C9,4.16505818,4.557490585539765,4,MURCKO::c1ccc(OCCCc2nnc3n2CCCC3)cc1
OCNT-2317345,CYP2C9,6.211665645,4.753937768843782,4,MURCKO::O=C(NCc1ccc(-n2ccnc2)cc1)Nc1cc[nH]n1
OCNT-2317349,CYP2C9,4.66441265,4.64113020971772,0,MURCKO::O=C(c1cc2ccccc2s1)N1CCN(CC2CCCO2)CC1
OCNT-2317350,CYP2C9,4.365602938,5.196403037189306,0,MURCKO::O=C(Nc1cccnc1N1CCOCC1)c1cccs1
OCNT-2317357,CYP2C9,3.74651666,4.245152102894119,3,MURCKO::O=C(Nc1nnc(Cc2ccccc2)s1)C1CNCCO1
OCNT-2317361,CYP2C9,5.01264329,4.8544226794011545,0,MURCKO::c1nc(N2CCC(C3CC3)C2)cc(N2CCC(C3CC3)C2)n1
OCNT-2317366,CYP2C9,4.746364475,4.594543686595127,1,MURCKO::O=C(NCCOc1ccccc1)N1CCCCC1
OCNT-2317368,CYP2C9,2.577092857,4.118624108934685,0,MURCKO::O=C(CCc1ccccc1)N1CCCNCC1
OCNT-2317384,CYP2C9,4.160976365,4.398789311379674,3,MURCKO::O=C1CN(S(=O)(=O)c2c[nH]cn2)c2ccccc2N1
OCNT-2317389,CYP2C9,2.59861806,4.619903282639408,0,MURCKO::O=C(Nc1ccccc1)Nc1cnn(CC2CCCO2)c1
OCNT-2317392,CYP2C9,4.10128342,4.434014129787745,4,MURCKO::O=C(NC1CCCC1Oc1cn[nH]c1)c1cnc(C2CC2)o1
OCNT-2317398,CYP2C9,4.371812288,4.401656191538121,0,MURCKO::O=C(c1cncc(-c2ccccc2)c1)N1CCC(c2ncno2)CC1
OCNT-2317401,CYP2C9,4.87213623,4.7978779548645045,3,MURCKO::O=C(Nc1cncnc1)C1COc2ccccc2C1
OCNT-2317408,CYP2C9,2.504007355,4.324196656604035,0,MURCKO::O=C1CCC(C(=O)N2CCCCC2)C(c2ccccc2)N1
OCNT-2317409,CYP2C9,4.720976613,4.682498340564927,3,MURCKO::O=C(c1ccsc1)N1CC(c2ccccc2)C1
OCNT-2317418,CYP2C9,3.330570925,4.339176386092564,2,MURCKO::O=C(CCc1nc2ccccc2[nH]1)N1CCN(C2CCOCC2)CC1
OCNT-2317420,CYP2C9,5.09313352,4.687462604874116,0,MURCKO::O=C(Nc1ccccn1)C1CCCN(c2nc3ccccc3s2)C1
OCNT-2317434,CYP2C9,3.389840803,4.330807285130417,3,MURCKO::O=C1CC(NC(=O)N2CCC2)CN1
OCNT-2317450,CYP2C9,4.963618288,4.680217014236094,3,MURCKO::O=C(Nc1ccn[nH]1)c1coc2ccccc12
OCNT-2317467,CYP2C9,3.869315498,4.329273284734889,1,MURCKO::O=C(Nc1cccnc1)C1NCCOc2ccccc21
OCNT-2317472,CYP2C9,4.298153518,4.2691908866872375,3,MURCKO::O=C(NC1CCN(C(=O)COc2ccccc2)CC1)c1ccoc1
OCNT-2317476,CYP2C9,3.853104973,4.377184493139355,1,MURCKO::O=C(Nc1ccccn1)C1CCCN(CCN2C(=O)NC3(CCCC3)C2=O)C1
OCNT-2317482,CYP2C9,4.464804055,4.647738140170837,2,MURCKO::O=C(Cc1c[nH]c2ccccc12)N1CCCC1c1nnco1
OCNT-2317504,CYP2C9,4.525801118,4.686728524699611,3,MURCKO::O=C(NCC1CCCc2ccccc21)N1CCCCC1
OCNT-2317513,CYP2C9,4.996132548,4.267809337218066,3,MURCKO::O=C(CN1c2ccccc2NS1(=O)=O)N1CCCc2ccccc21
OCNT-2317520,CYP2C9,4.982498347,4.778914605439555,4,MURCKO::O=C(NC1CCN(c2cccnn2)CC1)N1CCc2ccccc2C1
OCNT-2317533,CYP2C9,4.916144082,4.761327244284534,4,MURCKO::O=C(Nc1ccnc(Oc2ccccc2)c1)N1CCC2CCCC21
OCNT-2317538,CYP2C9,4.766018687,4.580826193542501,2,MURCKO::O=C(CCc1nc(C2CCCC2)no1)N1CCCc2ccccc21
OCNT-2317570,CYP2C9,3.890240293,4.385930956223027,0,MURCKO::O=C(CCc1ccccc1)N1CCCC(c2ncc[nH]2)C1
OCNT-2317594,CYP2C9,4.802125903,4.185725902599348,2,MURCKO::c1ccc(C2CCN(c3ccncn3)CC2)cc1
OCNT-2317602,CYP2C9,4.326239317,4.330439776454374,3,MURCKO::O=C(Nc1cccc(CC(=O)N2CCNCC2)c1)c1cc(C2CC2)[nH]n1
OCNT-2317607,CYP2C9,4.427195357,4.594854743403279,4,MURCKO::O=C(C1CCc2nncn2C1)N1CCOC(c2ccccc2)C1
OCNT-2317628,CYP2C9,4.574708653,4.888947034422907,0,MURCKO::O=S(=O)(c1ccccc1)N1CCC(c2ccccc2)CC1
OCNT-2317635,CYP2C9,4.397585832,4.313863864214136,2,MURCKO::O=S(=O)(Cc1ccno1)N1CCCc2ccccc21
OCNT-2317641,CYP2C9,3.684731713,4.476810341828563,1,MURCKO::O=C(CNc1cnn(-c2ccccc2)c1)N1CCC2(CC1)OCCO2
OCNT-2317652,CYP2C9,4.840467225,4.689023773478378,1,MURCKO::O=C(NCc1ccccc1)N1CC2(CC=CC2)C1
OCNT-2317664,CYP2C9,3.91979456,4.296486741293349,0,MURCKO::c1ccc(C2CNCCO2)cc1
OCNT-2317666,CYP2C9,3.613834993,4.920203306170835,3,MURCKO::O=S(=O)(c1c[nH]cn1)N1CCOC(C2CCC2)C1
OCNT-2317681,CYP2C9,4.391836107,4.057688392390329,4,MURCKO::O=C(Nc1cn[nH]c1)Nc1nc2c(s1)CCCCCC2
OCNT-2317684,CYP2C9,4.449016013,4.252515153360859,4,MURCKO::O=C(Nc1cccc(-c2nnn[nH]2)c1)N1CCC(c2cn[nH]c2)CC1
OCNT-2317688,CYP2C9,4.801253305,4.622640874598151,2,MURCKO::O=C(Nc1ccccc1)c1cccc(-c2ncn[nH]2)c1
OCNT-2317690,CYP2C9,4.58618615,4.371241829502814,1,MURCKO::O=C(CCc1ccccc1)N1CCCN(C(=O)C2COc3ccccc32)CC1
OCNT-2317693,CYP2C9,4.792989027,4.410886325261366,4,MURCKO::O=C(CCc1cn[nH]c1)N1CCN(C(=O)Cc2c[nH]c3ccccc23)CC1
OCNT-2317711,CYP2C9,3.957722187,4.679639087671214,3,MURCKO::O=C(Nc1cccnc1)N1CCOCC(C2CCC2)C1
OCNT-2317716,CYP2C9,4.637412722,4.908793285037603,2,MURCKO::O=C(OCC1CCC1)c1cnc2c(cnn2Cc2ccccc2)c1
OCNT-2317719,CYP2C9,5.164397147,4.593365942880651,4,MURCKO::O=C(COc1ccccc1)NCCc1c[nH]cn1
OCNT-2317749,CYP2C9,5.175510265,4.5008774405492185,3,MURCKO::O=C(c1cccnc1)N1CCC1c1ccccc1
OCNT-2317759,CYP2C9,4.379170112,4.571898046128765,1,MURCKO::O=C(Nc1cccc(Cc2ccccc2)c1)C1CCC1
OCNT-2317761,CYP2C9,5.33067279,5.405881861015689,4,MURCKO::O=C(Nc1cccc(-c2cn[nH]c2)c1)c1cnc2cn[nH]c2c1
OCNT-2317762,CYP2C9,3.984010352,4.241773602449025,1,MURCKO::c1ccc2c(c1)nc(N1CC(c3nc[nH]n3)C1)c1cncn12
OCNT-2317764,CYP2C9,4.61718712,4.819721832908308,3,MURCKO::O=C(NCc1nc2c(s1)CCCC2)Nc1nccs1
OCNT-2317779,CYP2C9,2.41753662,4.542272839148696,3,MURCKO::O=C(Nc1ccccc1)c1ccc2c(c1)C(=O)NC2=O
OCNT-2317807,CYP2C9,5.019831007,4.84215655985475,2,MURCKO::O=C(Nc1nc(-c2cccs2)cs1)C1CCCc2[nH]ncc21
OCNT-2317815,CYP2C9,4.517229793,4.662053221877382,4,MURCKO::O=C(CN1C(=O)NC(c2ccccc2)C1=O)NCc1nc2ccccc2s1
OCNT-2317816,CYP2C9,3.845194338,4.555139525185842,4,MURCKO::O=C(c1cc(-c2ccccc2)ccn1)N1CCOC2COCC21
OCNT-2317818,CYP2C9,5.111211362,4.396261760136906,3,MURCKO::O=C(NCc1ccccc1)N1CCC(n2ccnc2)CC1
OCNT-2317822,CYP2C9,4.424098863,4.55402220881733,2,MURCKO::O=C(NCCc1ccccn1)N1CCC(c2cnc[nH]2)CC1
OCNT-2317824,CYP2C9,3.79157462,4.3833769531469455,3,MURCKO::c1ccc(-n2cc(CN3CCN(Cc4ncccn4)CC3)cn2)cc1
OCNT-2317829,CYP2C9,4.716088678,4.595505907029514,2,MURCKO::O=C(c1cnc2n1CCCC2)N1CCN(c2ccccn2)CC1
OCNT-2317841,CYP2C9,4.607014355,4.724099143456427,4,MURCKO::O=C(NCc1ccccc1)N1CCCC1Cc1ccccc1
OCNT-2317849,CYP2C9,3.139899845,4.349210588983673,0,MURCKO::O=C(CN1CCCC1)Nc1nc(-c2ccccc2)cs1
OCNT-2317850,CYP2C9,5.287962765,4.637357798071889,1,MURCKO::O=C(NCc1ccncc1)c1cc2ccccc2[nH]1
OCNT-2317860,CYP2C9,4.138366385,4.638590492202789,3,MURCKO::O=C(NCc1ccccc1)NC1CC12CCOCC2
OCNT-2317868,CYP2C9,4.979475275,4.608110846891357,4,MURCKO::O=C(c1cc(-c2ccccc2)no1)N1CCC(n2cccn2)C1
OCNT-2317875,CYP2C9,3.795704135,4.4824072685554315,3,MURCKO::O=C(c1cc(C2CC2)n[nH]1)N1CCCN(Cc2ccon2)CC1
OCNT-2317887,CYP2C9,4.137693738,4.651261561857119,1,MURCKO::O=C(c1coc(-c2cn[nH]c2)n1)N1CCCc2ccccc21
OCNT-2317899,CYP2C9,4.24263638,4.59652068661442,0,MURCKO::O=C(NCCNC(=O)N1CCCC1c1ccccc1)c1cccnc1
OCNT-2317901,CYP2C9,5.151539188,4.929250546987795,1,MURCKO::O=C(NCc1ccc2occc2c1)NC1CCCc2cn(C3CCCC3)nc21
OCNT-2317910,CYP2C9,4.137389417,4.776949306920036,0,MURCKO::O=C(c1ccc(-c2cn[nH]c2)o1)N1CCCC(n2ccnn2)CC1
OCNT-2317914,CYP2C9,5.376227573,4.973918384048674,4,MURCKO::O=C(NCc1ccccc1)c1cc(N2CCOCC2)ccn1
OCNT-2317916,CYP2C9,4.416142008,4.083222401459047,0,MURCKO::O=C(CN1CCC(Cc2cccnc2)CC1)Nc1ccccc1
OCNT-2317925,CYP2C9,4.292089115,4.599100771968444,0,MURCKO::O=C(CN1CCC(c2ncno2)CC1)N1CCN(c2ccccc2)CC1
OCNT-2317926,CYP2C9,4.6586133,4.61365016184531,3,MURCKO::O=C(NCc1cnc2sccn12)C1CCCc2ccccc21
OCNT-2317943,CYP2C9,4.702331753,4.628505712543544,2,MURCKO::O=C(Nc1ccccn1)N1CCCc2[nH]ncc2C1
OCNT-2317946,CYP2C9,4.965095125,4.575863243662729,2,MURCKO::c1nc(NCc2ccc(N3CCOCC3)nc2)c2ccsc2n1
OCNT-2317952,CYP2C9,2.495478845,4.296278557560835,4,MURCKO::O=C(Cc1ccccc1)N1CCNCC1
OCNT-2317959,CYP2C9,4.111064397,4.334021658767273,3,MURCKO::c1ccc(-c2ncon2)cc1
OCNT-2317970,CYP2C9,3.587227655,4.282058575420193,4,MURCKO::O=C(CCCc1ccccc1)N1CCOCC1
OCNT-2317974,CYP2C9,3.95257361,4.568709109480777,1,MURCKO::O=C(Nc1ccc2c(c1)S(=O)(=O)CC2)C1CCCN1C(=O)Cc1ccccc1
OCNT-2317983,CYP2C9,5.491822847,4.447905459664212,3,MURCKO::c1ccc(OCc2nc(-c3ccccc3)no2)cc1
OCNT-2317990,CYP2C9,4.340869882,4.536927198413205,2,MURCKO::O=C(NC1(c2ccccc2)CC1)c1cccnc1
OCNT-2318005,CYP2C9,4.15453555,4.485089746078453,2,MURCKO::O=C(Cn1cc(C(=O)NC(c2cccnc2)C2CC2)cn1)NC1CCCCC1
OCNT-2318008,CYP2C9,4.867600475,4.211051901179285,2,MURCKO::O=c1cccc(-c2nc(C3(c4ccccc4)CCC3)no2)[nH]1
OCNT-2318019,CYP2C9,4.69974361,4.224640443043867,0,MURCKO::c1ccc(CCNCc2cccc3[nH]ccc23)cc1
OCNT-2318026,CYP2C9,5.58411089,4.50355810786975,1,MURCKO::O=C(Cc1ccccc1)NCc1ccccc1
OCNT-2318036,CYP2C9,5.014080273,4.606066695433512,2,MURCKO::O=C(NC1CCN(c2ccccc2)C1)c1ccccc1
OCNT-2318037,CYP2C9,3.975019492,4.776036536051073,4,MURCKO::O=C(c1cccnc1)N1CCC(Cn2cncn2)CC1
OCNT-2318042,CYP2C9,4.152542152,4.245662210622041,0,MURCKO::c1ccc(OC2CCN(CCN3CCOCC3)CC2)nc1
OCNT-2318046,CYP2C9,4.575574227,5.629364800668962,3,MURCKO::c1ccc(OC2CCN(c3ccncn3)CC2)nc1
OCNT-2318049,CYP2C9,4.629140947,4.508937147674495,3,MURCKO::O=C(NCC1CCCc2ccccc21)c1c[nH]nc1-c1ccccc1
OCNT-2318058,CYP2C9,5.645458675,4.517799985950064,0,MURCKO::O=C(OCc1ccccc1)N1CCN(c2cc(-c3ccccc3)nc3ncnn23)CC1
OCNT-2318061,CYP2C9,4.328460103,4.5678977094944875,4,MURCKO::O=C(c1ccc2[nH]ncc2c1)N1CCCC(C(=O)N2CCC(c3ccn[nH]3)CC2)C1
OCNT-2318067,CYP2C9,4.61103253,4.667458387191246,3,MURCKO::c1ccc(CNC2CCC23CCC3)cc1
OCNT-2318092,CYP2C9,3.742395995,4.4770735555599535,3,MURCKO::O=C(NC1CCCc2[nH]ncc21)c1nc2ncccn2n1
OCNT-2318107,CYP2C9,4.637383277,4.44093377644814,0,MURCKO::O=C(NCc1ccc(-n2cccn2)cc1)c1c[nH]nc1-c1ccccc1
OCNT-2318114,CYP2C9,3.265350053,4.416355500968947,1,MURCKO::O=C(NCCN1CCOCC1)c1cccnc1
OCNT-2318117,CYP2C9,5.665634967,4.711613687037774,2,MURCKO::O=C(Nc1ccccn1)C1CCCN(C(=O)C2(c3ccccc3)CC2)C1
OCNT-2318123,CYP2C9,4.014755577,5.185074532999779,4,MURCKO::O=C(NCc1cn[nH]c1)N1CCC(Oc2ccncc2)C1
OCNT-2318153,CYP2C9,5.06948446,4.538032688522321,0,MURCKO::O=C(Nc1ccc2[nH]ncc2c1)C1CCN(c2cnccn2)CC1
OCNT-2318171,CYP2C9,4.604067557,4.4945542062351755,0,MURCKO::O=C(Cc1cn2ccccc2n1)NC1CCCOc2ccccc21
OCNT-2318177,CYP2C9,4.593093462,4.4752918749832356,2,MURCKO::O=C(Cc1cnc2ccccc2c1)N1CCCC(Cc2ncc[nH]2)C1
OCNT-2318193,CYP2C9,5.055347473,4.217229615661002,4,MURCKO::O=S(=O)(c1cc2ccccc2o1)N1CCNCC1c1ccccc1
OCNT-2318216,CYP2C9,5.540528757,4.859875977030265,4,MURCKO::O=C(NC1CCc2cn[nH]c2C1)c1cc2ccccc2s1
OCNT-2318240,CYP2C9,4.77069997,4.233073150881869,4,MURCKO::c1cc(Cn2cc(C34CC5CC(CC(C5)C3)C4)nn2)no1
OCNT-2318242,CYP2C9,3.734503483,4.341231254178649,4,MURCKO::O=S(=O)(CCn1cnnn1)N1CCC1c1ccccc1
OCNT-2318244,CYP2C9,4.306990983,4.611715225716432,3,MURCKO::O=C(CN1C(=O)NC2(CCc3ccccc32)C1=O)NCc1ccc(-n2ccnc2)cc1
OCNT-2318253,CYP2C9,4.86659431,4.382594613192906,0,MURCKO::O=C(NCc1ccccc1)NC1CC1c1ccccc1
OCNT-2318254,CYP2C9,2.529692298,4.431028143436971,2,MURCKO::O=C(NCC(=O)N1CCCC2(CCOCC2)C1)C1CCCC1
OCNT-2318259,CYP2C9,4.725947345,4.539942727960297,3,MURCKO::O=C(NCc1cc2ccccc2o1)C(c1ccccc1)N1CCCCC1
OCNT-2318261,CYP2C9,4.263361048,4.653354666594047,3,MURCKO::c1ccc(-c2cc(N3CCOC4(CCOC4)C3)n3ncnc3n2)cc1
OCNT-2318275,CYP2C9,5.020528093,4.4599084674904015,2,MURCKO::O=C(NC1CCCN(c2ccccc2)C1)c1ccc2nncn2c1
OCNT-2318294,CYP2C9,5.693059887,4.514102827256938,0,MURCKO::O=C(COc1ccccc1)Nc1ccc(OC2COC2)cc1
OCNT-2318308,CYP2C9,4.742093865,4.679886477099269,4,MURCKO::O=C(Nc1cc(CC2CCCCC2)n[nH]1)c1ccc2nn[nH]c2c1
OCNT-2318340,CYP2C9,6.476960755,5.117037735357449,1,MURCKO::O=C(NCc1ccc(-n2ccnc2)cc1)c1ccccc1
OCNT-2318341,CYP2C9,3.599922762,4.982724116298511,1,MURCKO::O=C(CN1CCOCC1)NC1(Cc2ccccc2)CCOC1
OCNT-2318344,CYP2C9,3.991314042,4.462052688599973,1,MURCKO::O=C(c1ccc(-c2ccccc2)cc1)N1CCCC1
OCNT-2318348,CYP2C9,4.530504152,4.441387519273618,3,MURCKO::O=S(=O)(c1cc2ccccc2s1)N1CCNCC1
OCNT-2318350,CYP2C9,5.150496282,4.486337843485323,4,MURCKO::O=C(Nc1cnn(C2CCC2)c1)N1CCC(c2ccccc2)CC1
OCNT-2318364,CYP2C9,4.493756185,4.3976150724904635,1,MURCKO::c1ccc(-c2noc(-c3cccnc3)n2)nc1
OCNT-2318366,CYP2C9,4.814672103,4.5009108879680495,3,MURCKO::O=S(=O)(c1ccccc1)N1CCN(c2cnccn2)CC1
OCNT-2318371,CYP2C9,4.330760547,4.718086935685692,4,MURCKO::c1ccc(NCC2CCC(c3ncn[nH]3)O2)nc1
OCNT-2318376,CYP2C9,6.35345312,4.465191272661936,2,MURCKO::c1ccc2c(-c3nnco3)c[nH]c2c1
OCNT-2318388,CYP2C9,4.445425165,4.767532416238942,2,MURCKO::O=C(Nc1ccnn1C1CCC1)C1CC1c1ccccc1
OCNT-2318392,CYP2C9,5.45155657,4.885098120677891,4,MURCKO::O=C(Cc1ccccc1)Nc1cc(C2CCOCC2)[nH]n1
OCNT-2318395,CYP2C9,5.846871845,4.4364277384211865,0,MURCKO::O=C(Nc1nc2ccccc2s1)c1cc(C2CC2)[nH]n1
OCNT-2318405,CYP2C9,5.134713935,4.688991741050348,3,MURCKO::c1ccc(CNC2CCOc3ccccc32)cc1
OCNT-2318423,CYP2C9,4.495757232,4.821653170637629,3,MURCKO::O=C(c1cscn1)N1CCC(Cn2cncn2)CC1
OCNT-2318449,CYP2C9,2.609108175,4.469321146878348,0,MURCKO::O=C1CCC(n2cnc3ccccc3c2=O)C(=O)N1
OCNT-2318456,CYP2C9,3.853915698,4.299086033058508,1,MURCKO::O=C(Nc1ccc(N2CCNCC2)nc1)c1ccc2ccccc2n1
OCNT-2318463,CYP2C9,3.431913418,4.6047961687804335,4,MURCKO::O=C(Nc1c[nH]nc1-c1nccs1)N1CCCCC1
OCNT-2318468,CYP2C9,4.632911925,4.9641713182736265,0,MURCKO::O=c1cccnn1Cc1cccc2c1CCOC2
OCNT-2318483,CYP2C9,4.75841283,4.736098628168073,2,MURCKO::O=S(=O)(NCC1CCOC1)c1cccnc1
OCNT-2318484,CYP2C9,4.98031472,4.461823642778144,2,MURCKO::O=C(NCc1c[nH]c(=O)c2ccccc12)N1CC2(CC=CC2)C1c1ccccc1
OCNT-2318487,CYP2C9,4.756882037,4.53728989876746,4,MURCKO::O=C1CN(C(=O)NC(c2ccccc2)c2ccccc2)CCN1
OCNT-2318539,CYP2C9,3.714084918,4.3344868430141075,4,MURCKO::O=C1NN=CC1CCNc1ncnc2[nH]ccc12
OCNT-2318546,CYP2C9,4.807603055,4.929236097795915,1,MURCKO::O=C(Cc1cnoc1)N1CCC(Cc2ccccc2)CC1
OCNT-2318547,CYP2C9,4.8195112,4.312534762893042,1,MURCKO::c1ccc(-c2noc(CC3CC4CC4C3)n2)cc1
OCNT-2318555,CYP2C9,5.296508428,4.7725902361292905,4,MURCKO::O=S(=O)(Nc1ccccn1)c1ccnn1C1CCC1
OCNT-2318558,CYP2C9,4.028682997,4.405635867306796,4,MURCKO::O=c1ccn2c(c1-c1noc(C3CC3c3ccc4c(c3)OCCO4)n1)CCC2
OCNT-2318572,CYP2C9,5.107121982,4.66521130952532,0,MURCKO::O=C(Cc1n[nH]c2ccccc12)N1CCOC(c2ccccc2)C1
OCNT-2318603,CYP2C9,3.791073985,4.537456375316468,2,MURCKO::O=C(NCc1ccccc1)N1CCCCC1
OCNT-2318637,CYP2C9,4.370210617,4.7029039880269545,4,MURCKO::O=S(=O)(c1ccc2c(c1)CCO2)N1CCC1
OCNT-2318643,CYP2C9,4.767168082,4.606910123514859,3,MURCKO::O=C(Nc1cnc2[nH]ncc2c1)C1CCN(c2ccc3nncn3n2)CC1
OCNT-2318670,CYP2C9,5.835539912,4.8541079675052465,4,MURCKO::O=C(NCc1cccc(-c2nn[nH]n2)c1)c1ccc[nH]1
OCNT-2318691,CYP2C9,5.351833293,4.307936759260397,0,MURCKO::O=C1CNc2ccc(-c3nc(-c4ccc(N5CCCC5)nc4)no3)cc2N1
OCNT-2328321,CYP2C9,5.431467965,4.92384601878563,2,MURCKO::O=C(NC1CCCCC1)NS(=O)(=O)c1ccc(CCNC(=O)N2CC=CC2=O)cc1
OCNT-2328326,CYP2C9,4.63541701,4.685691403346262,4,MURCKO::c1ccc(COc2ccccc2)cc1
OCNT-2328327,CYP2C9,3.76391559,4.717650136558337,2,MURCKO::O=C(c1cccc(Cc2n[nH]c(=O)c3ccccc23)c1)N1CCN(C(=O)C2CC2)CC1
OCNT-2328330,CYP2C9,3.348292227,4.501952109090636,1,MURCKO::O=C(c1ccccc1)c1ccc2[nH]cnc2c1
OCNT-2328339,CYP2C9,4.37345684,4.389950786321183,2,MURCKO::O=C1CCc2cc(OCCCCc3nnnn3C3CCCCC3)ccc2N1
OCNT-2328341,CYP2C9,3.989116638,4.454976255803102,3,MURCKO::O=C(c1ccccc1)c1cccs1
OCNT-2328352,CYP2C9,3.938473065,4.764912805108596,2,MURCKO::O=c1n(CCCN2CCN(c3ccccc3)CC2)nc2ccccn12
OCNT-2328370,CYP2C9,3.917782455,4.593062605773946,2,MURCKO::c1ccc(OCCCN2CCOCC2)cc1
OCNT-2328371,CYP2C9,4.7204408,4.387603679219141,4,MURCKO::O=C1C2=CC3C(=O)C=CCC3CC2Cc2ccccc21
OCNT-2328400,CYP2C9,4.918141108,4.321774317081138,2,MURCKO::c1ccccc1
OCNT-2328402,CYP2C9,5.928811482,4.643354812095385,2,MURCKO::O=C(Nc1ccccn1)c1ccc2[nH]c(CNc3ccccc3)nc2c1
OCNT-2328416,CYP2C9,4.807877162,4.693967551279716,0,MURCKO::c1ccc2ncccc2c1
OCNT-2328449,CYP2C9,3.795196638,4.666682178749797,2,MURCKO::c1ccc(-c2nnn[nH]2)c(-c2ccc(Cn3cnc4ccccc43)cc2)c1
OCNT-2328455,CYP2C9,5.753006065,4.644246248012149,1,MURCKO::O=C(OCOC(=O)c1cccc2ncn(Cc3ccc(-c4ccccc4-c4nnn[nH]4)cc3)c12)OC1CCCCC1
OCNT-2328471,CYP2C9,4.478891253,5.222731782262255,1,MURCKO::O=C(Nc1cccc(-n2ccnc2)c1)c1cccc(Nc2nccc(-c3cccnc3)n2)c1
OCNT-2328503,CYP2C9,5.211837372,4.471549275471401,1,MURCKO::O=C(Cc1ccccc1)OCc1ccccn1
OCNT-2328599,CYP2C9,2.78048389,4.2409606909138375,1,MURCKO::c1ccc2c(CC3=NCCN3)cccc2c1
OCNT-2328619,CYP2C9,2.169963315,4.3069241665938565,2,MURCKO::c1ccccc1
OCNT-2328631,CYP2C9,2.21271684,4.4175048298509445,2,MURCKO::O=C1NCCN(C(=O)NC(C(=O)NC2C(=O)N3CCSC23)c2ccccc2)C1=O
OCNT-2328648,CYP2C9,4.094839015,4.21318035550034,0,MURCKO::c1ccc2c(c1)CCc1cccnc1C2=C1CCNCC1
OCNT-2328659,CYP2C9,3.735123157,4.762990015459366,0,MURCKO::C=C1c2ccccc2COc2ccccc21
OCNT-2328673,CYP2C9,5.21959919,4.777993749378469,0,MURCKO::c1ccc2ncccc2c1
OCNT-2328725,CYP2C9,2.193225572,4.261005829928919,2,MURCKO::O=C(Nc1ccccn1)c1ccc2[nH]c(CNc3ccccc3)nc2c1
OCNT-2328732,CYP2C9,4.542202823,4.338676902476236,0,ACYCLIC::6ccc32d828a862f1
OCNT-2328767,CYP2C9,4.703912005,4.839070992890936,0,MURCKO::O=C1C=CC2C(CCC3C4CCCC4CCC23)N1
OCNT-2328771,CYP2C9,4.533667937,4.7379186010690155,2,MURCKO::O=C1C=C2CCC3C4CCCC4CCC3C2CC1
OCNT-2328774,CYP2C9,2.097982888,4.089493061506483,4,ACYCLIC::7e9538167bbc774d
OCNT-2328777,CYP2C9,2.56417243,4.568302752296822,2,MURCKO::c1ccccc1
OCNT-2328797,CYP2C9,3.673003337,4.370759457681081,1,MURCKO::O=C(Cc1ccccc1)NC1C(=O)N2C=C(CSc3nnn[nH]3)CSC12
OCNT-2328798,CYP2C9,4.187137015,4.674781799995769,2,MURCKO::c1ccccc1
OCNT-2328849,CYP2C9,2.110043877,4.147046260994319,1,ACYCLIC::79d6e08f6a3697ab
OCNT-2328869,CYP2C9,4.030732687,4.673244076099338,4,MURCKO::O=C1OCC2C(OC3CCC4OCOCC4O3)c3cc4c(cc3C(c3ccccc3)C12)OCO4
OCNT-2328873,CYP2C9,4.083228975,4.566437094614162,2,MURCKO::C1=C2CCCCC2C2CCC3CCCC3C2C1
OCNT-2328892,CYP2C9,6.342905652,5.026976538897877,2,MURCKO::c1ccc(Oc2ccccc2)cc1
OCNT-2328941,CYP2C9,3.366181195,4.5676038184103405,2,MURCKO::c1ccccc1
OCNT-2328955,CYP2C9,3.817187388,4.350470827191005,1,MURCKO::C1=CCCCC1
OCNT-2328985,CYP2C9,4.69347433,4.277006800913854,1,MURCKO::C1CCC2C(C1)CCC1C3CCCC3CCC21
OCNT-2328994,CYP2C9,3.962793613,3.913096511008221,3,MURCKO::c1ccc(Nc2ccnc3ccccc23)cc1
OCNT-0018684,CYP2D6,4.615706783,4.886878648361689,0,MURCKO::c1ccc2ccccc2c1
OCNT-0020887,CYP2D6,4.45672162,5.21474397738039,2,MURCKO::c1ccccc1
OCNT-0021749,CYP2D6,5.467465685,4.853829353481023,3,MURCKO::O=S(=O)(c1cccc2cnccc12)N1CCCNCC1
OCNT-0022006,CYP2D6,5.018758378,4.9334748404698665,4,MURCKO::O=C(c1ccc(OCCN2CCCCC2)cc1)c1c(-c2ccccc2)sc2ccccc12
OCNT-0022012,CYP2D6,5.16473218,4.874649687672473,3,MURCKO::c1ccc(C(CCN2CCCCC2)C2CCCCC2)cc1
OCNT-0022107,CYP2D6,5.186117497,5.178905434352194,3,MURCKO::O=c1n(CCOc2ccccc2)cnn1CCCN1CCN(c2ccccc2)CC1
OCNT-0022119,CYP2D6,6.170296065,5.552740537747985,2,MURCKO::c1ccc2c(c1)Sc1ccccc1N2CCCN1CCNCC1
OCNT-0022126,CYP2D6,4.470200998,4.774084207117868,2,MURCKO::c1ccc(OCCCN2CCC(c3noc4ccccc34)CC2)cc1
OCNT-0022127,CYP2D6,4.515749103,4.775555908746247,4,MURCKO::O=C(CCCN1CCC(c2ccccc2)CC1)c1ccccc1
OCNT-0022128,CYP2D6,4.314528733,4.6436532378271025,3,MURCKO::O=C1CCc2ccc(OCCCCN3CCN(c4ccccc4)CC3)cc2N1
OCNT-0022137,CYP2D6,4.600892027,4.696058591664387,4,MURCKO::O=c1c(CCN2CCC(c3noc4ccccc34)CC2)cnc2n1CCCC2
OCNT-0022139,CYP2D6,4.698939887,4.4297887031348875,0,MURCKO::c1ccc2c(c1)N=C(N1CCNCC1)c1ccccc1O2
OCNT-0022141,CYP2D6,6.16785525,4.964869118070143,3,MURCKO::c1ccc2c(c1)Sc1ccccc1N2CCC1CCCCN1
OCNT-0022142,CYP2D6,4.946460652,4.621699135184846,3,MURCKO::O=C1c2cc[nH]c2CCC1CN1CCOCC1
OCNT-0022215,CYP2D6,6.673307633,4.783715560425062,2,MURCKO::c1ccc(C(c2ccccc2)C2CCN(CCc3ccc4c(c3)CCO4)C2)cc1
OCNT-0022237,CYP2D6,5.05540735,4.752767306175967,1,MURCKO::c1ccc2c[n+]3c(cc2c1)-c1cc2c(cc1CC3)OCO2
OCNT-0022246,CYP2D6,5.58116284,4.992546965199189,2,MURCKO::c1ccc2c(c1)Sc1ccccc1N2CCCN1CCNCC1
OCNT-0022254,CYP2D6,5.638113973,5.108367625971548,4,MURCKO::c1ccc2c(c1)Nc1ccccc1S2
OCNT-0022266,CYP2D6,5.54198825,5.322975965266519,4,MURCKO::c1ccc2c(c1)Nc1ccccc1S2
OCNT-0022267,CYP2D6,5.992036087,5.354695208567975,4,MURCKO::c1ccc2c(c1)Nc1ccccc1S2
OCNT-0022268,CYP2D6,6.068059857,5.32348796881069,2,MURCKO::c1ccc2c(c1)Sc1ccccc1N2CCCN1CCNCC1
OCNT-0022269,CYP2D6,5.655250823,5.170918780495121,3,MURCKO::c1ccc2c(c1)Sc1ccccc1N2CCCN1CCCCC1
OCNT-0022271,CYP2D6,5.429762353,4.912185402588572,0,MURCKO::O=c1[nH]c2ccccc2n1C1CCN(CCCC(c2ccccc2)c2ccccc2)CC1
OCNT-0022281,CYP2D6,5.695252392,4.979510423653805,4,MURCKO::O=C(CCCN1CCCCC1)c1ccccc1
OCNT-0022288,CYP2D6,5.73767089,5.3366800507785594,2,MURCKO::c1ccc2c(c1)Sc1ccccc1N2CCCN1CCNCC1
OCNT-0022291,CYP2D6,5.42724906,4.824851552604468,4,MURCKO::O=C(CCCN1CC=C(n2c(=O)[nH]c3ccccc32)CC1)c1ccccc1
OCNT-0022294,CYP2D6,5.835926223,5.002233300390268,4,MURCKO::c1ccc2c(c1)Nc1ccccc1S2
OCNT-0022297,CYP2D6,4.35820127,4.623708380292065,0,MURCKO::O=c1ccc2ccc(OCCCCN3CCN(c4cccc5sccc45)CC3)cc2[nH]1
OCNT-0022301,CYP2D6,5.102518413,4.879555682430055,0,MURCKO::O=C(CCCN1CCC(n2c(=O)[nH]c3ccccc32)CC1)c1ccccc1
OCNT-0022303,CYP2D6,5.206108255,4.555393404084663,0,MURCKO::c1ccc2c(c1)N=C(N1CCNCC1)c1ccccc1O2
OCNT-0022315,CYP2D6,5.916376775,4.837943255623706,0,MURCKO::c1ccc(N2CCN(CCCOc3cccc4ccccc34)CC2)cc1
OCNT-0022317,CYP2D6,4.51168127,4.734400247966038,4,MURCKO::c1ccc(OCCNCCc2ccc3c(c2)CCN3)cc1
OCNT-0283087,CYP2D6,5.723180218,4.650871663929362,0,MURCKO::O=C(c1cc2ccccc2[nH]1)N1CCn2cncc2C1
OCNT-0381046,CYP2D6,6.27227232,4.739958681846037,2,MURCKO::O=C(CCc1ccccc1)c1ccccc1
OCNT-0476550,CYP2D6,6.336989297,4.898589161455184,0,MURCKO::c1ccc2nc3ccccc3cc2c1
OCNT-0476578,CYP2D6,4.493955152,4.886780480555672,0,MURCKO::[N+]=c1ccc2nc3ccccc3sc-2c1
OCNT-0477348,CYP2D6,5.106191628,4.761254455907294,4,MURCKO::c1ccc2c(c1)CCc1ccccc1N2
OCNT-0477587,CYP2D6,5.183893105,4.979397526423452,0,MURCKO::c1ccc(C2CCCC2)cc1
OCNT-0478484,CYP2D6,4.793473192,5.029648219994686,4,MURCKO::c1ccc2c(c1)CCc1ccccc1N2
OCNT-0478585,CYP2D6,4.753511095,5.31297775862112,3,MURCKO::c1ccc2nc3c(cc2c1)CCCC3
OCNT-0483502,CYP2D6,4.43952215,4.8110865575959725,0,MURCKO::O=c1oc2ccccc2cc1Cc1cc2ccccc2oc1=O
OCNT-0483505,CYP2D6,4.495205617,4.853588239815903,4,MURCKO::O=c1ccc2cc3ccoc3cc2o1
OCNT-0493312,CYP2D6,2.277052242,4.776509691590719,0,MURCKO::c1ccc2c(c1)CCc1cccnc1C2=C1CCNCC1
OCNT-0493664,CYP2D6,4.995767028,4.758431201581324,2,MURCKO::O=C(Nc1c[nH]n(-c2ccccc2)c1=O)c1cccnc1
OCNT-0493764,CYP2D6,5.111952795,4.714646160770306,1,MURCKO::c1ccc(CCNCCCOc2ccccc2)cc1
OCNT-0493927,CYP2D6,2.132256025,4.7010313854070045,0,MURCKO::O=C1Nc2ccccc2C(C#CC2CC2)O1
OCNT-0493940,CYP2D6,5.2824111,4.540384525175591,4,MURCKO::c1ccc(N(CC2=NCCN2)c2ccccc2)cc1
OCNT-0493990,CYP2D6,4.768259075,4.5421588589058395,4,MURCKO::O=C(Nc1ccccc1)Nc1ccc(Oc2ccncc2)cc1
OCNT-0494023,CYP2D6,4.17417411,4.8146533212146,0,MURCKO::c1ccc(Nc2ncnc3ccc(OCCCN4CCOCC4)cc23)cc1
OCNT-0494139,CYP2D6,4.412231055,5.082225188752096,2,MURCKO::c1ccc(-c2ccnn2-c2ccccc2)cc1
OCNT-0494161,CYP2D6,4.907063575,5.440398528046274,2,MURCKO::c1ccc2c(CC3CC4CCN3CC4)ccnc2c1
OCNT-0494166,CYP2D6,4.560219538,4.76038413765238,2,MURCKO::O=C1C=C2CCC3C4CCCC4CCC3C2CC1
OCNT-0494811,CYP2D6,4.703618768,4.629989974312636,1,MURCKO::O=C(NCCN1CCOCC1)c1ccccc1
OCNT-0495153,CYP2D6,5.68881332,4.718412414184467,1,MURCKO::c1ccc(CN2CCN(C(c3ccccc3)c3ccccc3)CC2)cc1
OCNT-0495216,CYP2D6,4.812598903,4.788946801523542,3,MURCKO::c1ccc(CC2CCCCC2)cc1
OCNT-0495340,CYP2D6,4.374838627,4.538574374740697,2,MURCKO::O=C(CNC(=O)NCc1cscn1)NC(CCC(Cc1ccccc1)NC(=O)OCc1cncs1)Cc1ccccc1
OCNT-0495493,CYP2D6,4.522101552,4.886468248446076,1,MURCKO::O=C1OC(c2ccccc2)(c2ccccc2)c2ccccc21
OCNT-0495620,CYP2D6,4.70201188,4.238241502382277,1,MURCKO::C1CCC2C(C1)CCC1C3CCCC3CCC21
OCNT-0496415,CYP2D6,4.258582557,4.8735967291040545,4,MURCKO::O=C1CC=CCCCCC2CCCC(O2)C(=O)C(=O)N2CCCCC2C(=O)OC(C=CC2CCCCC2)CCC1
OCNT-0496475,CYP2D6,5.264508453,4.733995209895296,1,MURCKO::c1ccc(CN2CCc3sccc3C2)cc1
OCNT-0496647,CYP2D6,5.04174318,4.952683875722029,1,MURCKO::c1ccc(Cn2c3c(c4ccccc42)CNCC3)cc1
OCNT-0497719,CYP2D6,2.393250545,4.5369944704903435,1,MURCKO::O=C(Cc1ccc(-c2ccccc2)cc1)Nc1ccccn1
OCNT-0497954,CYP2D6,4.805625338,4.707764443689671,2,MURCKO::C=C1c2ccccc2Sc2ccccc21
OCNT-0497979,CYP2D6,6.411201408,5.409976777381883,0,MURCKO::c1ccc2ccccc2c1
OCNT-0497986,CYP2D6,5.001328997,4.615248632223542,3,MURCKO::O=S1(=O)NCNc2ccccc21
OCNT-0497994,CYP2D6,2.584787373,4.772786010509858,0,MURCKO::C1=CC(c2ccccc2)C=CN1
OCNT-0498030,CYP2D6,4.283116052,4.628601842678524,2,MURCKO::O=C(Cc1cccc(C(=O)c2ccccc2)c1)Nc1ccccn1
OCNT-0498067,CYP2D6,4.252101198,4.758210614224078,3,MURCKO::O=C1C(CCCc2ccccc2)C(c2ccccc2)N1c1ccccc1
OCNT-0713834,CYP2D6,2.01608401,4.419568105246837,1,MURCKO::O=C(Nc1ccccc1)c1c[nH]c2ccccc2c1=O
OCNT-0713835,CYP2D6,4.47176306,4.667565432675869,2,MURCKO::O=C(NS(=O)(=O)c1cn[nH]c1)c1ccc(-n2cccn2)nc1N1CCCC1
OCNT-1411118,CYP2D6,4.527574418,4.459622566362216,4,MURCKO::C(CCN1CCCCC1)=C(c1cccs1)c1cccs1
OCNT-1893991,CYP2D6,5.078495465,4.969964807866438,1,MURCKO::O=C(NC1CCN(CCc2c[nH]c3ccccc23)CC1)c1ccccc1
OCNT-1893994,CYP2D6,4.071877675,5.432717274407184,1,MURCKO::O=C(Nc1ccccc1)C1CCCCN1
OCNT-1893998,CYP2D6,4.305505883,4.230991831253903,2,MURCKO::c1ccccc1
OCNT-1911794,CYP2D6,7.46628706,5.850718526854992,2,MURCKO::c1ccc2c(CC3CC4CCN3CC4)ccnc2c1
OCNT-1911799,CYP2D6,4.377315923,4.9213493182845225,4,MURCKO::c1cc(NC2=NCCN2)c2nsnc2c1
OCNT-1911800,CYP2D6,5.785331985,5.081657090616469,4,MURCKO::c1ccc(C2CCNCC2COc2ccc3c(c2)OCO3)cc1
OCNT-1965934,CYP2D6,5.505079818,5.34705111934834,1,MURCKO::O=C(Nc1ccccc1)C1CCCCN1
OCNT-2077048,CYP2D6,5.005570732,4.923354709621451,2,MURCKO::c1ccccc1
OCNT-2127780,CYP2D6,4.790040613,4.964314438231189,2,MURCKO::c1ccc(Cc2ccccc2)cc1
OCNT-2308466,CYP2D6,2.830466513,4.848972999111689,2,MURCKO::O=C(NCC1CCN(Cc2cccs2)CC1)c1cccc(-n2cccn2)n1
OCNT-2308478,CYP2D6,4.977149855,4.759235884677382,2,MURCKO::O=C(NC1CCOc2ccccc21)c1c[nH]nc1C1CCCNC1
OCNT-2308483,CYP2D6,2.082371522,4.66614446547132,4,MURCKO::c1ccc2ncc(-c3c[nH]c4cnccc34)cc2c1
OCNT-2308499,CYP2D6,4.561984723,4.686123836711623,4,MURCKO::c1ccc(N2CC(Oc3cn[nH]c3)C2)cc1
OCNT-2308519,CYP2D6,3.385210702,4.806909884023439,1,MURCKO::O=c1c2cncn2c2ccccc2n1CC1C2CCCCCC21
OCNT-2308520,CYP2D6,5.012302395,4.8528065809087,2,MURCKO::O=C(NCc1ccc(-n2ccnc2)nc1)NC1COc2ccccc21
OCNT-2308523,CYP2D6,4.37545704,5.173586854043914,1,MURCKO::O=C(Nc1ccncc1)c1cccc(NC(=O)C2CNCCO2)c1
OCNT-2308526,CYP2D6,4.701132065,4.49090995504721,2,MURCKO::c1ccc(N2CCNCC2)c(CNC2CCCCC2)c1
OCNT-2308537,CYP2D6,4.533113725,4.609170287644401,1,MURCKO::c1ccc2oc(C3CCCCN3Cc3nnc4n3CCCCC4)nc2c1
OCNT-2308543,CYP2D6,4.797625327,4.523022836675933,1,MURCKO::O=C(Cc1coc(-c2ccccc2)n1)N1CCNCC1
OCNT-2308546,CYP2D6,4.679070262,4.9148579318325725,1,MURCKO::O=C(Nc1c[nH]c2ccccc12)C1CC1c1cnc[nH]1
OCNT-2308571,CYP2D6,4.360274913,4.617815291383154,0,MURCKO::O=C(NCCc1nnc(-c2ccccc2)o1)c1ccccc1
OCNT-2308588,CYP2D6,5.612441365,4.824839849708251,2,MURCKO::c1ccc(Oc2ccnc(N3CCCNCC3)n2)cc1
OCNT-2308589,CYP2D6,2.079459163,4.718774083639168,0,MURCKO::c1ccc2nc(N3CCCC(c4ccn[nH]4)C3)ccc2c1
OCNT-2308599,CYP2D6,2.025409553,4.692271796562389,0,MURCKO::O=S(=O)(Nc1cccc(S(=O)(=O)N2CCCCCC2)c1)c1ccc2c(c1)OCO2
OCNT-2308603,CYP2D6,6.912598577,4.740539899931777,0,MURCKO::c1ccc(CCNCc2ccccc2-n2cncn2)cc1
OCNT-2308609,CYP2D6,4.795514462,4.532399266421157,4,MURCKO::c1ccc2c(c1)CCCC2NCc1nnc[nH]1
OCNT-2308610,CYP2D6,5.157251315,4.666183324544821,0,MURCKO::O=C(Cn1cc(-c2cccnc2)nn1)N1CC2CCCCC21c1ccccc1
OCNT-2308624,CYP2D6,4.532522875,4.784445088597844,4,MURCKO::O=C(NCCc1ccncc1)C1NCCOc2ccccc21
OCNT-2308630,CYP2D6,3.826484278,4.627803978526627,2,MURCKO::O=C(c1cccs1)N1CC2(CCCC2)c2ccccc21
OCNT-2308638,CYP2D6,4.740541735,4.5973153018996875,1,MURCKO::O=C(Nc1ccc(-c2cncnc2)cc1)C1CC2CC2C1
OCNT-2308640,CYP2D6,5.671216787,4.653287755723415,2,MURCKO::O=C(c1ccc(NS(=O)(=O)c2ccccc2)cc1)N1CCC(c2cn[nH]c2)CC1
OCNT-2308641,CYP2D6,4.55688638,4.692608505602269,3,MURCKO::O=C(Cn1c(=O)[nH]c2ccccc21)NCc1ccc(-n2ccnc2)nc1
OCNT-2308647,CYP2D6,4.29210171,4.77546881468229,1,MURCKO::c1c[nH]c(CC2CCN(Cc3cn[nH]c3)CC2)n1
OCNT-2308660,CYP2D6,4.824518455,4.735277350392284,0,MURCKO::O=C(NCCc1cn[nH]c1)c1cn(-c2ccccc2)cn1
OCNT-2308661,CYP2D6,4.33835974,4.6534391296251965,0,MURCKO::c1ccc(-c2cn(Cc3ccn4nccc4n3)nn2)cc1
OCNT-2308666,CYP2D6,4.223028345,4.434215155146361,2,MURCKO::O=C(Cn1ccnc1)N1N=C(c2ccccc2)CC1c1ccccc1
OCNT-2308676,CYP2D6,4.945531675,4.526314539325951,0,MURCKO::c1ccc(-c2nccc(N3CCC(Oc4cnccn4)CC3)n2)cc1
OCNT-2308682,CYP2D6,2.714225955,5.204114006390373,2,MURCKO::O=c1c2ccccc2c(-c2nc(Cn3cncn3)no2)nn1Cc1ccccc1
OCNT-2308683,CYP2D6,4.45826283,4.47049525552176,4,MURCKO::O=C1CSc2cc(NC(=O)N3CCCC3Cc3ccccc3)ccc2N1
OCNT-2308684,CYP2D6,4.678832895,5.142444298578723,1,MURCKO::O=C(NCCc1ccccc1)c1cc(-c2ccncc2)nc2ccccc12
OCNT-2308710,CYP2D6,4.343477857,4.439080713885369,0,MURCKO::O=C(NC1CCN(C(=O)c2ccccc2)CC1)c1ccccc1
OCNT-2308724,CYP2D6,4.683762397,4.703385399052834,0,MURCKO::O=C(NCc1nnnn1-c1ccccc1)Nc1ccccc1
OCNT-2308752,CYP2D6,4.618252147,4.729642846882671,3,MURCKO::c1ccc(CC2CCN(c3ccncn3)C2)cc1
OCNT-2308766,CYP2D6,4.82836169,5.411531421424391,1,MURCKO::O=C(COc1ccccc1)NC1CCC(NC2CCNC2)CC1
OCNT-2308774,CYP2D6,2.000956098,4.548531519886,1,MURCKO::O=C(NCc1ccccc1)c1cc(-c2ccccc2)[nH]n1
OCNT-2308775,CYP2D6,4.904511807,4.915335345177208,2,MURCKO::c1ccc(CNc2cnn(-c3ccccc3)c2)cc1
OCNT-2308782,CYP2D6,5.8092887,4.821926635999761,3,MURCKO::c1ccc(CNC2CCN(c3cccnn3)CC2)cc1
OCNT-2308794,CYP2D6,5.387554947,4.744279716255839,3,MURCKO::O=C(NCCN1CCCCCC1)c1ncc2ccccn12
OCNT-2308798,CYP2D6,4.282659655,4.5494290805883075,0,MURCKO::O=C(Nc1cccnc1C1CC1)c1cn(-c2ccccc2)nn1
OCNT-2308800,CYP2D6,4.808035037,4.623458832694924,0,MURCKO::O=C(c1ccc[nH]1)N1CCCCC1
OCNT-2308810,CYP2D6,3.131869342,4.670196374112342,0,MURCKO::O=C(NCC1CCN(c2ccccc2)C1)c1c[nH]c2ncccc12
OCNT-2308818,CYP2D6,6.9427113,4.71602608986519,0,MURCKO::c1ccc(-c2nc(N3CCC(Oc4cnccn4)CC3)c3ccccc3n2)nc1
OCNT-2308832,CYP2D6,3.92076868,4.646832981327455,2,MURCKO::c1ccc2ocnc2c1
OCNT-2308837,CYP2D6,5.777608648,5.126904417461769,4,MURCKO::c1ccc(CCNCc2cccc(-n3ccnc3)c2)cc1
OCNT-2308839,CYP2D6,2.445397223,4.832729463473717,2,MURCKO::c1cn(-c2ccc3c(c2)OCO3)nn1
OCNT-2308851,CYP2D6,4.957006015,4.579283737349459,3,MURCKO::O=c1[nH]c(CN2CCCCC2)nc2c1cnn2-c1ccccc1
OCNT-2308854,CYP2D6,4.815805045,4.991913959023316,1,MURCKO::O=C(NCc1cccc(Cn2ccnc2)c1)c1cn2ccccc2n1
OCNT-2308858,CYP2D6,4.672973843,4.774959511586683,2,MURCKO::O=C(CC1CCc2ccccc21)Nc1ccc2c(c1)CCNC2=O
OCNT-2308864,CYP2D6,4.387594248,4.5677875898600195,2,MURCKO::O=C(NC1CCc2ccccc2C1)c1ccccc1-c1nnco1
OCNT-2308872,CYP2D6,4.703796022,4.765428984770595,4,MURCKO::O=C(NCc1cccs1)C1CC1c1ccncc1
OCNT-2308879,CYP2D6,4.738641598,4.812391986352541,2,MURCKO::O=C(NCc1ccccc1)N1CCCCCC1c1ccncc1
OCNT-2308899,CYP2D6,4.397846657,4.464407754273795,3,MURCKO::c1ccc(CCNc2ccn(-c3ncccn3)n2)cc1
OCNT-2308903,CYP2D6,6.056284738,4.860137719510689,3,MURCKO::c1ccc(CCCn2cc(-c3cnc[nH]3)nn2)cc1
OCNT-2308915,CYP2D6,5.561224163,4.816076314336772,2,MURCKO::O=C(NCc1cn[nH]c1)N1CCC(Cc2ccccc2)CC1
OCNT-2308924,CYP2D6,2.045151022,4.839982092653964,3,MURCKO::O=C(NC1CCC1)c1cccc(Nc2nccs2)c1
OCNT-2308941,CYP2D6,2.196784495,4.735242714840606,1,MURCKO::O=C(NCc1cc2ccccc2o1)c1cccc(-n2cnnn2)c1
OCNT-2308945,CYP2D6,2.70724508,4.494606681111736,2,MURCKO::O=C(Nc1cn[nH]c1)N1CCc2ccccc21
OCNT-2308952,CYP2D6,4.806376463,4.573778389943406,2,MURCKO::c1ccc2c(c1)CCC2NCc1noc2c1COCC2
OCNT-2308954,CYP2D6,4.59730531,5.026226590441556,0,MURCKO::O=C1Cc2cc(S(=O)(=O)Nc3cccc(-c4ncco4)c3)ccc2N1
OCNT-2308968,CYP2D6,5.032580607,4.548095509077241,4,MURCKO::O=C(NCc1ccccc1)NCc1cccc(Cn2cnc3ccccc32)c1
OCNT-2308971,CYP2D6,3.763564688,5.040967918951686,3,MURCKO::O=C(NCc1ccc[nH]c1=O)NC(c1ccccc1)C1CCCC1
OCNT-2308982,CYP2D6,5.201062245,4.824848529562272,3,MURCKO::O=C(NCC12CNCC1C2)c1ccn[nH]1
OCNT-2308998,CYP2D6,3.938411765,4.71737562684632,4,MURCKO::O=C(Nc1ccccc1)c1cncc(-c2ccccc2)c1
OCNT-2309000,CYP2D6,4.671842395,5.267577427493746,0,MURCKO::O=C(COC1CCCCC1)NCC1CCN(CCc2ccccc2)C1
OCNT-2309003,CYP2D6,2.220852298,4.856309793230929,4,MURCKO::O=C(NC(c1ccccc1)c1ccc2[nH]cnc2c1)C1CCN(c2ccccc2)C1
OCNT-2309014,CYP2D6,5.679755865,4.573697540031903,4,MURCKO::O=C(NC1CCCc2ccccc21)c1cccc2[nH]c(=O)oc12
OCNT-2309041,CYP2D6,4.621541817,4.625445339120383,2,MURCKO::O=C(CSc1nncn1-c1ccccc1)NCCCn1cccn1
OCNT-2309057,CYP2D6,4.60538449,4.5365322457429365,1,MURCKO::O=C(NCc1nnc2n1CCCC2)C1COc2ccccc21
OCNT-2309065,CYP2D6,4.35484073,4.857514392171022,0,MURCKO::c1ccc2c(OCCCc3noc(Cc4cnoc4)n3)cccc2c1
OCNT-2309084,CYP2D6,1.963048488,4.800907311248953,0,MURCKO::O=C1Nc2ccc(S(=O)(=O)Nc3cc(C4CC4)n[nH]3)c3cccc1c23
OCNT-2309101,CYP2D6,4.351744877,4.787204137176737,4,MURCKO::O=C(Nc1ccccn1)C1CCCN(Cc2csnn2)C1
OCNT-2309109,CYP2D6,6.39092459,4.960609366228438,0,MURCKO::c1ccc(CCNC2CCc3ccccc32)cc1
OCNT-2309135,CYP2D6,4.30954278,4.688111850531138,1,MURCKO::O=C(c1cccs1)N1CCC(CCN2CCOCC2)CC1
OCNT-2309139,CYP2D6,6.002880787,5.083814856710536,3,MURCKO::O=C(NCc1ccc(-n2ccnc2)nc1)c1c[nH]c2ccccc12
OCNT-2309149,CYP2D6,5.258979828,4.700130659542596,2,MURCKO::c1ccc(OC2CCN(c3nnco3)CC2)cc1
OCNT-2309157,CYP2D6,4.500912945,5.0536756682505235,0,MURCKO::O=C(Nc1ccn(-c2ccccc2)n1)N1CCCCC1c1cn[nH]c1
OCNT-2309162,CYP2D6,5.30771717,5.088244982886084,0,MURCKO::c1ccc(CC2CCNC2)cc1
OCNT-2309174,CYP2D6,4.517965167,4.606072156372583,0,MURCKO::O=C(c1ccccc1)N1CCC(Cn2ccnn2)CC1
OCNT-2309179,CYP2D6,5.208824898,4.914683492263245,2,MURCKO::c1ccc(NCc2ccc(-n3ccnc3)cc2)nc1
OCNT-2309181,CYP2D6,5.497688715,4.5022201982173495,3,MURCKO::O=C(Cc1cn[nH]c1)NC1CCN(Cc2ccccc2)C1
OCNT-2309187,CYP2D6,4.574240568,4.993105069944809,4,MURCKO::O=C(CNC(=O)c1cccs1)NCc1ccccc1-n1ccnc1
OCNT-2309193,CYP2D6,4.146567835,5.1836067658537335,3,MURCKO::O=C(NCCc1cccs1)N1CCCC1
OCNT-2309194,CYP2D6,6.527767573,4.8851239114147464,0,MURCKO::O=C(NCC1Cc2ccccc2C1)c1coc2ccccc12
OCNT-2309206,CYP2D6,2.218895237,4.7859646608991895,0,MURCKO::O=C(NCCCc1ccccc1)Nc1ccccc1
OCNT-2309207,CYP2D6,5.594462638,4.636086039218348,2,MURCKO::O=C(CN1CC(=O)Nc2ccccc2C1)Nc1ccccc1
OCNT-2309214,CYP2D6,5.034287603,4.613771812868809,3,MURCKO::O=S(=O)(c1ccccc1)N1CCNCC1c1ccccc1
OCNT-2309246,CYP2D6,4.421305337,4.639740149031916,4,MURCKO::O=C(c1cnc2ccccn12)N1CCN(C2CC2)c2ccccc21
OCNT-2309252,CYP2D6,4.53308634,5.132617862909367,4,MURCKO::O=C(c1cc(-c2ccncc2)on1)N1CCCCC1
OCNT-2309256,CYP2D6,6.03976059,4.671579864100082,3,MURCKO::O=C(c1cccs1)N1CCC2NCCCC2C1
OCNT-2309262,CYP2D6,2.055729005,4.531986934012988,3,MURCKO::O=S(=O)(Nc1ccc(-n2cccn2)cc1)c1ccccc1
OCNT-2309265,CYP2D6,4.820187105,4.700759536098034,0,MURCKO::c1cc(CCN2CCN(c3ncnc4[nH]ncc34)CC2)ccn1
OCNT-2309277,CYP2D6,5.322218073,4.819793057149132,3,MURCKO::O=C(NCc1ccccc1)c1cc2ccccc2s1
OCNT-2309284,CYP2D6,5.05666323,4.656060554186326,1,MURCKO::O=C(NCC1CCN(c2ccccc2)C1)c1ccc(-n2cnnn2)cc1
OCNT-2309291,CYP2D6,4.4642586,4.794010592507421,2,MURCKO::O=C(COc1ccccc1)N1CCCC1c1ncc[nH]1
OCNT-2309292,CYP2D6,5.004099337,4.814681633563044,1,MURCKO::O=C(Cc1ccccc1)N1CCN(c2cc(C3CC3)n[nH]2)CC1
OCNT-2309302,CYP2D6,5.669179068,5.328140664024773,3,MURCKO::O=C(NCC1C2Cc3ccccc3C12)c1cc2ccccc2[nH]1
OCNT-2309338,CYP2D6,4.517929203,4.647256427527479,3,MURCKO::c1ccc(CNCc2c[nH]nn2)cc1
OCNT-2309342,CYP2D6,4.887505255,4.625593298961466,3,MURCKO::c1ccc2[nH]c(NCC3(N4CCOCC4)CCC3)nc2c1
OCNT-2309351,CYP2D6,5.412311752,4.809124931854164,3,MURCKO::O=C(NCC1(N2CCOCC2)CCCCC1)c1c[nH]cc1-c1cccs1
OCNT-2309368,CYP2D6,5.279088677,4.634832543897581,1,MURCKO::O=C(NCc1cccc(C2NC(=O)NC2=O)c1)Nc1ccc(-c2ccncc2)cc1
OCNT-2309371,CYP2D6,4.49137587,4.906530800770907,2,MURCKO::O=C(Nc1ccncc1)C1(c2ccccc2)CC1
OCNT-2309372,CYP2D6,5.00270215,4.441411511827951,1,MURCKO::O=S(=O)(c1ccccc1)N1CCN(C2CCOCC2)CC1
OCNT-2309377,CYP2D6,4.15024103,4.59666799587191,4,MURCKO::O=C(CCc1ccccc1)N1CCC(Cc2cccnc2)CC1
OCNT-2309379,CYP2D6,4.354577762,4.801589872351091,3,MURCKO::O=C(C1CCCOC1c1ccccc1)N1CC(Cc2cn[nH]c2)C1
OCNT-2309390,CYP2D6,4.479350962,4.64893601966763,1,MURCKO::c1ccc(-c2cnc(SCc3nccs3)[nH]2)cc1
OCNT-2309398,CYP2D6,4.5833125,5.145099462990066,4,MURCKO::O=C(NCC(c1ccccc1)c1c[nH]c2ccccc12)C1CC1
OCNT-2309402,CYP2D6,4.361858233,4.707558789370183,0,MURCKO::O=C(c1coc2ccccc12)N1CCN(Cc2ncc[nH]2)CC1
OCNT-2309424,CYP2D6,4.272804338,4.788897528823984,2,MURCKO::c1ccc(CCn2cc(CN3CCCC3)nn2)cc1
OCNT-2309429,CYP2D6,4.231383845,4.543408672357198,2,MURCKO::c1cncc(-c2nc(N3CCCC3)c3ccsc3n2)c1
OCNT-2309434,CYP2D6,5.434160313,4.828978901129757,2,MURCKO::O=S(=O)(c1cnn(C2CCCC2)c1)N1CCNCC1c1ccccc1
OCNT-2309435,CYP2D6,4.78945537,4.69073675115839,4,MURCKO::c1ccc(NCc2csc(-c3cn[nH]c3)n2)nc1
OCNT-2309439,CYP2D6,4.284685697,4.63207163618873,2,MURCKO::O=C(NCCc1ccccc1)N1CCCC1CN1CCOCC1
OCNT-2309445,CYP2D6,4.303172358,4.865460309331855,1,MURCKO::c1cc(NCc2cccs2)cc(-c2cn(CC3CCCNC3)nn2)c1
OCNT-2309447,CYP2D6,2.003072748,4.630255794274778,2,MURCKO::O=C(NCc1ccccc1)c1cc2ccccc2[nH]1
OCNT-2309448,CYP2D6,4.57077991,4.799437752479712,1,MURCKO::c1cncc(COc2cccc(-c3noc(C4CCCCC4)n3)c2)c1
OCNT-2309461,CYP2D6,4.396423975,4.901253460863874,3,MURCKO::O=C(NC1Cc2ccccc2NC1=O)C1CC1
OCNT-2309465,CYP2D6,2.394134305,4.607825282775215,2,MURCKO::O=C(Nc1ccc2[nH]cnc2c1)c1cc(-c2ccccc2)nn1CC1CC1
OCNT-2309466,CYP2D6,4.458210463,4.810310427818861,0,MURCKO::O=C(c1cccnc1)N1CCCC(c2ncc[nH]2)C1
OCNT-2309476,CYP2D6,4.673651312,4.6007467418856525,2,MURCKO::O=S(=O)(c1ccc2[nH]ncc2c1)N1CCNCC1c1ccccc1
OCNT-2309483,CYP2D6,4.437077415,4.558833761715401,1,MURCKO::O=C(Nc1ccccc1)N1CCOC(c2ccccc2)C1
OCNT-2309487,CYP2D6,4.77270833,4.5572014537016425,0,MURCKO::O=C(Nc1cccc2c1CCN2)NC1CC2CC2C1
OCNT-2309491,CYP2D6,4.341911315,4.79728592605621,0,MURCKO::O=C(Cc1csc(-c2ccc3c(c2)OCO3)n1)NC1CCc2[nH]ncc2C1
OCNT-2309502,CYP2D6,3.393216993,4.584802862931191,1,MURCKO::O=C1CCc2cc(-c3ccccc3)cc3c2N1CCC3
OCNT-2309505,CYP2D6,4.2697782,4.7670404783309985,3,MURCKO::O=C(COc1cccnc1)NC1CC2(CCOCC2)Oc2ccccc21
OCNT-2309511,CYP2D6,4.911090125,5.059121538305679,4,MURCKO::O=C(Nc1ccon1)C(NCCCn1ccnc1)c1ccccc1
OCNT-2309518,CYP2D6,4.763546113,4.5923558484610645,0,MURCKO::O=C(Nc1ccccc1)N1CCN(c2cnccn2)CC1
OCNT-2309520,CYP2D6,5.013470625,4.688968321780997,4,MURCKO::O=C(CCC(=O)N1CCCCC1)NC1CC1c1ccccc1
OCNT-2309527,CYP2D6,4.418213612,4.272678902243998,1,MURCKO::O=C(NCc1ccccc1)c1ncccn1
OCNT-2309539,CYP2D6,5.380498507,4.66316487712999,2,MURCKO::c1ccc2c(c1)CCN(c1ncnc3c1CCNCC3)C2
OCNT-2309546,CYP2D6,4.434372137,4.766621726744015,0,MURCKO::O=C(NCc1ccccc1-c1ccc(Cn2cccn2)cc1)N1CC2CC1C2
OCNT-2309549,CYP2D6,4.462573875,4.546515583594159,2,MURCKO::O=C(Nc1ccc2cc[nH]c2c1)c1ccccc1
OCNT-2309554,CYP2D6,5.617211242,4.617543947178637,2,MURCKO::c1ccc(CNCC2CCC(c3ncn[nH]3)O2)cc1
OCNT-2309565,CYP2D6,4.969772243,4.643324949113315,4,MURCKO::c1ccc(-c2noc(CC3CCNCC3)n2)nc1
OCNT-2309567,CYP2D6,5.088273115,5.031120084557381,3,MURCKO::c1ccc2c(C3CCN(c4ncnc5[nH]ncc45)CC3)c[nH]c2c1
OCNT-2309576,CYP2D6,4.935606362,4.838782212796669,0,MURCKO::O=C(C1CCSc2ccccc21)N1CCC(c2ccncn2)CC1
OCNT-2309577,CYP2D6,4.34909046,4.487852185731741,4,MURCKO::O=C(C1CCN(c2ccccc2)CC1)N1CCC1
OCNT-2309578,CYP2D6,3.852292495,4.741988856748592,0,MURCKO::O=C(Cc1cnn2ccccc12)N1CCCC1Cc1ccccc1
OCNT-2309581,CYP2D6,4.640990073,4.439636597234671,2,MURCKO::O=C(c1ccccc1)N1CCN2C(=O)CCC2C1
OCNT-2309582,CYP2D6,5.067188322,4.6230007535732724,4,MURCKO::O=C(CN1CCCCCC1)Nc1ccccc1
OCNT-2309589,CYP2D6,4.379761063,4.996019097968434,0,MURCKO::O=C(CS(=O)(=O)c1ccccc1)NCCCNc1ccccc1
OCNT-2309593,CYP2D6,5.51965537,4.763457527894621,3,MURCKO::c1ccc(-c2nn(-c3ccccc3)cc2CNCCc2nc[nH]n2)cc1
OCNT-2309595,CYP2D6,4.681517073,4.653119454974833,0,MURCKO::O=C(NC1(c2ccccc2)CC1)C1CCN(c2ccccn2)CC1
OCNT-2309599,CYP2D6,4.136853678,4.771818895357649,1,MURCKO::O=C(Nc1[nH]ncc1-c1ccc2c(c1)OCCO2)c1ccn(-c2ccccc2)n1
OCNT-2309602,CYP2D6,4.276122025,4.866917410866334,3,MURCKO::O=S(=O)(Nc1ccn(-c2ccccn2)n1)c1ccccc1
OCNT-2309614,CYP2D6,5.54515675,4.733087251811272,0,MURCKO::c1nc(NCC2COCCN2)c2nn[nH]c2n1
OCNT-2309634,CYP2D6,4.98585667,4.644067001391928,1,MURCKO::O=C(Nc1ccc2cn[nH]c2c1)N1CC=C(c2c[nH]c3ccccc23)CC1
OCNT-2309641,CYP2D6,4.624523775,4.564949578977318,3,MURCKO::O=C(Cc1cnn(-c2ccccc2)c1)N1CCc2ccccc21
OCNT-2309646,CYP2D6,4.56322221,4.711607229690334,0,MURCKO::c1ccc(C2CCNC2)cc1
OCNT-2309655,CYP2D6,4.595812623,4.459190968457422,3,MURCKO::O=C(NCCC1CCCCN1)NCc1cn(-c2ccccc2)nn1
OCNT-2309661,CYP2D6,3.403934743,4.756905522431196,2,MURCKO::O=C(CSc1ncc(-c2ccccc2)o1)NCc1ccccc1
OCNT-2309665,CYP2D6,2.102724975,4.943332180767317,1,MURCKO::O=C(Nc1nc2ccccc2s1)c1cccn1Cc1ccncc1
OCNT-2309670,CYP2D6,5.028736595,4.772020069803551,2,MURCKO::O=C(c1cccc(Nc2ccccc2)c1)N1CCN(C2=NS(=O)(=O)c3ccccc32)CC1
OCNT-2309676,CYP2D6,4.456160227,4.747806093887128,1,MURCKO::O=C(Nc1cccc(-n2cnnn2)c1)C1CCCNC1
OCNT-2309692,CYP2D6,3.26384948,4.570179798365277,1,MURCKO::O=C(CN1C(=O)NC(Cc2ccccc2)(c2ccccc2)C1=O)Nc1ccccc1
OCNT-2309697,CYP2D6,4.890540237,4.799586120227188,4,MURCKO::O=C(NCc1ccccc1)C1CCN(CC2CCC2)C1
OCNT-2309699,CYP2D6,4.526403688,4.816103971592814,2,MURCKO::O=C(Cc1ccc2c(c1)OCCO2)Nc1cnccc1-c1ccccc1
OCNT-2309702,CYP2D6,4.638122052,4.923294411749962,1,MURCKO::O=C(NCC1CCCCN1)c1sccc1S(=O)(=O)N1CCc2ccccc21
OCNT-2309728,CYP2D6,4.978560573,4.654565174319471,1,MURCKO::O=C1Cc2cc(NS(=O)(=O)c3cccc(-c4ccccc4)c3)ccc2N1
OCNT-2309730,CYP2D6,4.851135392,4.761475770352591,0,MURCKO::O=C(c1cncc(-c2ccc3c(c2)CCO3)c1)N1c2ccccc2C2CNCCC21
OCNT-2309752,CYP2D6,5.17905231,4.761122783841206,1,MURCKO::C1=Nc2nc3cc4c(cc3n2C(c2cccc(OCc3ccccc3)c2)N1)OCCCO4
OCNT-2309755,CYP2D6,4.395583258,4.645659945309703,1,MURCKO::O=C1Nc2ccccc2CC1NCc1cn[nH]c1C1CC1
OCNT-2309757,CYP2D6,5.23549608,4.626821049183867,2,MURCKO::c1ccc(NCc2ncn3c2CCCC3)nc1
OCNT-2309758,CYP2D6,4.817660003,4.658104704998209,4,MURCKO::c1ccc2c3c([nH]c2c1)CCC(Nc1ncns1)C3
OCNT-2309776,CYP2D6,7.08157569,4.797957235259736,2,MURCKO::c1ccc(-c2n[nH]cc2CN2CCN(C3CCOCC3)CC2)cc1
OCNT-2309787,CYP2D6,5.005770848,4.725711426291781,0,MURCKO::c1ccc(CNC2(c3ncccn3)CC2)cc1
OCNT-2309801,CYP2D6,4.673633565,4.884145536753908,4,MURCKO::O=C(c1cscn1)N1CCc2ccccc2C1
OCNT-2309804,CYP2D6,4.77042854,4.830742289627075,2,MURCKO::O=C(NCC1CC1)Nc1ccc(-n2ccnn2)cc1
OCNT-2309817,CYP2D6,4.965197052,4.7302666458562985,4,MURCKO::c1cnc(N2CCCC3c4nc[nH]c4CCC32)nc1
OCNT-2309819,CYP2D6,5.471543947,4.694038816437171,1,MURCKO::O=C(NCC1Cc2ccccc2O1)Nc1ccncc1
OCNT-2309836,CYP2D6,4.636173695,5.0477884493364,1,MURCKO::O=C(Nc1ccc(OCCN2CCCCC2)cc1)c1cccc(Cn2ccnc2)c1
OCNT-2309844,CYP2D6,5.284160867,5.078937202531735,4,MURCKO::O=C(Nc1ccccc1)N1CCCC(n2ccnc2)C1
OCNT-2309846,CYP2D6,5.762859247,5.056022409095155,4,MURCKO::O=C(CNC(=O)c1ccccc1)Nc1ccc(Cn2ccnc2)cc1
OCNT-2309864,CYP2D6,4.437198148,4.788621030468665,4,MURCKO::O=C(CSc1ccccc1C(=O)NCC1COCO1)Nc1ccc2c(c1)OCO2
OCNT-2309866,CYP2D6,6.220280083,5.206470719589399,4,MURCKO::O=C(Nc1ccc(SCCN2CCCC2)cc1)c1cccc(Cn2ccnc2)c1
OCNT-2309867,CYP2D6,4.750066065,5.029408234205808,0,MURCKO::O=C(Cn1nnc2ccccc21)NCc1cccc(-c2ccncc2)c1
OCNT-2309871,CYP2D6,5.25134928,4.811303533618503,0,MURCKO::O=C1CCCC(C(=O)Nc2ccc(Oc3ccncc3)cc2)N1
OCNT-2309879,CYP2D6,5.033517508,4.624650669858409,2,MURCKO::O=C(Cc1c[nH]c2ncccc12)N1CCOc2ccccc21
OCNT-2309880,CYP2D6,4.329587508,4.700342399701194,3,MURCKO::O=C(Nc1ccccn1)C1Cc2ccccc2S1(=O)=O
OCNT-2309885,CYP2D6,4.642903758,4.680486122169211,0,MURCKO::O=C(c1ccc(-c2ccccc2)cc1)N1CCSCC1
OCNT-2309893,CYP2D6,4.750333077,4.791076729860421,2,MURCKO::O=C(NCCn1cccc1)c1cn[nH]c1-n1cccc1
OCNT-2309900,CYP2D6,5.4999317,4.967152596857779,3,MURCKO::O=C(Nc1ccnn1C1CCC1)N1CCc2ccccc2C1
OCNT-2309901,CYP2D6,4.399624023,4.820210122459821,0,MURCKO::O=C(NCCc1c[nH]c2ccccc12)c1cncc2[nH]ccc12
OCNT-2309922,CYP2D6,5.516911278,4.859466311962996,3,MURCKO::O=C(Nc1cncc2ccccc12)C1CCOc2ccccc21
OCNT-2309935,CYP2D6,2.04733052,4.7512171339388605,0,MURCKO::c1cc(C2CC2)ccc1OCc1cc2n(n1)CCCC2
OCNT-2309936,CYP2D6,4.480524932,5.037603782497127,2,MURCKO::c1nc(N2CC(c3ncc(C4CC4)cn3)C2)c2cc[nH]c2n1
OCNT-2309940,CYP2D6,4.478287435,4.81758531282013,4,MURCKO::c1ccc(COc2cccc3cc[nH]c23)cc1
OCNT-2309942,CYP2D6,5.80017892,4.534043919974497,0,MURCKO::O=S(=O)(NC1CCNC12CCCC2)c1cccc2cccnc12
OCNT-2309963,CYP2D6,4.91648705,4.835536412692795,4,MURCKO::c1ccc2c(NCCc3ccc4[nH]ccc4c3)ncnc2c1
OCNT-2309973,CYP2D6,6.112826623,4.959485937101929,4,MURCKO::c1nc(CN2CCCCC2C2CCCCC2)co1
OCNT-2309977,CYP2D6,4.780683557,4.820074046777942,0,MURCKO::O=S(=O)(NC12CCCC1CNC2)c1ccccc1
OCNT-2309987,CYP2D6,6.246195765,4.674271732420168,3,MURCKO::O=S(=O)(CCNCc1cc2ccccc2nc1N1CCCCC1)c1ccccc1
OCNT-2309990,CYP2D6,5.231734955,4.760099054972512,0,MURCKO::c1cncc(Oc2ccc(CNC3CCC(Cn4cccn4)C3)cc2)c1
OCNT-2310006,CYP2D6,4.813623608,4.787133612927764,0,MURCKO::O=C(CCNC(=O)c1c[nH]c2ccccc12)Nc1ccc(-n2cnc3ccccc32)cc1
OCNT-2310008,CYP2D6,2.009413738,4.57637483406669,2,MURCKO::c1c(-c2noc(C3CC4(CCC4)C3)n2)n[nH]c1C1CC1
OCNT-2310010,CYP2D6,5.115861845,4.778052137926189,4,MURCKO::O=C(CN1CCc2ccccc2CC1)NC(c1ccccc1)c1nccs1
OCNT-2310018,CYP2D6,3.165873505,4.735482864050082,4,MURCKO::c1ccc2c(c1)CCN(c1nccn3nccc13)CC2
OCNT-2310019,CYP2D6,1.96021925,4.90950047479599,2,MURCKO::O=C(COc1ccccc1)OCc1cc(=O)oc2ccccc12
OCNT-2310024,CYP2D6,4.575766957,4.915257368049272,3,MURCKO::c1ccc2c(c1)CCCC2NCC1CCOC1
OCNT-2310035,CYP2D6,5.727459315,4.739565269816652,0,MURCKO::O=C(Nc1ccccc1)N1CCc2cnccc2C1
OCNT-2310041,CYP2D6,4.71020044,4.747421191970218,3,MURCKO::O=C(CN1CCN(c2nc3ccccc3s2)CC1)Nc1ccccc1
OCNT-2310050,CYP2D6,5.234369557,4.920866987125368,2,MURCKO::c1ccc(-c2cnco2)cc1
OCNT-2310061,CYP2D6,4.454191563,4.836410310458479,2,MURCKO::O=C(NCc1ccnc(-n2cncn2)c1)NC1CCCc2ccccc21
OCNT-2310066,CYP2D6,5.80726313,4.764688465021202,2,MURCKO::O=S(=O)(NCCNc1cnccn1)c1ccccc1
OCNT-2310067,CYP2D6,6.041477758,5.087686826311572,1,MURCKO::O=S(=O)(c1ccccc1-c1ccccc1)N1CCC(c2ccno2)CC1
OCNT-2310076,CYP2D6,5.355084695,4.608072715574284,0,MURCKO::O=C(NCC1CCCCNC1)c1cn(-c2ccccc2)nn1
OCNT-2310088,CYP2D6,4.64539815,4.93952735725801,4,MURCKO::O=C(Nc1ccc(Oc2ccccc2)cc1)c1cccs1
OCNT-2310095,CYP2D6,5.200771175,5.078763730634044,1,MURCKO::c1ccc(-c2ccc(CNCc3cn[nH]c3)cc2)cc1
OCNT-2310096,CYP2D6,2.176043605,4.714793860246789,4,MURCKO::O=C(Nc1cccnc1)NC1CCCc2sc(-c3ccccc3)nc21
OCNT-2310114,CYP2D6,2.037006363,4.588697767610402,3,MURCKO::c1ccc(-c2csc(Nc3ccc(Cn4cncn4)cc3)n2)cc1
OCNT-2310120,CYP2D6,2.51847933,4.844078194552383,4,MURCKO::O=C(c1ccnc(NCc2ccco2)n1)N1CCc2sccc2C1
OCNT-2310123,CYP2D6,4.767935308,4.797501631346027,4,MURCKO::O=C(NC1(Cc2ccccc2)CCOC1)c1ccn(-c2ccon2)c1
OCNT-2310136,CYP2D6,2.076707695,4.590795523972332,1,MURCKO::O=C(NCc1ccccc1)c1cccc2cc[nH]c12
OCNT-2310153,CYP2D6,4.78452492,4.833508587914958,0,MURCKO::O=C(NC1CCN(c2ccccc2)C1)c1cnn[nH]1
OCNT-2310161,CYP2D6,6.273570915,5.1702249029727785,2,MURCKO::c1ccc(C(NCc2ccc(-n3ccnc3)cc2)c2ncc[nH]2)cc1
OCNT-2310167,CYP2D6,4.75309599,4.573530283814835,0,MURCKO::O=C(NCCCc1ccccc1)Nc1ccccc1
OCNT-2310174,CYP2D6,4.724097408,4.535651950506124,3,MURCKO::c1ccc(-c2nnc(CN3CCn4c(cc5ccccc54)C3)o2)cc1
OCNT-2310178,CYP2D6,4.82825322,4.653270834765959,0,MURCKO::O=C(NCCc1ccccc1)c1c[nH]nc1-c1cccnc1
OCNT-2310180,CYP2D6,5.36237939,4.857339808460033,1,MURCKO::O=C(NCC1CCCC1)c1ccc(-c2ccncc2)s1
OCNT-2310188,CYP2D6,2.35053275,4.694985972204909,3,MURCKO::c1cc(-c2cn[nH]c2)ccc1NCc1nn[nH]n1
OCNT-2310193,CYP2D6,4.493461017,4.576176535467807,0,MURCKO::O=C(NC1(c2ccccc2)CC1)c1ccc(N2CCOCC2)nc1
OCNT-2310197,CYP2D6,4.303319457,4.7978673311801545,0,MURCKO::c1ccc2c(c1)CCC2Nc1ccc2nncn2n1
OCNT-2310201,CYP2D6,5.075189547,4.4313797618678565,2,MURCKO::O=c1cc(CNc2ccccc2)nc2ccccn12
OCNT-2310214,CYP2D6,1.946780292,4.826130673074029,3,MURCKO::c1ccc(NCc2c[nH]nc2-c2cccs2)cc1
OCNT-2310222,CYP2D6,2.040247085,4.89326127848612,2,MURCKO::O=C(NCc1ccccc1)NCc1cc2ccccc2[nH]1
OCNT-2310250,CYP2D6,4.515868185,4.9912259999657875,3,MURCKO::O=C(CCc1c(-c2ccccc2)[nH]c2ccccc12)Nc1ccon1
OCNT-2310252,CYP2D6,3.21653553,4.686407497971514,4,MURCKO::O=C(CNC(=O)c1cn(-c2ccccc2)nc1-c1cccnc1)Nc1ccccc1
OCNT-2310258,CYP2D6,2.26047958,4.632314424619578,0,MURCKO::O=C(Cc1cn(-c2ccccc2)nc1-c1ccccc1)Nc1cccnc1
OCNT-2310262,CYP2D6,4.488517362,4.781294201555884,1,MURCKO::O=C(c1ccccc1)N1CCN(c2ccccn2)CC1
OCNT-2310292,CYP2D6,5.395895972,4.765681932732211,2,MURCKO::O=C(Nc1ccccc1)N1CCOC(c2ccsc2)C1
OCNT-2310303,CYP2D6,5.481127608,4.722073226715853,0,MURCKO::c1ccc(-c2csc(Cn3ccnn3)n2)cc1
OCNT-2310304,CYP2D6,1.996329052,4.752554060470024,1,MURCKO::c1ccc(Oc2ccc(Oc3ccnc(-c4cccnc4)n3)cn2)cc1
OCNT-2310310,CYP2D6,5.851700248,4.911303541312233,4,MURCKO::c1cnc2c(NCCCCN3CCCCC3)ncnc2c1
OCNT-2310311,CYP2D6,5.449095072,4.753452993820216,0,MURCKO::c1ccc(-c2n[nH]cc2CNC2CCc3ccccc3C2)cc1
OCNT-2310312,CYP2D6,5.550957415,4.791519004429232,1,MURCKO::O=C(c1ccc2c(c1)C(=O)N(Cc1ccncc1)C2=O)N1CCc2c([nH]c3ccccc23)C1
OCNT-2310324,CYP2D6,2.104721338,4.797803194880224,0,MURCKO::O=C(NCc1ccc(C2CC2)cc1)c1cc2occc2[nH]1
OCNT-2310336,CYP2D6,5.0412681,4.789159790050695,4,MURCKO::O=C(C1CCNC(c2ccccc2)C1)N1CCCC(c2ccccc2)C1
OCNT-2310337,CYP2D6,5.558205412,5.143570701643958,1,MURCKO::O=C(NCC1CCCN1c1ccncn1)c1cc2ccccc2[nH]1
OCNT-2310340,CYP2D6,4.4006855,4.4465707481737216,2,MURCKO::c1ccc(CCNc2nnc(-c3ccon3)s2)cc1
OCNT-2310342,CYP2D6,4.643247685,5.013640830765834,1,MURCKO::O=C(Nc1cc(-c2ccccc2)n[nH]1)c1cccc(CNc2ccncn2)c1
OCNT-2310344,CYP2D6,2.08928974,4.602823849499355,2,MURCKO::O=C(NCc1cccs1)c1cc(-c2cscn2)c[nH]1
OCNT-2310353,CYP2D6,4.91651345,4.714902818463925,1,MURCKO::O=C(Nc1ccc2nc[nH]c2c1)c1ccc(C2CC2)cc1
OCNT-2310355,CYP2D6,4.59424021,4.801656393255397,2,MURCKO::c1cnc(-n2cncn2)c(CNC2CCCCC2)c1
OCNT-2310374,CYP2D6,4.832850535,4.783483191789381,2,MURCKO::O=c1ccnc2sc(N3CCC(Oc4cnccn4)CC3)nn12
OCNT-2310378,CYP2D6,5.334976388,4.863444133801667,2,MURCKO::O=C(NCCc1nc2c(s1)CCCC2)NCc1ccc(-n2ccnc2)nc1
OCNT-2310397,CYP2D6,4.497099885,4.621843074937324,1,MURCKO::O=C(NCCCN1CCOCC1)c1ccccc1
OCNT-2310398,CYP2D6,4.655835553,4.530211499170048,0,MURCKO::O=S(=O)(c1ccccc1)N1CCC(c2cn[nH]c2)CC1
OCNT-2310401,CYP2D6,5.908671838,4.466881387857068,4,MURCKO::O=C(CN1CCN(C2CCc3ccccc32)CC1)Nc1ccon1
OCNT-2310404,CYP2D6,2.27170838,4.787627552694455,3,MURCKO::O=C(Cc1ccccc1)NC1CC(c2ccccc2)C1
OCNT-2310417,CYP2D6,4.807962778,4.8746095788114,3,MURCKO::O=C(NCc1ccc(-n2ccnc2)nc1)c1ccnc2[nH]ncc12
OCNT-2310418,CYP2D6,4.6058799,4.817625684463594,4,MURCKO::O=C(NCC1(c2ccncc2)CCCC1)c1ccc(NC(=O)c2ccccc2)cc1
OCNT-2310433,CYP2D6,6.077275615,4.88212565655977,2,MURCKO::O=C(c1ccnc(-n2ccnc2)c1)N1CCOc2ccccc2C1
OCNT-2310436,CYP2D6,4.65242682,4.738668418809372,0,MURCKO::c1ccc(NCc2cccnc2)cc1
OCNT-2310437,CYP2D6,4.706699085,4.59709174673462,4,MURCKO::O=C(CN1CCOCC1=O)NCc1ccc(-n2ccnc2)cc1
OCNT-2310440,CYP2D6,6.62229506,5.186414339920512,3,MURCKO::O=C(NCc1ccc(-n2ccnc2)cc1)c1cccc(NC(=O)c2ccccc2)c1
OCNT-2310442,CYP2D6,5.686585445,4.847863847774544,2,MURCKO::c1ccc(C(CNC2CCc3cn[nH]c3C2)N2CCCCC2)cc1
OCNT-2310447,CYP2D6,5.852477645,4.949733308725744,4,MURCKO::O=C(NCc1ccc(-n2ccnc2)nc1)c1ccco1
OCNT-2310448,CYP2D6,2.541736832,4.496645060528749,1,MURCKO::O=C(Cn1nnc(-c2ccccc2)n1)Nc1cccc(-c2nnn[nH]2)c1
OCNT-2310450,CYP2D6,5.994918962,4.944579083465399,1,MURCKO::O=C(c1cccc2cnccc12)N1CCN(c2nc(-c3cccs3)cs2)CC1
OCNT-2310453,CYP2D6,4.211133418,4.960049979425678,4,MURCKO::c1ccc(C2(NCc3nnn[nH]3)CCCCC2)cc1
OCNT-2310458,CYP2D6,2.052914187,4.412112607983421,0,MURCKO::O=S(=O)(Nc1ccccc1)c1cc2ccccc2s1
OCNT-2310465,CYP2D6,2.321939205,4.830926951411824,1,MURCKO::O=C(Nc1cccc(-c2nnc[nH]2)c1)c1cccnc1
OCNT-2310469,CYP2D6,4.427315033,4.904901254698027,4,MURCKO::O=C(Nc1ccccc1)NC1CCN(c2ccccn2)C1
OCNT-2310470,CYP2D6,6.446488673,4.856308388088484,0,MURCKO::O=C(CCc1ccccc1)N1CCC(c2cccc3cnccc23)CC1
OCNT-2310478,CYP2D6,5.602696508,4.872454708262058,1,MURCKO::c1ccc(CCN2CCN(Cc3nccs3)CC2)cc1
OCNT-2310481,CYP2D6,4.891956715,5.029775937371909,1,MURCKO::O=C(NCc1ccc(-n2ccnc2)cc1)NCc1cn[nH]c1
OCNT-2310486,CYP2D6,4.394962288,4.785082035495712,1,MURCKO::O=C(NCC1CCc2cn[nH]c2C1)c1cnc2sccn12
OCNT-2310492,CYP2D6,5.279725628,4.61941620035793,2,MURCKO::O=c1cc(CNCc2ccc(OCc3cccnc3)cc2)nc2ccccn12
OCNT-2310494,CYP2D6,4.850859632,4.822498695562077,3,MURCKO::O=C1NCCC1CCn1cc(-c2ccc3cnccc3c2)nn1
OCNT-2310498,CYP2D6,4.90725313,4.568012109843017,1,MURCKO::c1nn(CC2CCC2)cc1CN1CC(C2CCOCC2)C1
OCNT-2310500,CYP2D6,4.397598207,5.200801620814987,2,MURCKO::c1ccc2cc(OCCCN3CCCCC3)ccc2c1
OCNT-2310513,CYP2D6,4.804007323,4.779917686945482,3,MURCKO::O=C(NCc1cccnc1-n1ccnc1)C1CC(=O)N(c2ccccc2)C1
OCNT-2310514,CYP2D6,6.788253808,5.136764745248467,3,MURCKO::O=C(NCCCc1ccccc1)NCc1cccc(-n2ccnc2)c1
OCNT-2310518,CYP2D6,5.015409928,4.984806187052463,1,MURCKO::O=C(NCCc1ccncc1)c1ccc(S(=O)(=O)Nc2ccccc2)cc1
OCNT-2310539,CYP2D6,2.867100462,4.503071540323051,1,MURCKO::O=C(CN1C(=O)c2ccccc2C1=O)NC1CC=CCC1
OCNT-2310555,CYP2D6,3.457433948,4.87978320601459,3,MURCKO::O=C(Cc1n[nH]c(=O)c2ccccc12)NCc1ccnc(-n2ccnc2)c1
OCNT-2310560,CYP2D6,4.577813117,4.8127992156053025,2,MURCKO::c1ccc(-c2nc(CN3CCCC3)co2)cc1
OCNT-2310562,CYP2D6,4.484070133,4.660042198312706,0,MURCKO::O=C(NCc1ccc2occc2c1)C1CCN(C(=O)c2ccccc2)CC1
OCNT-2310580,CYP2D6,4.67877771,5.02321962510891,2,MURCKO::c1csc(-c2n[nH]cc2CNCc2ccc(N3CCCCC3)cc2)c1
OCNT-2310581,CYP2D6,6.626563685,5.08594642634087,4,MURCKO::O=C(NCc1ccc(-n2ccnc2)cc1)c1ccco1
OCNT-2310583,CYP2D6,4.086618592,4.672276703187906,2,MURCKO::O=C(Nc1cn[nH]c1)N1CCOCC1
OCNT-2310598,CYP2D6,4.517697545,4.907981167808565,3,MURCKO::c1ccc(CCN2CCN(c3nc4cccnc4s3)CC2)cc1
OCNT-2310605,CYP2D6,5.83714999,5.0786075719768355,2,MURCKO::O=C(NCc1ccc(-n2ccnc2)nc1)c1ccccc1
OCNT-2310606,CYP2D6,2.08517502,4.615078182388217,1,MURCKO::O=C(NCCc1ccn(-c2ccccc2)n1)c1ccccc1
OCNT-2310611,CYP2D6,4.546951897,4.657528029931624,1,MURCKO::O=C(CNC(=O)c1ccccc1)NC1CCOc2ccccc21
OCNT-2310613,CYP2D6,6.613189975,4.901430328014024,1,MURCKO::O=C(NC1CCN(C2CCCC2)CC1)c1ccccc1
OCNT-2310624,CYP2D6,2.657685158,4.888425587000313,4,MURCKO::O=C(NCc1cc[nH]c1)c1cccc(Cn2cc(-c3cccc4cnccc34)nn2)c1
OCNT-2310627,CYP2D6,5.124925992,4.641146242909218,4,MURCKO::O=C(NCc1ccc(-n2ccnc2)cc1)C1CCNCC1
OCNT-2310632,CYP2D6,4.829552772,4.832866131264968,4,MURCKO::c1cn2cncc2cc1-c1noc(-c2ccc(CN3CCCCC3)o2)n1
OCNT-2310634,CYP2D6,4.655220685,4.784150971468032,2,MURCKO::O=C(Nc1ccc2c(c1)CNCCO2)N1CC(Cc2ccccc2)C1
OCNT-2310635,CYP2D6,4.32772043,4.628641664819781,3,MURCKO::O=C(CNc1ccccc1)N1CCNc2ccccc2C1
OCNT-2310639,CYP2D6,5.842200027,4.910938822479547,0,MURCKO::O=C(NCC1CCN(Cc2cccs2)CC1)c1ccnc(-n2cncn2)c1
OCNT-2310648,CYP2D6,4.572781035,4.597018970032188,3,MURCKO::c1ccc(-c2nc(CN3CCN(c4ccccn4)CC3)cs2)cc1
OCNT-2310650,CYP2D6,4.485690115,5.033346514858773,4,MURCKO::c1cc(-c2cc(C3CCN(c4cnccn4)CC3)n[nH]2)ccn1
OCNT-2310655,CYP2D6,5.291339775,4.503954933663099,0,MURCKO::O=C(CN1CCc2n[nH]c(=O)cc2C1)Nc1ccccc1
OCNT-2310665,CYP2D6,5.35394303,4.838132839493555,1,MURCKO::O=C(NC1CCN(C2CCCC2)CC1)c1ccccc1
OCNT-2310680,CYP2D6,4.995445173,4.864801463788067,4,MURCKO::O=C(NCc1ccc(-c2ccncc2)cc1)N1CCOC(C2CC2)C1
OCNT-2310706,CYP2D6,2.58325352,4.788889148645822,4,MURCKO::c1ccc(NC2CCCN(c3ncccn3)C2)cc1
OCNT-2310736,CYP2D6,5.614492347,4.7287484361551675,0,MURCKO::O=C1COc2cc(NC(=O)NCc3ccc(-n4ccnc4)cc3)ccc2N1
OCNT-2310740,CYP2D6,5.290599582,4.59933402832098,2,MURCKO::O=C(NCCc1ccccc1)C1CCN(c2ccccc2)C1
OCNT-2310757,CYP2D6,4.335170543,4.746308391240745,0,MURCKO::c1cnc(OC2CCN(c3ncnc4[nH]ccc34)CC2)nc1
OCNT-2310758,CYP2D6,5.811462022,4.865385939939666,0,MURCKO::O=c1[nH]ccnc1N1CCN(c2ccccn2)CC1
OCNT-2310760,CYP2D6,4.980678678,4.689233260691232,4,MURCKO::O=C(CCc1ccccc1)NC1CCN(C(=O)c2ccncc2)CC1
OCNT-2310785,CYP2D6,6.605198795,4.7453367243222555,4,MURCKO::O=C(Nc1ccc2c[nH]nc2c1)c1csc(-c2ccccn2)n1
OCNT-2310796,CYP2D6,2.043040692,4.536819820730514,3,MURCKO::O=C(Nc1cccnc1)c1cc2c(s1)CCCCC2
OCNT-2310804,CYP2D6,6.430726147,4.889505377069315,4,MURCKO::O=C(Nc1cnn(Cc2ccncc2)c1)C1(c2ccccc2)CCCN1
OCNT-2310816,CYP2D6,4.372450732,4.681441823517638,0,MURCKO::c1ccc(N2CCC(Nc3ccncn3)C2)nc1
OCNT-2310826,CYP2D6,5.837251747,4.607578000174422,0,MURCKO::O=C(c1cc2ccccc2[nH]1)N1CCN(C2CCOCC2)CC1
OCNT-2310827,CYP2D6,4.975338762,4.772203932085348,1,MURCKO::O=C(NC1CCOc2ccccc21)c1ccc(N2CCCC2)nn1
OCNT-2310829,CYP2D6,5.394531835,4.827786965719556,3,MURCKO::O=C(NC1CCNCC1)c1cccc2cnccc12
OCNT-2310830,CYP2D6,4.32872505,5.070694684511347,3,MURCKO::O=C(Cc1ccccc1)NC1CCCN(c2ncccn2)C1
OCNT-2310833,CYP2D6,4.483622207,4.904040417312441,1,MURCKO::O=C(NCc1ccccc1-c1cn[nH]c1)NC1CCc2ccccc21
OCNT-2310843,CYP2D6,4.871149478,4.655319061599183,4,MURCKO::O=C(NCCc1ccccc1)N1CC(C2CCC2)C1
OCNT-2310853,CYP2D6,4.902863218,4.925157152071699,2,MURCKO::O=C1NCCC1C(=O)Nc1ccc(Oc2ccncc2)cc1
OCNT-2310859,CYP2D6,4.500507628,4.851902519737545,1,MURCKO::c1ccc(N2CCN(c3ncnc4c3CCCC4)CC2)cc1
OCNT-2310864,CYP2D6,6.555268827,5.018077959300637,4,MURCKO::O=C(NCc1ccc(-n2ccnc2)cc1)N1CCCC1
OCNT-2310873,CYP2D6,4.64620933,4.905653883490633,3,MURCKO::c1ccc(CC2CN(c3ccccn3)C2)cc1
OCNT-2310875,CYP2D6,4.357701845,5.058128833490234,1,MURCKO::O=C(Cc1ccc(-n2ccnc2)cc1)NC1CCC(Cn2ccnc2)C1
OCNT-2310884,CYP2D6,2.086863875,4.590167511866314,0,MURCKO::c1ccc(-c2nnc(SCCN3CCCCC3)o2)cc1
OCNT-2310886,CYP2D6,5.81857972,4.510106713411412,2,MURCKO::C1CCC(N2CCOCC2)CC1
OCNT-2310890,CYP2D6,6.908166937,4.883529318188814,3,MURCKO::O=C(NCc1ccc(-n2ccnc2)nc1)Nc1ccccc1
OCNT-2310909,CYP2D6,5.10595923,4.487622622474094,4,MURCKO::O=C(Nc1ccn[nH]1)c1ccccc1
OCNT-2310913,CYP2D6,3.72579882,5.151385210736742,1,MURCKO::O=C(Nc1cn(Cc2ccccc2)nn1)c1ccc(Cn2ccnc2)cc1
OCNT-2310916,CYP2D6,5.634777255,4.802851841827364,1,MURCKO::O=C(CN1C(=O)COc2ccccc21)NCc1ccc(-n2ccnc2)nc1
OCNT-2310919,CYP2D6,3.88550366,4.695253498908561,1,MURCKO::O=C(NCc1nccs1)c1ccn(-c2ccccc2)n1
OCNT-2310920,CYP2D6,4.396432178,4.690724800503887,1,MURCKO::O=C(NCc1ccccc1)c1cnco1
OCNT-2310942,CYP2D6,5.400657775,4.640786709018584,0,MURCKO::c1ccc2c(N3CC(n4cccn4)C3)ncnc2c1
OCNT-2310944,CYP2D6,4.601958462,5.04112216247503,3,MURCKO::c1csc(CN2CCN(c3ncnc4[nH]ccc34)CC2)c1
OCNT-2310945,CYP2D6,5.838852068,4.9991059788394745,2,MURCKO::c1ccc(CCN2CCN(c3ccncn3)CC2)cc1
OCNT-2310949,CYP2D6,4.49104167,4.477049438850386,3,MURCKO::O=C(Cc1cn2c(n1)CCCC2)N1CCc2ccccc21
OCNT-2310958,CYP2D6,4.220513683,4.359394115019138,3,MURCKO::O=C(Nc1ccccc1)NC1CCc2nncn2C1
OCNT-2310977,CYP2D6,4.43895606,4.82438076228042,3,MURCKO::O=C(Nc1ccncc1)N1CCCC2CNCC21
OCNT-2310978,CYP2D6,4.165824145,4.77141090164723,4,MURCKO::c1ccc(Nc2ncnc3[nH]ncc23)cc1
OCNT-2310979,CYP2D6,1.956848488,4.463743688674637,0,MURCKO::O=C(Nc1cnn(-c2ccccc2)c1)c1ccc(-n2cncn2)cc1
OCNT-2310981,CYP2D6,4.141625582,4.938903857393065,2,MURCKO::c1ccc(CC2CCN(c3nccn4cnnc34)CC2)cc1
OCNT-2310988,CYP2D6,5.39853003,4.8262649617075715,0,MURCKO::O=C(Cc1c[nH]c2ncccc12)NCc1ccc(-n2ccnc2)cc1
OCNT-2310997,CYP2D6,4.370187193,4.493371927684219,2,MURCKO::O=C(NCc1ccc(N2CCNCC2)nc1)N1CCC(Cc2ccccc2)C1
OCNT-2311020,CYP2D6,4.621851128,4.613586286282162,3,MURCKO::O=C(NC1CCN(c2ccccn2)CC1)c1cccs1
OCNT-2311052,CYP2D6,5.552312315,4.67563579733266,1,MURCKO::O=C(CN1CCCCC1)Nc1nc2c(s1)CCCC2
OCNT-2311059,CYP2D6,4.482889495,4.700243619064338,1,MURCKO::O=C1NC(CC2CCCc3ccccc32)C(=O)N1c1cccc2cccnc12
OCNT-2311083,CYP2D6,4.360058657,4.789046598055332,4,MURCKO::O=C(NCCNC(=O)c1cccc(-c2cccs2)n1)NC1CCCCC1
OCNT-2311090,CYP2D6,5.597076215,4.541174426663872,0,MURCKO::c1ccc(-n2nnc3c2CCN(CCc2ccc4c(c2)CCO4)C3)cc1
OCNT-2311091,CYP2D6,4.48614729,4.943491448929754,4,MURCKO::O=C(NCc1cccnc1)c1cc(-c2ccccc2)n[nH]1
OCNT-2311092,CYP2D6,5.274863845,4.850861892268216,4,MURCKO::O=C(Nc1ccccc1)c1cnn(-c2cccnc2)c1
OCNT-2311094,CYP2D6,5.045499138,4.64568782787253,2,MURCKO::c1cncc(CNc2ncnc3c2CCCC3)c1
OCNT-2311101,CYP2D6,4.965271618,4.516563013724946,2,MURCKO::O=C(NC(c1ccccc1)C1CCCCC1)c1ccc(=O)[nH]n1
OCNT-2311106,CYP2D6,4.558680257,4.785482883512735,0,MURCKO::O=C(c1cccc2occc12)N1CCNC(c2ncc[nH]2)C1
OCNT-2311111,CYP2D6,4.223151438,4.696827166826836,4,MURCKO::c1cc(C2CCC2)ccc1-c1ccc2c(c1)CCN2
OCNT-2311113,CYP2D6,4.53185207,4.784130041525502,3,MURCKO::O=C(NCc1noc(-c2ccccc2)n1)C1CCCCN1
OCNT-2311121,CYP2D6,5.74590107,4.989709676877079,0,MURCKO::O=C(NCc1ccccc1)c1cccc(-c2ccncc2)n1
OCNT-2311123,CYP2D6,5.983926412,4.645932022369415,2,MURCKO::c1ccc(Cn2cc(-c3ccc4cn[nH]c4c3)nn2)cc1
OCNT-2311132,CYP2D6,3.531004917,4.6613253994525605,1,MURCKO::O=C(c1cccc2ccoc12)N1CCC(c2nnn[nH]2)CC1
OCNT-2311133,CYP2D6,4.73258698,4.7719225822553835,1,MURCKO::c1ccc(COc2cncc(N3CCNCC3)n2)cc1
OCNT-2311138,CYP2D6,5.416734522,4.546226136104199,2,MURCKO::O=C(NC1CCCc2ccccc21)c1cnn2ccccc12
OCNT-2311148,CYP2D6,7.284201227,4.7604413837319575,0,MURCKO::c1ccc(-n2cc(CN3CCC(Oc4ccncc4)CC3)nn2)cc1
OCNT-2311155,CYP2D6,4.254193955,4.95968852373349,2,MURCKO::c1ccc(-c2nc(CNCc3ccn[nH]3)cs2)cc1
OCNT-2311160,CYP2D6,5.583530928,4.503200904227958,0,MURCKO::O=C(NC1CCCc2ccccc21)c1c[nH]c2ccccc12
OCNT-2311187,CYP2D6,4.6669882,4.8061053538074265,3,MURCKO::O=S(=O)(NCCc1cccc2ccccc12)c1ccccc1
OCNT-2311194,CYP2D6,5.731684008,4.62224678751663,0,MURCKO::c1ccc2c(c1)CC1(CCNCC1)C2
OCNT-2311202,CYP2D6,2.894404565,4.604919175024516,1,MURCKO::O=C(Nc1cc[nH]c1)c1cccc(S(=O)(=O)Nc2ccccc2)c1
OCNT-2311203,CYP2D6,4.575077637,4.778683894907251,2,MURCKO::O=C(NCC1CCOC1c1ccccc1)c1ccc2c(=O)[nH]c(=O)[nH]c2c1
OCNT-2311206,CYP2D6,4.139846377,4.751741127086907,1,MURCKO::O=S(=O)(c1ccc(-c2cccc3c2OCO3)cc1)N1CCNCC1
OCNT-2311212,CYP2D6,4.921869408,4.795442773516294,3,MURCKO::O=C(NC1CCCCC1)c1cc2ccsc2[nH]1
OCNT-2311225,CYP2D6,5.129891667,4.574547604339961,0,MURCKO::O=C(C1CC1c1ccccc1)N1CCN(c2cnccn2)CC1
OCNT-2311229,CYP2D6,4.29559413,4.76210912359943,4,MURCKO::c1ccc(NC2CCN(c3ncc4c(n3)CCCC4)CC2)cc1
OCNT-2311231,CYP2D6,5.506812425,4.858454536789962,4,MURCKO::C1CCc2c(CNCC3CCCNC3)noc2C1
OCNT-2311233,CYP2D6,4.726028418,4.742907612999572,4,MURCKO::O=C(NC1CCN(c2ccccc2)C1)C1CC1
OCNT-2311240,CYP2D6,4.628811675,4.858791286761006,4,MURCKO::O=C1CC(C(=O)Nc2cccc(-c3cn[nH]c3)c2)CN1
OCNT-2311245,CYP2D6,4.824752185,4.805586433865198,3,MURCKO::O=C(NCC1CCCN1)c1cccc2ccsc12
OCNT-2311251,CYP2D6,4.443785453,5.016247105269538,4,MURCKO::c1cc(C2CCN2c2ncnc3ccsc23)ccn1
OCNT-2311253,CYP2D6,4.584075165,4.733550638675803,2,MURCKO::O=C(CNC(=O)c1cccc(-n2ccnc2)c1)Nc1ccccc1
OCNT-2311256,CYP2D6,6.337925372,5.170017648769,4,MURCKO::c1c[nH]c(CNC2CCCc3ccccc32)c1
OCNT-2311260,CYP2D6,4.57418723,5.034687046899368,3,MURCKO::O=S1(=O)NC(CNCc2ccc(OCc3ccccc3)cc2)=Nc2ccccc21
OCNT-2311263,CYP2D6,4.41334503,4.58885860417033,2,MURCKO::O=C(CNC(=O)Nc1ccccc1)NC1CCCn2ncnc21
OCNT-2311283,CYP2D6,4.5401842,4.697963284367363,2,MURCKO::c1cnc2ncnc(NCC3CCNCC3)c2c1
OCNT-2311302,CYP2D6,6.967115308,4.593562900171767,1,MURCKO::O=c1[nH]c2ccccc2n1C1=CCN(CCc2ccsc2)CC1
OCNT-2311311,CYP2D6,4.109968232,4.848729336203743,3,MURCKO::c1nc2cnc(NC3(C4CCCO4)CCC3)nc2s1
OCNT-2311312,CYP2D6,4.52039321,4.6078374148946315,0,MURCKO::O=C(NC1(c2ccccc2)CC1)C1Cc2ccccc21
OCNT-2311317,CYP2D6,4.358981167,4.82616394309704,3,MURCKO::c1ccc2c(Cn3cc(-c4ccnn4C4CC4)nn3)n[nH]c2c1
OCNT-2311328,CYP2D6,4.20435625,4.395217324458278,0,MURCKO::O=C(c1cnc2ccoc2c1)N(Cc1ccccn1)Cc1ccccn1
OCNT-2311336,CYP2D6,5.27231291,5.0625496737488165,2,MURCKO::O=C(NCc1ccc(-n2ccnc2)nc1)C1CCCN1c1nccs1
OCNT-2311340,CYP2D6,4.5844445,4.509998848596026,0,MURCKO::O=C(NCc1ccc2occc2c1)N1CCN(Cc2ccccc2)CC1
OCNT-2311344,CYP2D6,5.21643483,4.519746156596569,0,MURCKO::c1ccc(C2=NOCC2)cc1
OCNT-2311351,CYP2D6,4.66315949,4.838001833159375,3,MURCKO::C1=C(CNCC2CCOCC2)COc2ccccc21
OCNT-2311357,CYP2D6,4.348523065,4.800435659195598,2,MURCKO::O=C(CSc1nc2ccccc2s1)NCC(=O)OCc1ccccc1
OCNT-2311380,CYP2D6,4.346829182,4.607629196245446,3,MURCKO::O=C(c1cnc[nH]1)N1CC2COCC2(c2ccccc2)C1
OCNT-2311391,CYP2D6,4.71568365,4.902054944959864,3,MURCKO::O=C(CCCc1ccccc1)OCC1=Nc2ccccc2S(=O)(=O)N1
OCNT-2311397,CYP2D6,4.48363485,4.6410864711108,2,MURCKO::O=C(NCc1ccccc1)NCc1cn(-c2ccccc2)nn1
OCNT-2311405,CYP2D6,4.374424728,4.633556876646504,0,MURCKO::O=C(OC1CCCC1)N1CCCCC1
OCNT-2311414,CYP2D6,4.303242915,4.543612864622876,0,MURCKO::c1cnc(-c2nnc(N3CCCCC3)[nH]2)cn1
OCNT-2311438,CYP2D6,4.564544742,4.775606575158795,4,MURCKO::O=C(c1sccc1-n1ccnn1)N1CCCC(N2CCOCC2)CC1
OCNT-2311440,CYP2D6,5.071021307,4.604752770727483,4,MURCKO::O=C(c1cn(-c2ccccc2)nn1)N1CCCC1CNc1ccccn1
OCNT-2311450,CYP2D6,4.873686128,4.7841771740581,3,MURCKO::c1ccc(N2CCC(CN3CCCCC3)CC2)nc1
OCNT-2311473,CYP2D6,4.772501642,4.90861606250665,2,MURCKO::O=C(NCCCNc1ccccn1)c1nc2cnccc2s1
OCNT-2311479,CYP2D6,5.30587627,4.5800524404295935,4,MURCKO::O=S(=O)(c1ccccc1)N1C2CCNCC1CC2
OCNT-2311515,CYP2D6,4.844977808,4.649595371847056,4,MURCKO::O=C(NCc1ccc2c(c1)OCO2)NCC1CCCCCC1
OCNT-2311523,CYP2D6,4.463267783,4.6387245306401805,0,MURCKO::O=S(=O)(Nc1cnc(C2CC2)nc1)c1cccc2c1COC2
OCNT-2311525,CYP2D6,5.563581747,4.7973630083443695,3,MURCKO::O=c1[nH]c2cccnc2n1C1CCCNC1
OCNT-2311532,CYP2D6,5.349687265,4.960690250744166,1,MURCKO::c1ccc(-c2cccc(Cn3ccnc3)c2)cc1
OCNT-2311552,CYP2D6,5.09378824,4.698124460472208,0,MURCKO::O=C(NCc1nc2c([nH]1)CCCC2)c1conc1-c1ccccn1
OCNT-2311554,CYP2D6,4.706182072,4.815085755406139,2,MURCKO::O=C(NCCSc1c[nH]c2ccccc12)Nc1ccn[nH]1
OCNT-2311559,CYP2D6,4.760042698,4.6550090305264265,1,MURCKO::c1ccc(Nc2nc(-c3ccccc3)cs2)cc1
OCNT-2311573,CYP2D6,4.52971254,4.723372364357946,0,MURCKO::c1ccc(CC2CCCN2c2ccncn2)cc1
OCNT-2311582,CYP2D6,4.31534708,4.545681014109103,3,MURCKO::O=C(c1cccnc1)N1CCN(c2ccccn2)CC1
OCNT-2311590,CYP2D6,5.05628105,4.7667594322809554,4,MURCKO::O=C(CNCCCN1CCOCC1)Nc1ccccc1
OCNT-2311596,CYP2D6,4.34825532,4.754985727382465,2,MURCKO::O=C(c1cccnc1N1CCC(c2nc3ccccc3[nH]2)CC1)N1CCc2ccccc21
OCNT-2311600,CYP2D6,5.56791799,4.594887170713693,2,MURCKO::O=C(c1cc[nH]n1)N1CCC(Oc2cnccn2)CC1
OCNT-2311604,CYP2D6,4.443430293,4.903845138648796,1,MURCKO::O=C(c1ccc(N2CCCC2)nn1)N1CCN(Cc2nccs2)CC1
OCNT-2311606,CYP2D6,5.3241989,4.719481344842151,2,MURCKO::O=C(c1ccccc1)N1CCC(NC2CCC3CCC2C3)CC1
OCNT-2311610,CYP2D6,6.234004677,4.689451382340945,2,MURCKO::O=C(Cc1cncs1)N1CCC2(CC1)CNCc1ccccc1O2
OCNT-2311617,CYP2D6,5.19713493,4.610281935652552,1,MURCKO::c1cc2c(N3CCC4(CCNCC4)CC3)ncnn2c1
OCNT-2311621,CYP2D6,5.110498853,4.889265855697992,3,MURCKO::O=C(NCc1ccc(-n2ccnc2)cc1)c1ccc2ccccc2n1
OCNT-2311623,CYP2D6,4.936492515,4.492153243754831,3,MURCKO::O=C(Cc1cccc(OCc2ccccc2)c1)N1CCCC(C2CC2)C1
OCNT-2311624,CYP2D6,4.610946355,4.586101525628042,4,MURCKO::O=C(CCc1cn[nH]c1)N1CCC(Cc2ccccc2)CC1
OCNT-2311626,CYP2D6,5.074427922,4.521606361722009,4,MURCKO::O=c1[nH]cnc2c1CCN(CC1CC1)C2
OCNT-2311634,CYP2D6,5.310218017,4.694218988732849,1,MURCKO::O=C(Nc1ccc(-c2cscn2)cc1)C1CCCCN1
OCNT-2311636,CYP2D6,5.355270962,4.805922449668884,4,MURCKO::c1ccc(CCC(NCCc2cnccn2)c2nnnn2-c2ccc3c(c2)OCO3)cc1
OCNT-2311637,CYP2D6,4.699461678,4.716760133341877,0,MURCKO::O=C(c1ccc2noc(-c3ccccc3)c2c1)N1CCOC(c2ccccc2)C1
OCNT-2311638,CYP2D6,5.05527136,4.744192610519775,1,MURCKO::O=C(NCc1cc2n(n1)CCCC2)c1cnnn1-c1ccccc1
OCNT-2311652,CYP2D6,6.388281633,5.048026537740494,1,MURCKO::O=C(c1cncs1)N1CCC(CCCn2ccnc2)CC1
OCNT-2311653,CYP2D6,4.929379415,4.990274217275376,0,MURCKO::O=C(Cc1ccccc1)NCc1ccccc1-c1cccnc1
OCNT-2311655,CYP2D6,4.644959848,4.5129660334609785,0,MURCKO::O=C(Nc1cccc(Cn2cccn2)c1)c1ccc(-c2cc[nH]n2)s1
OCNT-2311661,CYP2D6,5.45955592,5.174029429444586,4,MURCKO::O=C(CCc1cncs1)NC1CCCCC1c1ccccc1
OCNT-2311662,CYP2D6,4.342548352,4.835376142325123,0,MURCKO::O=C(Nc1ccc2c(c1)OCO2)C1CCN(C(=O)Cc2cccc3ccccc23)CC1
OCNT-2311676,CYP2D6,5.146796595,5.0389465664527915,4,MURCKO::O=C(Nc1ccc(Cn2ccnc2)cc1)c1ccnc2[nH]ccc12
OCNT-2311683,CYP2D6,5.534866573,4.9641603992712815,1,MURCKO::c1ccc(CCN2CCc3ccccc3C2)cc1
OCNT-2311687,CYP2D6,4.483276883,4.640953652710012,3,MURCKO::O=c1[nH]c2c(c(=O)[nH]1)CN(CC1CCC(c3ccccc3)O1)C2
OCNT-2311711,CYP2D6,4.311468568,4.95695651868031,1,MURCKO::O=C(CCn1cnc2sccc2c1=O)N1CC(c2ccccc2)C2CCCCC21
OCNT-2311723,CYP2D6,6.5628267,4.543418693736821,0,MURCKO::O=C(NC1COCC1n1cccn1)c1cc2sccc2[nH]1
OCNT-2311727,CYP2D6,4.370195025,5.048379047619046,3,MURCKO::O=C(CC1CCCC1)NCCCc1ncco1
OCNT-2311745,CYP2D6,4.4754199,4.819807516601502,2,MURCKO::c1ccc(SCc2nccc(N3CCCCC3)n2)cc1
OCNT-2311748,CYP2D6,4.659826113,4.854057356470752,2,MURCKO::c1ccc(-c2n[nH]cc2NCc2cc(-c3ccncc3)n[nH]2)cc1
OCNT-2311751,CYP2D6,4.856693532,4.763763568231207,2,MURCKO::O=C(Nc1n[nH]c2ccccc12)c1csc(CC2CCNC2)n1
OCNT-2311754,CYP2D6,6.110516643,5.026274813997956,3,MURCKO::c1cn(-c2ccc(CNCc3cn[nH]c3)cn2)cn1
OCNT-2311760,CYP2D6,5.742236473,5.073702223823261,2,MURCKO::O=C(Cc1c[nH]c2ccccc12)NCC1NCCc2sccc21
OCNT-2311765,CYP2D6,5.286155895,4.666457235037208,2,MURCKO::c1ccc2nc(N3CCCC3)ccc2c1
OCNT-2311766,CYP2D6,6.142876515,5.1621033796065365,3,MURCKO::c1ccc(CCCNCc2ccccn2)cc1
OCNT-2311769,CYP2D6,6.608682478,4.648849558152801,0,MURCKO::c1ccc(CCNc2ncnc3cn[nH]c23)cc1
OCNT-2311777,CYP2D6,5.740053708,5.106500879149119,1,MURCKO::O=C(CCc1c[nH]c2ccccc12)Nc1cccc(C(=O)Nc2ccncc2)c1
OCNT-2311787,CYP2D6,4.990114325,5.034921008953875,4,MURCKO::O=C(NCc1cnn(-c2ccccc2)c1)c1cc(-c2ccncc2)nc2ccccc12
OCNT-2311790,CYP2D6,5.437815505,4.757022296522949,4,MURCKO::O=C(Nc1ccccc1)c1cccc2c1NCCC2
OCNT-2311800,CYP2D6,4.589568837,4.502094049380102,3,MURCKO::c1ccc(-c2n[nH]cc2CN2CCOC3(CCC3)C2)cc1
OCNT-2311801,CYP2D6,6.225275585,4.963413038255349,4,MURCKO::O=C(Nc1ccc(OCCn2ccnc2)cc1)c1ccc2ccccc2c1
OCNT-2311802,CYP2D6,5.268248465,4.809423313710868,2,MURCKO::c1ccc2c(c1)OCCC2CNc1ncnc2oncc12
OCNT-2311804,CYP2D6,4.444178672,4.783029709242546,4,MURCKO::c1cn(-c2nccc(NCCN3CCCCC3)n2)cn1
OCNT-2311805,CYP2D6,4.56633621,4.972770527139382,1,MURCKO::O=C(CCc1cncc2ccccc12)NCCc1ccccc1
OCNT-2311808,CYP2D6,4.723302005,5.018770113390881,3,MURCKO::O=C(Nc1ccc(S(=O)(=O)Nc2cccc(-c3nc(C4CC4)n[nH]3)c2)cc1)c1ccccc1
OCNT-2311816,CYP2D6,5.184815087,4.785829585200943,3,MURCKO::O=C(Cn1ncc2ccccc2c1=O)NCC12CCC1CCN2
OCNT-2311822,CYP2D6,5.34678263,4.556062707151842,0,MURCKO::O=c1[nH]c2cc(NCc3ccc4ccsc4c3)ccc2o1
OCNT-2311831,CYP2D6,5.703062475,4.740594521505895,0,MURCKO::O=C(NCCN1CCNCC1)c1ccccc1
OCNT-2311835,CYP2D6,6.507839188,5.000493657818936,2,MURCKO::c1cc(CNc2cccc3ccccc23)cc(OCCn2ccnc2)c1
OCNT-2311840,CYP2D6,5.254083777,4.772833717665362,2,MURCKO::O=C(Cc1ccccc1)NC1CCN(C(=O)CCn2ccnc2)C1
OCNT-2311844,CYP2D6,4.282688477,4.7359629036287565,3,MURCKO::O=S(=O)(NCC1COCCN1)c1cccc2occc12
OCNT-2311856,CYP2D6,5.451932175,5.0170414232733735,2,MURCKO::c1ccc2c(CCNCc3cc[nH]c3)c[nH]c2c1
OCNT-2311864,CYP2D6,4.69579451,4.635945697523801,1,MURCKO::c1ccc(N2CCC3(CCC3)C2)cc1
OCNT-2311870,CYP2D6,4.479273525,4.556043474526025,4,MURCKO::O=S(=O)(NC1CCCc2ccccc21)c1ccccc1
OCNT-2311871,CYP2D6,4.737936128,4.437773881040219,2,MURCKO::O=C(NCC1(c2ccccc2)CCCC1)C1CCCN1
OCNT-2311875,CYP2D6,4.308425095,4.841842147860268,2,MURCKO::O=C(NCc1ccccc1N1CCCC1)C1CCNC1
OCNT-2311890,CYP2D6,4.134224525,4.5887310946829905,2,MURCKO::c1ccc(-c2nc3ccccc3[nH]2)cc1
OCNT-2311899,CYP2D6,4.410097462,4.730469668037613,2,MURCKO::O=C(c1cnc2sccn2c1=O)N1CCC(c2cccnc2)CC1
OCNT-2311901,CYP2D6,4.666809113,4.865001625564725,0,MURCKO::O=C(Nc1ccccc1-c1ncc[nH]1)c1cc[nH]c1
OCNT-2311905,CYP2D6,5.587125647,5.046088498951521,3,MURCKO::c1ccc(CC2CN(c3nnc(-c4ccccn4)s3)CCN2)cc1
OCNT-2311907,CYP2D6,6.2182041,4.7643386752123735,3,MURCKO::c1ccc(CCNCc2c[nH]c3ccnn23)cc1
OCNT-2311908,CYP2D6,4.395510632,4.804586011944141,2,MURCKO::O=C(Nc1nc2ccccc2s1)c1ccccc1
OCNT-2311909,CYP2D6,4.849518635,4.809196142731927,2,MURCKO::c1cc(CNCc2ccncc2)cc(-n2cccn2)c1
OCNT-2311912,CYP2D6,4.611720638,5.030789619830989,1,MURCKO::c1ccc(CCN=C2NCCCCN2)cc1
OCNT-2311913,CYP2D6,4.967951262,5.0826860162675,1,MURCKO::O=C(Nc1ccc2c(c1)OCO2)c1ccccc1
OCNT-2311914,CYP2D6,4.578043118,4.553542563372753,0,MURCKO::O=C(Cc1ccc2c(c1)CCCN2)Nc1ccccc1NS(=O)(=O)c1cccs1
OCNT-2311918,CYP2D6,4.539483525,5.1444236494342,0,MURCKO::O=C(NCC1CCN(c2ccccc2)C1)N1CCCCC1
OCNT-2311929,CYP2D6,4.60632349,5.095083426015469,1,MURCKO::O=C(CCCOc1ccccc1)NCCc1cccnc1
OCNT-2311931,CYP2D6,5.441293242,5.01107129352122,0,MURCKO::O=C(NCc1ccccc1)NCC1CCCCNC1
OCNT-2311937,CYP2D6,4.555822607,4.728348716986051,0,MURCKO::O=C(CCc1cncc2ccccc12)NCCOc1ccccc1
OCNT-2311956,CYP2D6,3.568499173,4.645472721179415,2,MURCKO::O=C(NCCN1C(=O)COc2ccccc21)c1ccc2[nH]ncc2c1
OCNT-2311962,CYP2D6,5.303545723,4.886268252179147,1,MURCKO::O=C(NC1CCC(Cn2ccnc2)C1)C1CC2(CCC2)C1
OCNT-2311967,CYP2D6,5.204663555,4.969305444596734,3,MURCKO::c1ccc(CCOc2ccc(OCc3cccnc3)cc2)cc1
OCNT-2311971,CYP2D6,4.784759337,4.881333147141088,4,MURCKO::O=C(Nc1ccccc1)c1cccc2cnccc12
OCNT-2311975,CYP2D6,4.563390538,4.70324883273152,1,MURCKO::O=C(OCCOc1ccccc1)c1cncc2ccccc12
OCNT-2311986,CYP2D6,4.25698696,4.771652298206521,0,MURCKO::O=C(Nc1cccc(-c2ccccc2)n1)c1cnc(N2CCNCC2)o1
OCNT-2311990,CYP2D6,4.257638745,4.535922425365632,2,MURCKO::O=C(Nc1cccc(Cn2cccnc2=O)c1)NC1CC(c2ccccc2)C1
OCNT-2311994,CYP2D6,4.512414655,4.826382949970171,4,MURCKO::c1ccc(CNc2ccc3cnoc3n2)nc1
OCNT-2311998,CYP2D6,6.861031468,5.075429101202436,3,MURCKO::O=C(Cc1ccccc1)NCc1ccc2ccoc2c1
OCNT-2312000,CYP2D6,4.793450775,4.71924554044247,4,MURCKO::O=C(Cc1cc(C2CC2)on1)N1CC(c2ccccc2)C1
OCNT-2312008,CYP2D6,4.379809602,4.8220530392579075,1,MURCKO::c1ccc(Oc2ccc(NCC3CCOCC3)cc2)cc1
OCNT-2312014,CYP2D6,4.945611148,4.74558046811967,4,MURCKO::O=C(NCCc1ncc[nH]1)c1ccc(-c2nccs2)cc1
OCNT-2312015,CYP2D6,5.876646283,4.572759072680532,1,MURCKO::c1ccc(OCCN2CCN(CC3CCOCC3)CC2)cc1
OCNT-2312016,CYP2D6,4.879640272,5.027207038471426,2,MURCKO::O=C(NCCN1CCc2ccccc2C1)c1ccnc2ccncc12
OCNT-2312020,CYP2D6,5.88890636,5.365021022321458,1,MURCKO::O=C(NCC1Cc2ccccc2CN1)c1ccc2[nH]ncc2c1
OCNT-2312021,CYP2D6,4.29467453,4.822479869944613,4,MURCKO::c1cnc(N(Cc2cc[nH]n2)CC2CC23CCC3)nc1
OCNT-2312024,CYP2D6,4.359444397,4.649810855494046,4,MURCKO::O=C(C1CC2(CCC2)C1)N1CCc2sccc2C1c1ccccc1
OCNT-2312038,CYP2D6,4.277831247,4.790383009583001,2,MURCKO::O=C1NC(Cc2nccs2)C(=O)NC1Cc1ccccc1
OCNT-2312044,CYP2D6,4.823458625,4.69567859357028,4,MURCKO::c1ccc(N2CCCN(C3CC3)CC2)nc1
OCNT-2312049,CYP2D6,5.294942247,4.636644953688358,3,MURCKO::C1=CC(CN(Cc2c[nH]nn2)c2ccncn2)CC1
OCNT-2312062,CYP2D6,4.431889395,4.807811043195452,3,MURCKO::c1ccc(C2CC3CCC(C2)N3c2ccnc3cnccc23)cc1
OCNT-2312063,CYP2D6,4.714447833,4.921153382780179,2,MURCKO::O=C(c1cccc(Cc2n[nH]c(=O)c3ccccc23)c1)N1CCN(c2ccncn2)CC1
OCNT-2312068,CYP2D6,4.849254652,4.7289527444179615,1,MURCKO::O=C(CN1CC2CC2(c2ccccc2)C1)NCc1ccccc1
OCNT-2312069,CYP2D6,4.475924802,4.630679301368582,0,MURCKO::c1ccc(C2(CNc3ccnc4ccnn34)CCC2)cc1
OCNT-2312089,CYP2D6,5.183713617,4.895986163635685,1,MURCKO::c1cc2c(cc1-c1nc(-c3cn(CC4CCCN4)nn3)cs1)OCO2
OCNT-2312094,CYP2D6,4.302920408,5.036313710078314,0,MURCKO::c1ccc(Oc2ccnc(NC3CCOC(c4ccccc4)C3)n2)cc1
OCNT-2312095,CYP2D6,4.548565443,5.188414249727292,4,MURCKO::c1ccc2c(c1)CCCN(c1nnc(Cc3ccsc3)[nH]1)CC2
OCNT-2312098,CYP2D6,4.540271162,4.776990969277735,4,MURCKO::c1ccc(CC2CCN(c3ncnc4ccccc34)CC2)cc1
OCNT-2312102,CYP2D6,5.381651935,4.826858543289795,2,MURCKO::C1=C(c2c[nH]c3ncccc23)CCN(Cc2cn(Cc3ccccc3)nc2-c2cccnc2)C1
OCNT-2312103,CYP2D6,4.435025592,4.758125821873767,3,MURCKO::O=C(NCCNCc1cccc2[nH]ccc12)c1ccn[nH]1
OCNT-2312104,CYP2D6,5.763478648,5.0747432304364075,3,MURCKO::O=C(NCc1ccc(-c2ccncc2)cc1)c1ccc2n1CCNC21CCC1
OCNT-2312108,CYP2D6,5.162601472,4.480860658611306,3,MURCKO::O=c1[nH]c2ccc(CNc3ccnc4ccccc34)cc2[nH]1
OCNT-2312110,CYP2D6,4.504367615,4.840389538418173,4,MURCKO::c1ccc(-c2noc(-c3cn(CC4CCCN4)nn3)n2)cc1
OCNT-2312113,CYP2D6,4.86034967,4.719995593200811,0,MURCKO::O=c1ncn(-c2ccccc2)n1CCC1CCNC1
OCNT-2312118,CYP2D6,4.43014278,4.964562759975378,0,MURCKO::O=C(c1ccc(-c2ccncc2)[nH]c1=O)N1CCNCC1c1ccccc1
OCNT-2312136,CYP2D6,4.872831338,4.972073252249544,2,MURCKO::c1ccc2oc(CCNCc3ccncc3)nc2c1
OCNT-2312140,CYP2D6,6.384082805,4.676645029007233,4,MURCKO::c1ccc(-n2cc(-c3cc4c(s3)CCNC4)nn2)cc1
OCNT-2312148,CYP2D6,6.631293675,5.165274382466336,3,MURCKO::O=C(c1ccc(-c2c[nH]cn2)cc1)N1CCNC(Cc2ccccc2)C1
OCNT-2312150,CYP2D6,4.658237105,4.661023272093234,1,MURCKO::c1ccc(-c2noc(-c3cc(CC4CCCCN4)on3)n2)cc1
OCNT-2312156,CYP2D6,5.495574588,4.989170236002311,3,MURCKO::O=C(Nc1ncc(C2CC2)s1)c1cccn1C1CCCC1
OCNT-2312165,CYP2D6,5.038156475,4.642508622678591,0,MURCKO::c1cc(-c2nn[nH]n2)sc1CN1CCCCC1
OCNT-2312180,CYP2D6,3.993069087,4.390184458522725,3,MURCKO::O=S(=O)(Nc1ccccc1)c1ccccc1
OCNT-2312204,CYP2D6,4.876218182,4.849155529344815,0,MURCKO::O=C(CC1CCNCC1)N(Cc1cccs1)c1ccccc1
OCNT-2312206,CYP2D6,5.956214795,4.812965338375749,0,MURCKO::O=C(NC1CCN(c2ccncc2)C1)c1cnn(-c2cn[nH]c2)n1
OCNT-2312208,CYP2D6,5.431971727,4.557421341404186,1,MURCKO::c1cc2cc(-c3cn(Cc4ncc[nH]4)nn3)ccc2cn1
OCNT-2312209,CYP2D6,4.51855207,4.706877217989803,2,MURCKO::O=C(NCC1CCN(c2ccccc2)C1)c1ccsc1
OCNT-2312226,CYP2D6,4.563563465,5.043561476792901,1,MURCKO::c1ccc(C2CCc3nnc(CCn4ccnc4)n3C2)cc1
OCNT-2312229,CYP2D6,3.772304263,4.8222904706051635,2,MURCKO::c1ccc(Oc2ccccc2)cc1
OCNT-2312240,CYP2D6,7.186430107,4.898584076866257,0,MURCKO::c1ccc(CC2CCCN2Cc2coc(-c3ccccc3)n2)cc1
OCNT-2312247,CYP2D6,4.62792246,4.403283635120688,4,MURCKO::c1ccc(Nc2nnc(C3CCOC3)[nH]2)cc1
OCNT-2312258,CYP2D6,5.383410375,4.7590548515712765,0,MURCKO::O=C(Cc1ccc2c(c1)CCCO2)NCC1CCCCC1
OCNT-2312272,CYP2D6,5.002048832,4.786224579044044,0,MURCKO::c1cc(NC2CCN(c3ccc4cn[nH]c4n3)CC2)ccn1
OCNT-2312280,CYP2D6,4.29906668,4.679171275639863,2,MURCKO::O=C(NCc1cccc2c1OCC2)c1ccccc1
OCNT-2312281,CYP2D6,5.031414103,4.828087912694079,0,MURCKO::c1ccc(OC2CCN(c3ccn4nccc4n3)CC2)cc1
OCNT-2312285,CYP2D6,5.201118532,4.792548044192624,1,MURCKO::c1cc(OC2CCC2)cc(CNc2nnc(-c3ccon3)s2)n1
OCNT-2312286,CYP2D6,4.33515324,4.817302412749756,1,MURCKO::c1ccc(-c2c[nH]nn2)cc1
OCNT-2312293,CYP2D6,4.713948522,4.941257068374843,0,MURCKO::O=C(Nc1c[nH]nc1-c1nccs1)C1CC(c2ccccc2)C1
OCNT-2312302,CYP2D6,4.794812773,4.976813093224857,4,MURCKO::O=C(NCc1ccncc1)Nc1cccc(CNC(=O)c2ccc(-n3cnc4ccccc43)cc2)c1
OCNT-2312303,CYP2D6,3.63543555,4.350876308472824,2,MURCKO::O=C1CCc2cc(NCc3ccccc3)ccc2N1
OCNT-2312312,CYP2D6,4.900788015,4.715960862257509,2,MURCKO::c1ccc(-c2nc(CN3CCC(c4ccccc4)C3)co2)cc1
OCNT-2312315,CYP2D6,4.451750093,4.490409740192238,2,MURCKO::O=S(=O)(Nc1ccc2occc2c1)c1cccc2cccnc12
OCNT-2312337,CYP2D6,4.654289807,4.783313118179664,4,MURCKO::O=C(Cc1cccnc1)NCCc1c[nH]c2ccccc12
OCNT-2312338,CYP2D6,4.734502727,4.866717801543695,1,MURCKO::O=C(NCC1CCOc2ccccc21)N1CCC(C2CCNC2)CC1
OCNT-2312351,CYP2D6,4.589633337,4.910678285484082,4,MURCKO::C1=C(c2ccccc2)CCNC1
OCNT-2312355,CYP2D6,5.29091942,4.892244677966541,3,MURCKO::c1ccc(-n2cc(CNCc3c[nH]cn3)cn2)cc1
OCNT-2312358,CYP2D6,4.528372735,4.71250347598396,4,MURCKO::O=C(c1cc(-c2ccccc2)[nH]n1)N1CCC(Cc2ccccc2)C1
OCNT-2312364,CYP2D6,4.201527367,4.66380745196029,4,MURCKO::c1ccc(CCNc2ncnc3[nH]cnc23)cc1
OCNT-2312368,CYP2D6,6.7905094,4.699539993553083,1,MURCKO::c1ccc2c(N3CCC(Oc4cnccn4)CC3)ccnc2c1
OCNT-2312372,CYP2D6,5.072653325,4.765171704043155,2,MURCKO::O=C1CCC(CN2CC=C(c3ccc4c(c3)OCCO4)CC2)CCN1
OCNT-2312385,CYP2D6,4.632342335,4.767116721325612,4,MURCKO::O=C(NCCc1ccccc1)C1CC(c2ccccc2)=NO1
OCNT-2312389,CYP2D6,5.589666425,5.06619403594027,3,MURCKO::O=C(CC1CCCCC1)NCc1nc2cnccc2s1
OCNT-2312400,CYP2D6,4.99012208,4.593098513695718,3,MURCKO::O=C1CSc2cc(C(=O)N(CCc3ccccc3)Cc3ncc[nH]3)ccc2N1
OCNT-2312401,CYP2D6,4.76647041,4.875988767784034,0,MURCKO::c1cc(N2CCNCC2)nc(OC2CCCCC2)n1
OCNT-2312407,CYP2D6,4.948697698,4.815872778205277,1,MURCKO::O=C(NCc1nc2c([nH]1)CCCC2)c1ccc2ccncc2c1
OCNT-2312410,CYP2D6,6.230587455,5.223083897524502,1,MURCKO::c1ccc(C2CNCCN2CCNc2ccc(-n3ccnc3)nn2)cc1
OCNT-2312411,CYP2D6,5.025922762,4.4901984959779835,2,MURCKO::O=c1[nH]c(NCC2CCCCO2)nc2ccccc12
OCNT-2312415,CYP2D6,4.637379845,4.746778803275928,3,MURCKO::c1ccc(CCn2nnnc2N2CCOCC2)cc1
OCNT-2312429,CYP2D6,5.078974155,4.561785011600351,2,MURCKO::c1ccc(CCNc2nccn3nccc23)cc1
OCNT-2312433,CYP2D6,4.729473042,4.522305961725666,1,MURCKO::O=S(=O)(Nc1ccc(-c2ccccc2)cc1)c1ccccc1
OCNT-2312442,CYP2D6,4.509410328,4.589475938982437,4,MURCKO::O=C(NCCc1coc(-c2ccccc2)n1)c1cn[nH]c1
OCNT-2312448,CYP2D6,5.323194287,4.7725674886619185,1,MURCKO::c1cc(CN2CC3CCCCC3C2)[nH]n1
OCNT-2312463,CYP2D6,4.700553132,4.703877569712303,4,MURCKO::c1ccc(C(Nc2nccn3nccc23)c2ncc[nH]2)cc1
OCNT-2312465,CYP2D6,5.729430405,4.5240097528708,3,MURCKO::O=c1[nH]c2ccc(NS(=O)(=O)c3ccccc3)cc2o1
OCNT-2312472,CYP2D6,4.425515273,4.60511495556085,1,MURCKO::O=C(Cc1cnc2ccccn12)N1CC(c2ccccc2)C1
OCNT-2312476,CYP2D6,4.466487648,4.79039788742663,4,MURCKO::c1ccc(-c2cc(CNc3ccccc3-n3cccn3)n[nH]2)cc1
OCNT-2312485,CYP2D6,4.86974198,4.522788566690224,2,MURCKO::O=C(CNC(=O)c1ccccc1)Nc1ccccc1-c1ncc[nH]1
OCNT-2312497,CYP2D6,5.273783733,4.599435454154777,2,MURCKO::c1ccc(CNc2ccn3nccc3n2)cc1
OCNT-2312506,CYP2D6,4.62879528,4.686645529093028,1,MURCKO::O=C(NCc1ccccc1)c1ccc2noc(-c3ccccc3)c2c1
OCNT-2312510,CYP2D6,3.8702725,5.012592086050027,2,MURCKO::O=C(Nc1ccccc1)NC1CCN(c2ccnc(-c3ccncc3)n2)CC1
OCNT-2312526,CYP2D6,4.34777003,4.701613344298061,0,MURCKO::O=C(NCC1CCN1C1CCCC1)c1cn[nH]c1
OCNT-2312546,CYP2D6,5.26651585,4.932559521281577,2,MURCKO::O=C(Nc1cccc(-c2ccccc2)c1)NC1CCc2ccccc21
OCNT-2312554,CYP2D6,6.715962757,5.200051393902378,2,MURCKO::O=C(NCC1CCc2ccccc21)c1ccnc(-n2ccnc2)c1
OCNT-2312556,CYP2D6,4.545668955,4.747723163637401,3,MURCKO::O=C(CCCN1C(=O)c2ccccc2C1=O)NCc1ccncc1
OCNT-2312575,CYP2D6,4.695429247,4.693726147333587,3,MURCKO::O=C(NCC(=O)N1CCC(c2ccccc2)CC1)c1ccccc1
OCNT-2312594,CYP2D6,4.546142192,4.784975036238224,1,MURCKO::O=C(NCCc1cnn(-c2ccccc2)n1)C1(c2ccccc2)CC1
OCNT-2312606,CYP2D6,4.56985311,4.587388159718725,1,MURCKO::O=C(c1c[nH]c2ccccc12)N1CCC(n2c(=O)[nH]c3ccccc32)CC1
OCNT-2312607,CYP2D6,4.50614178,4.87892936783459,1,MURCKO::O=C(c1cc2ccccc2[nH]1)N1CCC(Cc2nccs2)C1
OCNT-2312608,CYP2D6,4.754357755,4.824425783159584,4,MURCKO::c1ccc(CCNc2ccc3nccnc3n2)cc1
OCNT-2312650,CYP2D6,6.410414102,4.744552114569236,3,MURCKO::O=C(NCCC1CCCCC1)c1cccc(-c2cnco2)c1
OCNT-2312662,CYP2D6,5.058286792,4.730350459859361,1,MURCKO::O=C(CNC1CCCC1)NCCc1c[nH]c2ccccc12
OCNT-2312702,CYP2D6,4.823165943,4.499417365956659,0,MURCKO::c1ccc2ncccc2c1
OCNT-2312704,CYP2D6,4.583397205,4.449070428051778,4,MURCKO::c1cnc(NCCCN2CCOCC2)nc1
OCNT-2312712,CYP2D6,4.928469325,4.657296262837839,4,MURCKO::O=S(=O)(Cc1ccccc1)NCc1nc(-c2ccccc2)no1
OCNT-2312713,CYP2D6,4.66240703,4.5438004708582,4,MURCKO::O=C(CCc1ccncc1)N1CCC(N2CCNCC2)C1
OCNT-2312719,CYP2D6,5.130687135,5.0196297138771975,0,MURCKO::O=C(Nc1ccccc1)NC1CCOc2ccccc21
OCNT-2312721,CYP2D6,4.7666282,4.760322981163468,4,MURCKO::O=C(NC1COc2ccccc2C1)c1ccccn1
OCNT-2312735,CYP2D6,4.86856131,4.886412404534419,4,MURCKO::c1cncc(Oc2ccc(Nc3ncnc4oncc34)cc2)c1
OCNT-2312738,CYP2D6,4.750360095,4.740227692841868,4,MURCKO::O=C(NC1CCOC1)c1cn[nH]c1
OCNT-2312743,CYP2D6,4.634486723,4.37553973708659,4,MURCKO::O=C(Nc1cn[nH]c1)NC1CCc2ccccc21
OCNT-2312773,CYP2D6,4.499803,4.7840823998458735,4,MURCKO::O=C(Cc1cn(-c2ccccc2)nn1)N1CCOCC1CC1CC1
OCNT-2312798,CYP2D6,5.125374545,4.858873533816053,2,MURCKO::O=C(COc1cccnc1)N1CCCC1Cc1ccccc1
OCNT-2312800,CYP2D6,6.105134497,4.831953486702032,2,MURCKO::O=C(NC1CCN(CCc2ccccc2)CC1)c1cccs1
OCNT-2312825,CYP2D6,4.837867078,4.827011421156815,2,MURCKO::O=C(NCc1csc2ccccc12)c1cc(C2CC2)[nH]n1
OCNT-2312831,CYP2D6,5.374398307,4.693503066633107,4,MURCKO::O=C(Cn1cccn1)Nc1ccc(Cc2ccncc2)cc1
OCNT-2312832,CYP2D6,6.040400095,5.022394004438906,3,MURCKO::c1ccc(-c2nc(CN3CCC(c4ncco4)CC3)co2)cc1
OCNT-2312836,CYP2D6,5.387947622,4.61062534665098,3,MURCKO::c1ccc(N2CCCC(c3ccncc3)C2)nc1
OCNT-2312847,CYP2D6,4.17702443,4.9322601553273815,2,MURCKO::O=S(=O)(c1ccc2c(c1)OCO2)N(CC1CC1)CC1CC1
OCNT-2312850,CYP2D6,4.797526185,4.342210860990447,2,MURCKO::O=C(CCc1ccccc1)NCc1ccn[nH]1
OCNT-2312851,CYP2D6,5.296282905,4.803153748266034,3,MURCKO::O=S(=O)(c1ccc2c(c1)CCCO2)N(CC1CC1)CC1CNCCO1
OCNT-2312874,CYP2D6,4.53940235,5.042202539498175,4,MURCKO::c1cn2cncc2cc1-c1noc(C2CC23CCOC3)n1
OCNT-2312890,CYP2D6,5.225659653,4.8714933367204845,0,MURCKO::c1ccc(-n2ccnc2)nc1
OCNT-2312921,CYP2D6,5.303019205,4.874394525079332,3,MURCKO::O=C(NCc1ccccc1)c1cccc(Cn2ccnc2)c1
OCNT-2312925,CYP2D6,4.47348305,5.028262590738354,0,MURCKO::c1ccc2c(N3CCCC3CN3CCCC3)ncnc2c1
OCNT-2312932,CYP2D6,6.033006278,4.796358366145508,0,MURCKO::c1cnc(N2CCC(c3ccncc3)CC2)nc1
OCNT-2312941,CYP2D6,6.69563749,4.651615467956892,4,MURCKO::O=C1NCC2(CCN(CCc3ccccc3)CC2)Oc2ccccc21
OCNT-2312943,CYP2D6,4.335994807,4.752082018512242,4,MURCKO::O=C(Cc1ccccc1)N1CCN(C(=O)c2cc3ccccc3c(=O)[nH]2)CC1
OCNT-2312947,CYP2D6,5.399259727,5.1646145748427745,1,MURCKO::O=C(Nc1ccccc1)C1CCc2ccccc2N1C(=O)C1CCN(c2ncccn2)CC1
OCNT-2312951,CYP2D6,5.40185169,4.796743989424529,0,MURCKO::O=C(NCCc1ccccn1)c1cc[nH]c1-c1ccccc1
OCNT-2312959,CYP2D6,4.221894255,4.627736816871285,1,MURCKO::c1ccc(N2CCC(Nc3ccncn3)C2)cc1
OCNT-2312961,CYP2D6,4.49313406,4.739732130918346,4,MURCKO::O=C(NC1CCN(c2ccccn2)C1)c1ccccc1
OCNT-2312969,CYP2D6,4.837763015,4.731041112016407,3,MURCKO::c1ccc(-c2ccc(NCc3cn[nH]c3)nc2)cc1
OCNT-2312992,CYP2D6,5.160772223,4.628564410013018,2,MURCKO::O=C(c1ccccc1)N1CCC2C(CCCN2C2CC2)C1
OCNT-2312995,CYP2D6,4.94468207,5.200050890601839,3,MURCKO::c1ccc(C2CCN(c3nsc(C4CC4)n3)C2)cc1
OCNT-2312996,CYP2D6,4.635499835,4.654459781054589,1,MURCKO::O=C(Cc1ccccc1)NCCCNc1ccccn1
OCNT-2313019,CYP2D6,5.441056267,4.727261092542235,2,MURCKO::O=c1c2nnn(C3CC3)c2ncn1Cc1ccccc1
OCNT-2313023,CYP2D6,4.611851455,4.5922131637595225,1,MURCKO::O=C(Nc1cccc(S(=O)(=O)Nc2ccccc2)c1)c1cccnc1
OCNT-2313024,CYP2D6,4.421127375,4.990832817262845,0,MURCKO::c1cc(Cn2ccnc2)cc(-c2noc(-c3cn(-c4cccc5cccnc45)nn3)n2)c1
OCNT-2313032,CYP2D6,4.231444813,4.767056050550101,3,MURCKO::c1ccc(NCc2c[nH]nc2-c2ccsc2)cc1
OCNT-2313035,CYP2D6,4.775547402,4.549820359471962,3,MURCKO::c1ccc(N2CCN(Cc3nn[nH]n3)CC2)cc1
OCNT-2313041,CYP2D6,4.343164012,4.483193216259279,1,MURCKO::O=c1[nH]ccnc1N1CCN(S(=O)(=O)c2ccccc2)CC1
OCNT-2313046,CYP2D6,4.948981785,4.756963524905857,0,MURCKO::c1ccc(-c2nc(CN3CCCCC3)cs2)cc1
OCNT-2313053,CYP2D6,5.608274595,5.088366006171041,0,MURCKO::c1ccc(Cn2cc(CNCC3CCCCC3)c(-c3cccnc3)n2)cc1
OCNT-2313058,CYP2D6,5.552559793,5.2685239665136105,0,MURCKO::O=C(CCC1CCNCC1)Nc1ccc(-n2ccnc2)cc1
OCNT-2313062,CYP2D6,4.56037505,4.790717062058024,1,MURCKO::O=C(CCNc1ccnc2ccccc12)N1CCCCC1
OCNT-2313080,CYP2D6,4.890751172,4.492555561781728,2,MURCKO::c1ccc2c(N3CCNCC3)ccnc2c1
OCNT-2313085,CYP2D6,5.372491528,4.479470275580272,4,MURCKO::c1ccc(N2CCN(CCCC3CCCO3)CC2)cc1
OCNT-2313088,CYP2D6,4.694257665,4.733744925769122,0,MURCKO::O=C(Nc1ccc(-c2ncc3n2CCCC3)cc1)c1cnn[nH]1
OCNT-2313093,CYP2D6,4.488723545,4.725986145121236,0,MURCKO::c1ccc(NCc2ccnc(N3CCCC3)n2)nc1
OCNT-2313100,CYP2D6,5.9466183,4.5787834018884075,1,MURCKO::c1ccc(C2CC(NCc3cc[nH]c3)C2)cc1
OCNT-2313101,CYP2D6,5.710005255,4.664226358225784,4,MURCKO::c1ccc(CNC2CCCc3ccccc32)cc1
OCNT-2313106,CYP2D6,5.235721253,4.616230611281711,0,MURCKO::O=C(NCC(c1ccccc1)N1CCOCC1)c1cccc2c1CCC2
OCNT-2313107,CYP2D6,7.074411178,4.820999234108351,3,MURCKO::c1ccc2c(c1)CC(NCc1ccsc1)C2
OCNT-2313117,CYP2D6,4.554106922,4.824210854121242,3,MURCKO::O=C(Nc1cc(-c2ccccc2)n[nH]1)c1cnc[nH]1
OCNT-2313122,CYP2D6,5.220961942,5.09267192774045,1,MURCKO::O=C(Cc1ccccc1)NCc1ccccc1-c1ccncc1
OCNT-2313124,CYP2D6,4.548939843,4.701527108281514,1,MURCKO::O=C(NCCc1cc[nH]n1)NC1COc2ccccc21
OCNT-2313143,CYP2D6,5.750609368,4.868964131297763,0,MURCKO::O=C(NCc1cccc(-c2nc[nH]n2)c1)C1CC1c1ccncc1
OCNT-2313155,CYP2D6,5.081173085,4.857585308037054,3,MURCKO::c1ccc2c(c1)CCOC21CCN(c2ncnc3[nH]ccc23)CC1
OCNT-2313159,CYP2D6,4.716784168,5.123683359488452,0,MURCKO::O=S(=O)(c1cnoc1)N1CC(c2ccccc2)C2(CCC2)C1
OCNT-2313161,CYP2D6,4.888509808,4.4880157467265835,3,MURCKO::c1ccc(CCNc2nccc3[nH]nnc23)nc1
OCNT-2313164,CYP2D6,4.49011357,4.775652198963183,1,MURCKO::O=C(c1cc(-c2ccccn2)ns1)N1CCCC(c2ccccc2)C1
OCNT-2313173,CYP2D6,4.530712933,4.52458637085408,1,MURCKO::c1ccc(-c2nnn(Cc3nc(-c4ccc5[nH]cnc5c4)no3)n2)cc1
OCNT-2313175,CYP2D6,4.461706177,4.337066094284939,3,MURCKO::O=C(NCc1cccc(N2CCNC2=O)c1)c1csc(Nc2ccccc2)n1
OCNT-2313184,CYP2D6,4.489058912,4.911732490024038,4,MURCKO::O=C(NCc1ccccc1)Nc1nnc(-c2ccccn2)s1
OCNT-2313188,CYP2D6,5.8201217,4.896665432274029,3,MURCKO::O=C(CCC1CCCCC1)NCc1ccc(C(=O)Nc2ccncc2)cc1
OCNT-2313195,CYP2D6,4.789957305,4.774104674591746,3,MURCKO::c1ccc(OCCCN2CC34CCCCC3(CNC4)C2)cc1
OCNT-2313201,CYP2D6,4.355014435,4.7391352465311485,3,MURCKO::O=C(Nc1ccccc1)Nc1ccn(Cc2ccccc2)n1
OCNT-2313211,CYP2D6,4.836033357,4.792835050629405,3,MURCKO::O=C(Cc1cn[nH]c1)NC1CNCC1c1ccccc1
OCNT-2313233,CYP2D6,4.964212883,5.0127978529810715,4,MURCKO::O=C(Cc1ccccc1)NCCNc1ccc2ccccc2n1
OCNT-2313237,CYP2D6,5.250052155,4.741073226449671,4,MURCKO::O=C(Nc1ccccc1)C(c1ccccc1)N1CCC(c2nnc3ccccn23)CC1
OCNT-2313239,CYP2D6,4.639137015,4.75013260622346,0,MURCKO::c1ccc(N2CCCC2)cc1
OCNT-2313241,CYP2D6,5.37366578,4.8893453448249975,2,MURCKO::O=C(Nc1ccccc1)c1cccc(Nc2cnccn2)c1
OCNT-2313250,CYP2D6,7.28737555,4.843671807623018,1,MURCKO::O=C(CC1CC2CCC1O2)Nc1ccc(Oc2ccncc2)cc1
OCNT-2313251,CYP2D6,5.132540715,4.544720804278335,3,MURCKO::O=C(Nc1ccc(-n2cccn2)cc1)c1ccnn1-c1ccccc1
OCNT-2313255,CYP2D6,2.024786138,4.644441749729484,1,MURCKO::O=C(c1cc2cccnc2s1)N1CCC(n2cccn2)C1
OCNT-2313260,CYP2D6,4.70978301,4.693988779729986,1,MURCKO::O=C(NCCNc1cnccn1)c1c[nH]nc1-c1ccc2c(c1)OCCO2
OCNT-2313271,CYP2D6,4.434132543,4.67053492718694,0,MURCKO::O=C(NCCc1ccccc1)C1CC1
OCNT-2313274,CYP2D6,4.675714062,5.727558047657858,2,MURCKO::c1ccc2cc(CCCNC3CCCCC3)ccc2c1
OCNT-2313294,CYP2D6,4.951603272,5.2520768316085515,0,MURCKO::O=S(=O)(NCc1nc2ccccc2[nH]1)c1ccccc1
OCNT-2313300,CYP2D6,6.269737023,5.2501722752133295,1,MURCKO::O=C(Nc1ccc(-n2ccnc2)cc1)c1cc[nH]c1
OCNT-2313305,CYP2D6,4.539199395,4.774752843102863,1,MURCKO::O=C(NCC1CC1)Nc1cccnc1
OCNT-2313325,CYP2D6,3.833653485,5.2796193541701975,1,MURCKO::O=C(NC1CCN(c2ccccc2)C1)N1CCN(c2ncccn2)CC1
OCNT-2313360,CYP2D6,5.407307175,4.624135425036503,3,MURCKO::O=S(=O)(c1ccc(CNC2CCC23CCC3)cc1)N1CCOCC1
OCNT-2313362,CYP2D6,6.520498622,4.762687563818561,0,MURCKO::O=S(=O)(NC12CCCC1CNC2)c1cc(C2CC2)no1
OCNT-2313374,CYP2D6,4.323496842,4.964038543891246,0,MURCKO::O=C(NCC1C2CC3CC(C2)CC1C3)Nc1ccccc1
OCNT-2313383,CYP2D6,4.358671278,4.639809302543555,3,MURCKO::O=C(Nc1cc[nH]c(=O)c1)N(Cc1ccccc1)C1CCC1
OCNT-2313386,CYP2D6,4.609183165,4.630960215756673,3,MURCKO::O=C(CCCc1c[nH]c2ccccc12)NCC(=O)NCc1ccccc1
OCNT-2313388,CYP2D6,4.760507628,4.864622241362279,3,MURCKO::O=C(NCCc1ccccc1)c1cc2ccncc2s1
OCNT-2313389,CYP2D6,4.7499652,4.7900911320395085,0,MURCKO::c1ccc(CN2CCC(Nc3ccc4nncn4n3)CC2)cc1
OCNT-2313400,CYP2D6,4.82414302,5.008890505381295,1,MURCKO::c1cc(COc2ccc(Cn3cc(C4CCCCC4)nn3)cc2)ccn1
OCNT-2313402,CYP2D6,3.606227758,4.78340385344835,4,MURCKO::O=C(CCc1ccccc1)NC1CCC2(CC1)N=N2
OCNT-2313423,CYP2D6,4.697239085,4.852392849355587,1,MURCKO::O=S(=O)(Nc1cccc2c1CNC2)c1ccccc1
OCNT-2313433,CYP2D6,4.553075758,5.274189242227175,1,MURCKO::c1ccc(NCC2CCCN(c3ncnc4nc[nH]c34)C2)cc1
OCNT-2313460,CYP2D6,5.160499902,4.820714128494499,3,MURCKO::c1csc(CCCNc2ncnc3sccc23)c1
OCNT-2313465,CYP2D6,5.538714165,4.783261786341665,3,MURCKO::O=C(NCCc1ccccc1)c1cc2ccccc2s1
OCNT-2313489,CYP2D6,5.255717423,4.597010163304222,1,MURCKO::O=C(NCCc1ccccc1)C1CCS1(=O)=O
OCNT-2313504,CYP2D6,4.674876455,4.789471509602792,4,MURCKO::c1cnc2ccc(CNc3ncnc4sccc34)cc2c1
OCNT-2313520,CYP2D6,4.537143373,4.2566190559810115,4,MURCKO::O=C(Nc1ccccc1N1CCCCC1)c1cncc(-c2cn[nH]c2)c1
OCNT-2313522,CYP2D6,4.51859299,4.856643359728244,1,MURCKO::O=C(c1ccc2[nH]ccc2c1)N1CCC(c2c[nH]cn2)CC1
OCNT-2313533,CYP2D6,4.9488393,5.029491146341128,2,MURCKO::O=C(Cc1ccc2cn[nH]c2c1)NC1CC1c1ccccc1
OCNT-2313558,CYP2D6,5.32955939,4.810147644944732,4,MURCKO::O=C(NCCC1OCCc2ccccc21)Nc1ccnnc1
OCNT-2313581,CYP2D6,5.225084095,4.60917329888054,1,MURCKO::O=C(CNc1cccnc1)NCCc1ccccc1
OCNT-2313630,CYP2D6,4.321523303,4.624509290495865,4,MURCKO::O=C(NC1CCCN(c2ccccc2)C1)c1ccnn1C1CCC1
OCNT-2313636,CYP2D6,5.090295705,4.674662932706807,4,MURCKO::O=C1NCC(C(=O)N2CCN(c3cccnc3)CC2)c2ccccc21
OCNT-2313647,CYP2D6,4.87622875,4.931366229531735,4,MURCKO::O=C(NC1CCc2ccccc21)c1conc1-c1cccnc1
OCNT-2313652,CYP2D6,4.600899405,4.9829798617640035,4,MURCKO::O=C(Cc1ccccc1)NC1CCOc2ccccc21
OCNT-2313654,CYP2D6,4.618860472,4.77062229138031,0,MURCKO::O=C(NC1CC(c2ccccc2)C1)c1cnsc1
OCNT-2313664,CYP2D6,4.004343817,4.695456044885685,4,MURCKO::O=C(NC1CC1)c1cccc(S(=O)(=O)NC23CCCC2CNC3)c1
OCNT-2313666,CYP2D6,4.496569798,4.571272718196338,4,MURCKO::O=C(NCCC1CCCCC1)c1cnc2n1CCC2
OCNT-2313669,CYP2D6,4.414045225,5.108810957081339,4,MURCKO::O=C(NCCc1c[nH]c2ccccc12)C1CNCCO1
OCNT-2313683,CYP2D6,4.249133468,4.622864137160318,0,MURCKO::O=C(CNc1ccccc1)Nc1ccnn1C1CCS(=O)(=O)C1
OCNT-2313726,CYP2D6,5.025232475,4.311826038657533,0,MURCKO::O=C(NC1CCc2ccccc21)c1ccccn1
OCNT-2313749,CYP2D6,4.60309639,4.952725761839911,2,MURCKO::O=C(c1cc2ccccc2[nH]1)N1CCC(c2ccccc2)C1
OCNT-2313756,CYP2D6,4.813807308,4.544124899918845,2,MURCKO::O=C(c1occ2c1CCC2)N1CCN(CCc2ccncc2)CC1
OCNT-2313761,CYP2D6,4.570598765,4.82441906786722,1,MURCKO::c1cn(-c2ccnc(NCc3ccc(N4CCNCC4)cc3)n2)cn1
OCNT-2313767,CYP2D6,4.5906571,4.589391387828538,2,MURCKO::O=C(Cc1cn[nH]c1)NC1CCCc2cn[nH]c21
OCNT-2313769,CYP2D6,4.45230737,4.896340675521811,2,MURCKO::O=S(=O)(c1ccc(CNC2(Cc3ccccc3)CCOCC2)o1)N1CCCC1
OCNT-2313778,CYP2D6,5.233587242,4.747435054479805,3,MURCKO::O=C(c1ccc(Cn2cncn2)cc1)N1CC(C2CC2)CC1C1CC1
OCNT-2313789,CYP2D6,4.67524676,4.9846391363103795,4,MURCKO::O=c1c2c(-c3ccccc3)csc2ncn1CCC1CCNC1
OCNT-2313799,CYP2D6,4.419100412,5.299983727794261,0,MURCKO::O=C(NCC1(Cc2ccccc2)CCC1)c1cccc2cn[nH]c12
OCNT-2313808,CYP2D6,6.255231015,4.530895211689865,1,MURCKO::O=C(NCC1CCN1C1CCOCC1)c1csc(-c2ccoc2)n1
OCNT-2313826,CYP2D6,5.63901553,4.673902536015513,0,MURCKO::O=C(NC1CCC1c1ccccc1)c1ccc[nH]1
OCNT-2313861,CYP2D6,6.4572854,4.843072180480288,2,MURCKO::C1CCC(CCCN2CCNCC2)C1
OCNT-2313871,CYP2D6,4.770970175,4.7910462292783595,0,MURCKO::O=C(NCCN1CCN(c2ncccn2)CC1)c1ccccc1
OCNT-2313891,CYP2D6,4.597468725,5.167635553023141,0,MURCKO::O=C(CN1CCCC1)Nc1ccc(S(=O)(=O)NCc2ccccc2)cc1
OCNT-2313919,CYP2D6,4.1664496,4.413840618028342,4,MURCKO::O=C(Nc1cccs1)c1ccccc1
OCNT-2313933,CYP2D6,3.773737057,4.695168804753831,2,MURCKO::c1nc(NCc2ccc3c(c2)OCO3)c2nnn(C3CC3)c2n1
OCNT-2313944,CYP2D6,4.338693753,4.66833707011945,2,MURCKO::O=C(NCC(c1ccccc1)c1c[nH]c2ccccc12)N1CCCC1
OCNT-2313982,CYP2D6,5.45933297,4.596804360347585,0,MURCKO::O=C(CCc1ncc[nH]1)NCCNc1ccccn1
OCNT-2313984,CYP2D6,6.913799863,4.895391293936335,1,MURCKO::c1ccc(CCNCc2ccc3cc[nH]c3n2)cc1
OCNT-2313985,CYP2D6,4.610813282,4.691268988597091,2,MURCKO::O=C(Nc1cccc(N2CCOCC2)c1)NC12CCCC1CNC2
OCNT-2313994,CYP2D6,4.80404251,5.034075479184729,3,MURCKO::c1cc(N2CCC(Cc3c[nH]cn3)CC2)ncn1
OCNT-2313997,CYP2D6,4.617108802,4.5985453918626575,1,MURCKO::O=C(C1CC1c1ccccc1)N1CCC(Nc2ccncc2)C1
OCNT-2314003,CYP2D6,4.488583055,4.998218643235084,4,MURCKO::O=C(NCc1ccncc1)c1n[nH]c2ncccc12
OCNT-2314020,CYP2D6,4.663499348,4.707374714804095,2,MURCKO::O=C(c1ccc(-c2cn[nH]c2)cc1)N1CCCOCC1
OCNT-2314025,CYP2D6,3.36846468,5.050800442217721,2,MURCKO::O=C(NCc1ccccc1)C1CCN(c2nc3ccccc3[nH]2)CC1
OCNT-2314028,CYP2D6,4.641966668,4.834352935142228,1,MURCKO::O=C(c1ccc(NCC2CC2)nc1)N1CC=C(c2c[nH]c3ccccc23)CC1
OCNT-2314054,CYP2D6,4.64942307,4.793140282702595,4,MURCKO::c1ccc(-c2cc(NCc3ccccn3)n3ncnc3n2)cc1
OCNT-2314062,CYP2D6,5.107327215,4.89432179120057,2,MURCKO::c1ccc(-c2nc(-c3ccc4[nH]ccc4c3)no2)cc1
OCNT-2314087,CYP2D6,4.449237828,4.446626913934523,3,MURCKO::O=C1CC(c2nc(-c3cccc(-c4nnc[nH]4)c3)no2)CN1c1ccc2c(c1)CCC2
OCNT-2314112,CYP2D6,4.6067638,4.7997549092175635,2,MURCKO::c1ccc(CCNCc2ccn3nccc3n2)cc1
OCNT-2314118,CYP2D6,4.492107222,5.167786076992368,0,MURCKO::O=C(CC1CCCCC1)NC1CCC(C(=O)NCc2c[nH]cn2)CC1
OCNT-2314120,CYP2D6,4.131899835,4.982809988428345,1,MURCKO::c1ccc2c(Nc3ccc4[nH]ccc4c3)ncnc2c1
OCNT-2314135,CYP2D6,5.61096984,4.895669117735203,4,MURCKO::O=C(Nc1ccc(Cc2ccncc2)cc1)c1cn[nH]c1
OCNT-2314136,CYP2D6,4.984880085,4.794646464757217,3,MURCKO::c1cc2c(cc1Nc1nnc(C3CCC3)[nH]1)OCO2
OCNT-2314144,CYP2D6,4.888629918,4.6320969451724014,0,MURCKO::c1ccc(C2CCC2c2nc(-c3cnccn3)no2)cc1
OCNT-2314158,CYP2D6,4.674481532,4.671106801257316,2,MURCKO::O=C(c1cnco1)N1c2ccncc2N2CCC1C2
OCNT-2314160,CYP2D6,5.51239525,4.855903448821509,1,MURCKO::O=S(=O)(NCCc1ccccc1)c1cccnc1
OCNT-2314169,CYP2D6,5.124832377,4.490502449904773,3,MURCKO::O=C(c1[nH]cc2c1CCS2(=O)=O)N1CCN(c2ccnc3ccccc23)CC1
OCNT-2314176,CYP2D6,5.766621612,5.034148854493634,1,MURCKO::c1ccc(Cn2cc(Cn3ccnc3)nn2)cc1
OCNT-2314178,CYP2D6,4.516704758,4.849267405833768,2,MURCKO::c1ccc(C2CCN(c3ncnc4c3CCCC4)C2)cc1
OCNT-2314182,CYP2D6,5.072708598,4.811179415371043,1,MURCKO::O=C(NCc1ccc(-c2ccccc2)cc1)c1ccncn1
OCNT-2314210,CYP2D6,4.86401159,4.625034121860899,4,MURCKO::c1ccc(CNc2ncnc3[nH]ncc23)cc1
OCNT-2314213,CYP2D6,4.393532967,4.735017018391229,3,MURCKO::c1ccc(Cn2cc(-c3ccccc3)nn2)cc1
OCNT-2314219,CYP2D6,4.8163598,4.930166959194395,3,MURCKO::c1ccc(CCNc2ncnc3[nH]nnc23)cc1
OCNT-2314223,CYP2D6,4.788874928,4.812870694542255,0,MURCKO::O=C(Nc1cc(-c2ccncc2)n[nH]1)C1CCCC1
OCNT-2314226,CYP2D6,4.834340362,4.794973435150023,3,MURCKO::O=C(Nc1ccccc1)c1cccc(Cn2cncn2)c1
OCNT-2314233,CYP2D6,6.566994755,4.594647948927353,1,MURCKO::O=C(c1ccccc1)N1CCNC(c2ccccc2)C1
OCNT-2314235,CYP2D6,4.327968535,4.604127316902659,2,MURCKO::c1ccc2c(c1)CCN(c1ncnc3[nH]ccc13)C2
OCNT-2314237,CYP2D6,6.956523055,5.086824307727998,4,MURCKO::c1ccc2sc(CN3CCC(Cc4c[nH]cn4)CC3)nc2c1
OCNT-2314242,CYP2D6,5.280776795,4.47940321572065,0,MURCKO::c1ccc2[nH]c(-c3ccc(Oc4cnccn4)cc3)nc2c1
OCNT-2314243,CYP2D6,4.962064125,4.515430297104334,0,MURCKO::c1ccc(-n2ncc3c2CCCN(Cc2ncn[nH]2)C3)cc1
OCNT-2314254,CYP2D6,5.645484288,4.669544500085394,2,MURCKO::O=C(NCCN1CCc2sccc2C1)c1cc2ccccc2[nH]1
OCNT-2314255,CYP2D6,4.375300795,4.87471950851243,3,MURCKO::O=C(NCc1cn2c(n1)CCCC2)NC1CC(c2ccccc2)C1
OCNT-2314261,CYP2D6,5.398617677,5.039119155228601,4,MURCKO::O=C(CNC1CCCOc2ccccc21)NCC1CC1
OCNT-2314262,CYP2D6,4.465121873,4.5328572327838,1,MURCKO::O=C(c1cc[nH]c1)N(Cc1cnc[nH]1)CC1CC12CCC2
OCNT-2314263,CYP2D6,4.524866402,4.6785087354632005,4,MURCKO::c1ccc(CNc2cccc(-c3nnc[nH]3)c2)cc1
OCNT-2314266,CYP2D6,4.79503947,4.609603403775794,1,MURCKO::O=C(Nc1cccc2c1CNCC2)c1cc2ccccn2n1
OCNT-2314267,CYP2D6,5.242811918,4.856721246640868,0,MURCKO::O=S(=O)(c1cccs1)N1CCCC1c1nc(-c2ccccc2)no1
OCNT-2314271,CYP2D6,5.222860963,4.8732087217913795,1,MURCKO::c1ccc(CCCNCc2ccnn2-c2ccccc2)cc1
OCNT-2314275,CYP2D6,5.307121405,4.834819064537562,2,MURCKO::c1ccc(CCNc2ccnc3nccn23)cc1
OCNT-2314296,CYP2D6,5.212197905,4.815268934728487,3,MURCKO::O=C(NCc1ncc(-c2ccccc2)[nH]1)c1c[nH]nc1-c1ccncc1
OCNT-2314324,CYP2D6,4.37692649,4.759911896903894,4,MURCKO::O=C(Nc1nccs1)c1cccc(S(=O)(=O)N2CCOCC2)c1
OCNT-2314329,CYP2D6,4.628636855,5.186756281823673,3,MURCKO::O=C(NCc1ccccc1)c1csc(-c2nnc[nH]2)n1
OCNT-2314338,CYP2D6,4.381336222,4.608765276383643,1,MURCKO::O=C(NCCCOc1ccccc1)NCc1ccccc1
OCNT-2314342,CYP2D6,5.212809662,5.133172468361456,4,MURCKO::O=C(NCC1CCNC1)c1ccccc1
OCNT-2314356,CYP2D6,4.461024222,4.6636707434826095,4,MURCKO::O=C(NCc1c[nH]c2ccccc12)c1cc2c(nn1)CCCC2
OCNT-2314360,CYP2D6,4.393644702,4.950383119009652,3,MURCKO::O=C(NCC1(Cc2ccccc2)CCCC1)c1ccc2[nH]ncc2c1
OCNT-2314371,CYP2D6,4.482635808,4.875457054434882,4,MURCKO::O=C(c1cnc2[nH]ncc2c1)N1CCCC1c1ccccc1
OCNT-2314377,CYP2D6,4.407693238,4.734340326098233,0,MURCKO::O=C(Nc1cnc(C2CC2)nc1)N1CC2(CCC2)C1c1ccccc1
OCNT-2314380,CYP2D6,4.393291288,4.535644306924901,0,MURCKO::O=C(NC(C1CCC1)C1CCC1)C12CC(C1)C2
OCNT-2314381,CYP2D6,4.513393755,4.740361237976225,2,MURCKO::c1cnc(N(Cc2cn[nH]c2)CC2CCc3ccccc32)nc1
OCNT-2314395,CYP2D6,5.719939133,4.81997049232821,0,MURCKO::c1ccc(CC2CN(c3nc4cnccc4[nH]3)CCO2)cc1
OCNT-2314397,CYP2D6,4.43539628,4.756381901328499,4,MURCKO::c1ccc2c(c1)OCC(c1noc(C3CCCc4n[nH]cc43)n1)O2
OCNT-2314412,CYP2D6,4.312396428,4.586481725580365,4,MURCKO::c1ccc(Oc2cnc(SCc3nc4cccnc4[nH]3)nc2)cc1
OCNT-2314426,CYP2D6,4.582288155,4.731460602249443,1,MURCKO::O=C(NCC1CCN(c2ccccc2)C1)c1cccc(C2COC2)c1
OCNT-2314434,CYP2D6,5.427175735,4.892600127011936,2,MURCKO::O=C(CCc1cn[nH]c1)N1CC2CCN(C(=O)CC3CCCCC3)C(C2)C1
OCNT-2314445,CYP2D6,4.656172,4.418168799043954,3,MURCKO::O=C(Nc1ccccn1)N1CCCc2ccccc2CC1
OCNT-2314459,CYP2D6,4.361597745,4.423157685202707,3,MURCKO::c1cn(Cc2ccn[nH]2)cn1
OCNT-2314462,CYP2D6,4.511637978,4.694172224601954,0,MURCKO::O=S(=O)(Nc1cccc2cc[nH]c12)c1ccccc1
OCNT-2314467,CYP2D6,4.479598365,4.523635003028282,3,MURCKO::c1ccc(Cc2cnc(NCc3cn[nH]c3)s2)cc1
OCNT-2314468,CYP2D6,4.481437738,4.672535441586675,2,MURCKO::c1ccc2c(c1)[nH]c1ncnc(NC3CCCC3n3cccn3)c12
OCNT-2314473,CYP2D6,2.723357548,5.078992089625007,3,MURCKO::c1ccc(N2CCCN(c3ncnc4[nH]ccc34)CC2)nc1
OCNT-2314478,CYP2D6,4.599470948,4.600406462266482,2,MURCKO::O=C(CN1CCN(C(=O)c2ccco2)CC1)Nc1cccn1-c1ccccc1
OCNT-2314480,CYP2D6,4.515234905,4.648333683147531,3,MURCKO::O=C(c1ccco1)N1CCN(Cc2coc(-c3ccccc3)n2)CC1
OCNT-2314484,CYP2D6,4.411374415,4.860056686634545,0,MURCKO::O=C(NCCc1nc2ccccc2s1)c1ccccc1
OCNT-2314494,CYP2D6,5.926127487,4.685864188547331,2,MURCKO::O=C(CC1OCCc2ccsc21)Nc1ccc(-n2cnnn2)cc1
OCNT-2314500,CYP2D6,4.818200187,4.619065647177026,0,MURCKO::c1ccc(N2CCc3ccccc3C2)nc1
OCNT-2314509,CYP2D6,4.6207381,5.007539909540499,3,MURCKO::O=C(Nc1ccncc1)C1CSCN1C(=O)c1ccccc1
OCNT-2314526,CYP2D6,4.774912345,4.576063954530861,1,MURCKO::c1cncc(Oc2ccc(CNc3ccnc(C4CC4)n3)cc2)c1
OCNT-2314528,CYP2D6,5.25034773,4.968450407024633,1,MURCKO::c1ccc(N2CCC(CNc3ncnc4ccccc34)C2)cc1
OCNT-2314548,CYP2D6,4.773710355,4.909630927767157,1,MURCKO::O=C(NCC1CCN(C(=O)c2cnn(-c3ccncc3)c2)CC1)c1n[nH]c2ccccc12
OCNT-2314551,CYP2D6,4.753949513,4.771234808147392,0,MURCKO::O=C(COC(=O)c1cnc2[nH]ncc2c1)NCCOc1ccc2c(c1)OCO2
OCNT-2314559,CYP2D6,6.40053131,4.635076641770347,3,MURCKO::c1ccc(-c2nc(N3CCOC(CNc4cccnn4)C3)nc3ccccc23)cc1
OCNT-2314584,CYP2D6,4.340274397,4.832833658543289,3,MURCKO::O=C(NC1CCNC1=O)c1cc(-c2ccncc2)n[nH]1
OCNT-2314588,CYP2D6,5.21091777,4.762600345571281,4,MURCKO::c1ccc(CC2(CNCc3c[nH]nc3-c3cccnc3)CC2)cc1
OCNT-2314592,CYP2D6,4.72819021,4.860201270192947,0,MURCKO::c1ccc(-n2nncc2C2CC2)cc1
OCNT-2314594,CYP2D6,4.257312953,4.312178435909903,0,MURCKO::O=C(CN1CCC1)NCCc1ccccc1
OCNT-2314601,CYP2D6,4.54375474,4.670454895379432,4,MURCKO::c1ccc(-n2cnnn2)cc1
OCNT-2314602,CYP2D6,4.776920635,4.871018959676331,0,MURCKO::O=C(Nc1ccc2cc[nH]c2c1)c1cn(Cc2ccncc2)nn1
OCNT-2314603,CYP2D6,2.687034527,4.6770027560264475,2,MURCKO::O=C(NCCNC1CC1)c1cc(-c2ccccn2)nc2ccccc12
OCNT-2314607,CYP2D6,4.787198853,4.552028518624172,3,MURCKO::c1cc(N(Cc2ncc[nH]2)CC2CCCCC2)ncn1
OCNT-2314611,CYP2D6,4.498398825,5.219651405141233,4,MURCKO::O=C(C1C2CNCC21)N(Cc1ccccc1)CC1CC1
OCNT-2314615,CYP2D6,4.553215905,4.544413413335095,4,MURCKO::O=C(Cn1cc(-c2ccccc2)nn1)Nc1ccccc1
OCNT-2314616,CYP2D6,4.570009373,4.714960090488752,4,MURCKO::O=S(=O)(NCCN1CC=CCC1)c1cccnc1
OCNT-2314618,CYP2D6,5.21145335,5.142347533320301,2,MURCKO::c1ccc(CCCN2CCN(c3nc[nH]c4nccc3-4)CC2)cc1
OCNT-2314625,CYP2D6,4.794212472,4.693168755977654,2,MURCKO::O=C(Nc1ccc2c(c1)NCCO2)c1cc2ccccc2[nH]1
OCNT-2314630,CYP2D6,5.322884998,4.5554587921995555,4,MURCKO::c1ccc(-c2nc(N3CCNCC3)c3ccsc3n2)nc1
OCNT-2314632,CYP2D6,4.482440838,4.685578688365299,3,MURCKO::O=C(c1cnn2cccnc12)N1CCC1
OCNT-2314637,CYP2D6,5.434629078,4.80961857132753,0,MURCKO::c1cncc(-c2nc3c(c(N4CCNCC4)n2)CCC3)c1
OCNT-2314639,CYP2D6,4.35521201,4.697808979865695,3,MURCKO::O=C(NCc1ccc2[nH]ccc2c1)c1ccccc1
OCNT-2314641,CYP2D6,4.94170629,4.82543939592926,3,MURCKO::O=C(NCc1cnc2n1CCCC2)c1ccccc1Oc1ccccc1
OCNT-2314646,CYP2D6,4.449540458,5.0930114134825395,4,MURCKO::c1ccc(C2CCN(CCCC3CCC3)C2)cc1
OCNT-2314654,CYP2D6,4.508502163,4.747874041890558,0,MURCKO::c1ccc(-c2noc(CCn3ccnc3)n2)cc1
OCNT-2314665,CYP2D6,4.55352133,5.014996087777666,1,MURCKO::O=C(Cc1cccc2cnccc12)N1CCC(N2CCNCC2)C1
OCNT-2314682,CYP2D6,5.420231395,4.706113271109183,1,MURCKO::c1ccc2[nH]c(CN3CCC(C4CCOC4)C3)nc2c1
OCNT-2314691,CYP2D6,4.666479735,4.667929040306399,1,MURCKO::O=C(CCc1nc(-c2ccncc2)no1)N1CCCCC1Cc1ccccc1
OCNT-2314695,CYP2D6,5.545770915,4.60421290846908,0,MURCKO::c1cncc(-c2nccc(NCC3CCOCC3)n2)c1
OCNT-2314714,CYP2D6,4.59084409,4.904760307197783,4,MURCKO::O=C(NCc1cccc2ccccc12)NC1CCNC1
OCNT-2314717,CYP2D6,5.464633283,4.9378221142388625,3,MURCKO::O=C(NCc1cccnc1)N1CCCC(n2ccnc2)C1
OCNT-2314724,CYP2D6,4.663059175,4.537653534888905,4,MURCKO::O=C(C1CCc2nncn2C1)N1CCOc2ccccc21
OCNT-2314757,CYP2D6,4.876253692,4.826079506604984,4,MURCKO::O=C(c1ccc(NC2CC2)nc1)N1Cc2ccccc2C1
OCNT-2314762,CYP2D6,5.329190077,5.072525646003282,2,MURCKO::c1ccc2[nH]c(-c3cn(CCCn4ccnc4)nn3)cc2c1
OCNT-2314763,CYP2D6,4.24919818,4.879080497299663,2,MURCKO::O=C(CC1CCCC1)NC1CCC(C(=O)NCc2ccncc2)CC1
OCNT-2314770,CYP2D6,5.033046365,4.582378576082117,0,MURCKO::c1nsc(CN2CC34CCCCC3(CNC4)C2)n1
OCNT-2314771,CYP2D6,4.705701895,4.932296887584165,3,MURCKO::c1ccc(-c2csc(-c3ccccc3)n2)cc1
OCNT-2314773,CYP2D6,4.430621412,4.707818707515038,0,MURCKO::O=C(CN1CCCCC1)NCc1ccccc1
OCNT-2314777,CYP2D6,4.341341117,4.9216821791594745,3,MURCKO::c1cncc(CC2CCCN(c3nsc4cccnc34)C2)c1
OCNT-2314781,CYP2D6,4.656436292,4.711083316357364,1,MURCKO::O=C(N1CCc2ccccc2C1)N1CCC(n2cnc3c2CCCC3)C1
OCNT-2314790,CYP2D6,5.7650655,5.187369540623564,2,MURCKO::O=C(CN1CCN(c2ccccn2)CC1)NC1CCCCC1
OCNT-2314795,CYP2D6,6.860436905,5.0635563700326705,3,MURCKO::O=C(CCc1ccccc1)Nc1ccc(-n2ccnc2)nc1
OCNT-2314796,CYP2D6,5.620216425,5.203931966592563,0,MURCKO::c1ccc(C(CNC2CCN(c3ccc4c(c3)OCO4)CC2)N2CCCC2)cc1
OCNT-2314799,CYP2D6,5.134060717,4.581186669451312,1,MURCKO::O=C(Nc1cccc(OC2CCCC2)c1)c1cc(=O)[nH]c2ccccc12
OCNT-2314801,CYP2D6,6.964228025,5.355933262214371,1,MURCKO::O=C(COc1ccccc1-n1ccnc1)Nc1ccccc1
OCNT-2314802,CYP2D6,5.278456785,4.82163658529982,1,MURCKO::O=C(CC1CNC2(CCC2)CO1)NCCc1ccc2c(c1)CCO2
OCNT-2314804,CYP2D6,4.548551055,4.577007946805438,2,MURCKO::c1ccc(-c2noc(-c3ccccc3)n2)cc1
OCNT-2314807,CYP2D6,4.670069745,4.74796767887476,0,MURCKO::c1cc(CNc2nnc(-c3ccon3)s2)ccn1
OCNT-2314812,CYP2D6,4.377796763,4.859463121372804,4,MURCKO::c1nc(NCc2ccn(C3CCCC3)n2)c2ccsc2n1
OCNT-2314816,CYP2D6,4.810395355,4.8069373866468466,1,MURCKO::c1cc(NCc2ccc3c(n2)CCCC3)ncn1
OCNT-2314824,CYP2D6,6.174025712,4.874293312388282,2,MURCKO::O=C(NC1CCC1)c1oc2ccccc2c1-c1ccccc1
OCNT-2314827,CYP2D6,4.65184998,4.908589708974019,4,MURCKO::O=C(C1CNc2ccccc2O1)N1CCc2ccccc2C1
OCNT-2314844,CYP2D6,4.355937828,4.364946318770709,4,MURCKO::O=S(=O)(Nc1ccccc1)c1c[nH]c2ccccc12
OCNT-2314853,CYP2D6,6.506942547,4.7629091210053724,0,MURCKO::c1ccc(CCNc2ncc3ccccc3n2)cc1
OCNT-2314864,CYP2D6,4.917009972,4.775896912086783,1,MURCKO::O=C(NCc1ccc(-n2cnc3ccccc32)cc1)c1cc2cnccc2[nH]1
OCNT-2314865,CYP2D6,5.136309263,4.768605425678353,4,MURCKO::O=S(=O)(NCCNCc1ccon1)c1ccccc1
OCNT-2314866,CYP2D6,4.715383212,4.597543707283202,4,MURCKO::O=C(Nc1ccnnc1)N1CCC(c2ccccc2)C1
OCNT-2314885,CYP2D6,4.045335458,4.647240191096467,4,MURCKO::O=C(Nc1ccccc1)c1cc(=O)c2ccccc2o1
OCNT-2314906,CYP2D6,2.657355235,4.470671042664378,2,MURCKO::c1ccccc1
OCNT-2314919,CYP2D6,5.225372408,4.931691444473927,1,MURCKO::c1ccc(CCNCc2[nH]nc3c2CSCC3)cc1
OCNT-2314930,CYP2D6,5.084647272,4.744531000184722,0,MURCKO::O=C(Cc1noc2ccccc12)NC1CCN(c2ccccc2)C1
OCNT-2314947,CYP2D6,4.320597295,4.628167617432922,4,MURCKO::O=c1[nH]nc(-c2nc(C3CCCc4ccccc43)no2)c2ccccc12
OCNT-2314951,CYP2D6,4.666706588,4.79129493607361,2,MURCKO::c1ccc(CCNc2ccncc2)cc1
OCNT-2314960,CYP2D6,4.991387008,4.796521775986216,2,MURCKO::O=C(NCCNc1ccccn1)C1CCCCN1
OCNT-2314961,CYP2D6,4.346709813,5.162748633219474,3,MURCKO::O=C(CNCC1CC1)NCCN1CCc2ccccc2C1
OCNT-2314962,CYP2D6,4.428092525,5.783360309579087,4,MURCKO::C=C1CCN(C(=O)NCc2ccc(S(=O)(=O)NC3CC3)cc2)CC1
OCNT-2314969,CYP2D6,5.635094695,4.878922843489621,1,MURCKO::O=C(CNC1CCC12CCCCC2)Nc1nccs1
OCNT-2314976,CYP2D6,4.9048933,4.573743913743202,2,MURCKO::O=C(NCCc1ccccc1)c1ccc2ncnn2c1
OCNT-2314989,CYP2D6,1.996967245,4.668438480802434,3,MURCKO::c1ccc2[nH]c(-c3ccc4c(c3)CCCN4)nc2c1
OCNT-2314990,CYP2D6,6.415027865,4.3759023580821115,2,MURCKO::O=C(NC1CNCC1c1ccccc1)c1cccnc1
OCNT-2315001,CYP2D6,5.1156738,4.911287609516551,1,MURCKO::O=C(NCc1ccccc1)C1=Cc2ccccc2OC1
OCNT-2315017,CYP2D6,3.963849222,4.792634685064647,0,MURCKO::O=c1c2nn[nH]c2ncn1CCCc1ccccc1
OCNT-2315024,CYP2D6,4.737068955,4.404370591156406,4,MURCKO::O=C(Cn1cnc2[nH]ncc2c1=O)N1CCc2sccc2C1
OCNT-2315030,CYP2D6,5.082417,4.538853430597213,4,MURCKO::O=C(Nc1cccc2cccnc12)c1ccc(-c2ccccn2)[nH]c1=O
OCNT-2315032,CYP2D6,5.937773682,5.18793477997208,3,MURCKO::c1ccc(CNCCc2ccc3[nH]ccc3c2)cc1
OCNT-2315035,CYP2D6,4.53474154,4.828812837637404,3,MURCKO::O=C(Cc1cccc2ccccc12)NCC1c2ccccc2CCN1C(=O)C1CCNCC1
OCNT-2315045,CYP2D6,4.705921467,4.797008066843318,2,MURCKO::O=C1CCCCN1Cc1nc(Cc2cnc[nH]2)no1
OCNT-2315056,CYP2D6,4.650030988,4.545303194396096,2,MURCKO::O=C(c1cc2ccccc2o1)N1CCc2ccccc2C1
OCNT-2315064,CYP2D6,5.122424898,4.6939262009773355,0,MURCKO::O=C(c1cnc2[nH]nnc2c1)N1CCC(Oc2ccncc2)CC1
OCNT-2315065,CYP2D6,4.305725717,4.650502573140249,4,MURCKO::O=C(CCc1ccccc1)N1CCCC1CN1CCOCC1
OCNT-2315079,CYP2D6,4.179193795,4.7931120235709646,3,MURCKO::O=C(NCCN1CCCCC1)NCc1ccnc(-n2cccn2)c1
OCNT-2315085,CYP2D6,4.505605992,4.485118797099298,0,MURCKO::O=C(c1nnc(-c2cscn2)o1)N1CCNCC1
OCNT-2315097,CYP2D6,5.157569278,4.720543993425386,4,MURCKO::c1ccc2c(C3CCN(Cc4ncc[nH]4)CC3)c[nH]c2c1
OCNT-2315100,CYP2D6,4.286534615,4.574296006399839,3,MURCKO::O=C(Nc1cccnc1N1CCCCC1)c1cn2ccnc2s1
OCNT-2315105,CYP2D6,5.420927847,4.961984931722328,1,MURCKO::O=C(NCC12CNCC1C2)N1Cc2ccccc2C1
OCNT-2315122,CYP2D6,4.441242615,4.858320344503754,3,MURCKO::c1ccc(N2CCc3ccccc3CC2)nc1
OCNT-2315124,CYP2D6,4.16467666,4.822717250676851,2,MURCKO::O=S(=O)(NCCc1nccs1)c1ccn[nH]1
OCNT-2315125,CYP2D6,5.41617366,4.764429622995024,1,MURCKO::c1ccc(C2CC(c3nc(-c4cnc5cnccn45)no3)CCN2)cc1
OCNT-2315127,CYP2D6,4.995725925,4.9551735243695045,2,MURCKO::O=C(CCc1ccccc1)NCc1cccnc1
OCNT-2315145,CYP2D6,4.297870983,4.799160216882191,1,MURCKO::O=C(Cc1ccccc1)N1CCCC(NCc2cnc3ccccn23)C1
OCNT-2315146,CYP2D6,5.705052688,4.51421635193081,3,MURCKO::O=C1CCC(N2C(=O)c3ccc(CCCNc4ncnc5ccccc45)cc3C2=O)C(=O)N1
OCNT-2315149,CYP2D6,2.197595662,4.786859749920208,0,MURCKO::O=C(c1n[nH]c2c1CC1CC21)N1CC=C(c2cccc3ccccc23)CC1
OCNT-2315150,CYP2D6,3.275732415,4.746888004722365,4,MURCKO::O=C(Cc1n[nH]c2ccccc12)N1CCc2ccccc21
OCNT-2315157,CYP2D6,6.041904175,4.772970259223827,3,MURCKO::O=C(NCCN1CCNCC1)C1Cc2ccccc2S1
OCNT-2315159,CYP2D6,4.270086723,4.772505079610433,3,MURCKO::O=C(CCn1cccn1)NCC1CCN(CCc2ccccc2)C1
OCNT-2315166,CYP2D6,4.423325173,4.6549144315430215,2,MURCKO::O=C(CN1CCCCC1)NCc1cccc2ccccc12
OCNT-2315191,CYP2D6,4.533304372,4.9874597871526625,3,MURCKO::O=C(NC1CCC(Cn2ccnc2)C1)c1c[nH]c(-c2ccccc2)c1
OCNT-2315201,CYP2D6,4.341923702,4.754829813495521,4,MURCKO::c1ccc(CCNc2ccnc3[nH]ncc23)cc1
OCNT-2315218,CYP2D6,3.894826983,5.230667344430852,1,MURCKO::O=S(=O)(Nc1ccc2nc(C3CC3)oc2c1)c1ccc2c(c1)CCO2
OCNT-2315230,CYP2D6,4.673697915,5.014140896714061,1,MURCKO::O=C(NCCC1CCCCO1)c1csc2cncn12
OCNT-2315245,CYP2D6,5.890073305,4.976336704574299,0,MURCKO::O=C(NCc1ccc(-n2ccnc2)nc1)c1n[nH]c(=O)c2ccccc12
OCNT-2315252,CYP2D6,4.857333055,4.885284592049045,2,MURCKO::O=C(NCCOc1ccccc1)Nc1cccc(-c2cccnc2)c1
OCNT-2315259,CYP2D6,2.044048862,4.980446870680634,1,MURCKO::c1ccc(Cc2noc(Cc3ccccc3)n2)cc1
OCNT-2315261,CYP2D6,4.217057325,4.444708195950923,0,MURCKO::c1cncc(-c2nccc(NCc3cnc[nH]3)n2)c1
OCNT-2315271,CYP2D6,5.630972565,4.617976805331487,4,MURCKO::O=C(NCCN1CCc2sccc2C1)c1ccccc1
OCNT-2315273,CYP2D6,6.114660975,4.482980551256848,0,MURCKO::O=C(Nc1ccc(N2CCc3sccc3C2)nc1)C1CCC(=O)N1Cc1ccccc1
OCNT-2315284,CYP2D6,4.504881528,4.777720838127012,4,MURCKO::c1ncc(N2CCCC2)nc1OC1CCCCC1
OCNT-2315285,CYP2D6,5.210147088,4.582600143695174,1,MURCKO::O=C(NC1CCOC1)c1cc2ccccc2o1
OCNT-2315318,CYP2D6,4.502267348,4.620885501844976,1,MURCKO::O=C(CC1CCCCC1)Nc1ccn[nH]1
OCNT-2315321,CYP2D6,4.42952973,4.482437944626767,4,MURCKO::O=C(Cc1ccccc1)N1CCNCC1
OCNT-2315324,CYP2D6,4.33602246,4.883446021294706,1,MURCKO::O=C(NCCc1c[nH]c2ccccc12)NCc1ccccc1
OCNT-2315347,CYP2D6,5.11346502,4.479458650599981,3,MURCKO::c1cc(CNC2CCC(Cn3cccn3)C2)cc(-n2cccn2)c1
OCNT-2315349,CYP2D6,4.696163882,4.979630835887729,2,MURCKO::c1cncc(COc2ccc(CNc3ncnc4[nH]ccc34)cc2)c1
OCNT-2315357,CYP2D6,4.198262335,4.973455252926602,0,MURCKO::O=C(CSC1CC1)Nc1ccc(-c2ncon2)cc1
OCNT-2315387,CYP2D6,2.679489873,4.6243870295855185,3,MURCKO::c1ccc(-c2cccc(CNc3cn[nH]c3)c2)cc1
OCNT-2315389,CYP2D6,5.44679821,4.617280726396993,2,MURCKO::O=S(=O)(CCC1CCCC1)Nc1ccc(-n2cncn2)cc1
OCNT-2315390,CYP2D6,5.64158656,4.770172148232088,4,MURCKO::O=C(NCC1(N2CCOCC2)CCCC1)c1cc2ccccc2[nH]1
OCNT-2315394,CYP2D6,5.949935865,4.696797960189496,2,MURCKO::O=C(C1SCCc2sccc21)N1CCC(c2ccncc2)CC1
OCNT-2315408,CYP2D6,3.58770821,4.721293595983152,3,MURCKO::O=C(CN1C(=O)NC2(CCCc3ccccc32)C1=O)Nc1ccccc1
OCNT-2315417,CYP2D6,4.583395132,4.721787006151423,1,MURCKO::O=C(NCC1CCN(Cc2cccs2)CC1)c1ccco1
OCNT-2315433,CYP2D6,4.470653097,4.889210664072027,4,MURCKO::O=C(NCC1CCNCC1)C1CC1c1ccccc1
OCNT-2315444,CYP2D6,4.719826353,4.946802832055791,4,MURCKO::O=C(c1ccc(NCCn2ccnc2)cc1)N1CCC2CCCC21
OCNT-2315451,CYP2D6,4.66078161,4.783450809928178,0,MURCKO::c1ccc2c(c1)CN(c1ncnc3ccccc13)CC21CC1
OCNT-2315460,CYP2D6,5.809125005,4.755292277866174,1,MURCKO::O=C(CCc1ccccc1)N1CC2(CNCC2c2ccncn2)C1
OCNT-2315461,CYP2D6,5.767607358,4.674115433865477,2,MURCKO::O=C(CNCC1CCCC1)Nc1ccccc1
OCNT-2315468,CYP2D6,5.581530458,5.291079944631242,4,MURCKO::c1cc(-c2noc(C34CCCN(CCC3)C4)n2)cc(-n2ccnc2)c1
OCNT-2315469,CYP2D6,6.19462461,4.7489691722075005,3,MURCKO::O=C(CN1CCCN(Cc2ncc[nH]2)CC1)Nc1ccccc1
OCNT-2315488,CYP2D6,4.48479351,4.812269364903921,3,MURCKO::O=C(NC1CCNCC1)NC1CCCC1n1ccnc1
OCNT-2315490,CYP2D6,4.5785356,5.007664087557453,2,MURCKO::O=C(NC1CN(c2ccncn2)C1)c1ccc2c(n1)CCCN2
OCNT-2315502,CYP2D6,4.561342823,4.986844041109843,1,MURCKO::c1cc(NC2CCN(CC3CCCC3)CC2)ncn1
OCNT-2315505,CYP2D6,5.444403313,4.786508862941777,0,MURCKO::c1ccc(-c2n[nH]cc2CN2CCC(c3c[nH]c4ncccc34)CC2)cc1
OCNT-2315512,CYP2D6,6.627326948,5.002274882190761,3,MURCKO::c1ccc2c(N3CCC(n4ccnn4)CC3)ccnc2c1
OCNT-2315518,CYP2D6,4.27060501,4.739782342996305,2,MURCKO::C1CCC(CNCc2nnc(C3CCOCC3)[nH]2)CC1
OCNT-2315525,CYP2D6,4.186298222,4.6790753230341,3,MURCKO::O=C(NCCN1CCc2sccc2C1)Nc1ccccc1
OCNT-2315532,CYP2D6,5.099409902,4.782632302001762,2,MURCKO::c1ccc2c(NCc3nnc(-c4ccncc4)[nH]3)ccnc2c1
OCNT-2315535,CYP2D6,5.686741785,4.848726992587685,2,MURCKO::O=C(NCc1ccnc(-n2ccnc2)c1)NCC1CCOCC1
OCNT-2315537,CYP2D6,4.486849278,5.072462518263146,1,MURCKO::C1Cc2nc(C3CC3)nc(NC3CNC3)c2C1
OCNT-2315539,CYP2D6,5.341752797,5.0606735756741035,4,MURCKO::c1cnn(CC2CCC(Nc3ccc(-n4ccnc4)nn3)C2)c1
OCNT-2315542,CYP2D6,4.465390203,4.698026085412549,2,MURCKO::O=C(NCc1cccc(Oc2ccccc2)c1)Nc1ccnn1C1CCS(=O)(=O)C1
OCNT-2315548,CYP2D6,5.03008099,4.494113575310258,4,MURCKO::O=C(NCc1ccncc1)c1ccccc1
OCNT-2315554,CYP2D6,5.120050242,5.140764204521224,4,MURCKO::O=C(NCCCc1nc2ccccc2[nH]1)N1CCCC(n2ccnc2)C1
OCNT-2315568,CYP2D6,6.738610118,4.800048823368602,3,MURCKO::c1ccc(-n2cc(C3CCCCN3)nn2)cc1
OCNT-2315569,CYP2D6,4.92974714,4.269609351248301,0,MURCKO::C1Cc2n[nH]c(CN3CCOCC3)c2C1
OCNT-2315573,CYP2D6,4.509963645,4.726674744278459,1,MURCKO::O=c1cc(N2CCN(c3ccccc3)CC2)[nH]c(=O)[nH]1
OCNT-2315584,CYP2D6,5.030358642,4.932520337408582,1,MURCKO::O=C(Nc1nccs1)N1CCC(c2ccncc2)CC1
OCNT-2315585,CYP2D6,4.794912433,4.7568579064150756,0,MURCKO::c1ccc(NCc2cccc3nn[nH]c23)cc1
OCNT-2315612,CYP2D6,2.063591292,4.465858680113016,2,MURCKO::O=C1NC(=O)c2cc(S(=O)(=O)N3CC4(CCCC4)c4ccccc43)ccc21
OCNT-2315622,CYP2D6,5.596417898,4.863809400321122,2,MURCKO::c1ccc2[nH]c(CNC3CCC(Cn4ccnc4)C3)cc2c1
OCNT-2315627,CYP2D6,4.367943325,4.7323829607311785,0,MURCKO::c1ccc2c(C3CCN(c4cnc5c(n4)CCCC5)CC3)noc2c1
OCNT-2315629,CYP2D6,5.171940467,4.717726708750795,4,MURCKO::c1cc(C2(c3noc(-c4ccc(-n5cnnn5)cc4)n3)CCC2)ccn1
OCNT-2315630,CYP2D6,4.03523712,4.566983382471937,4,MURCKO::O=C(C1CC1c1ccccc1)N1CCCC1Cn1ccnc1
OCNT-2315646,CYP2D6,4.431587353,5.15880456440834,3,MURCKO::c1ccc2c(N3CCCC(n4cncn4)C3)ccnc2c1
OCNT-2315652,CYP2D6,6.708815683,4.742607204474095,3,MURCKO::O=C(Nc1cccc(-c2ccn[nH]2)c1)c1cn2cncc2s1
OCNT-2315670,CYP2D6,5.051544527,4.573081833139962,0,MURCKO::c1ccc2[nH]c(N3CCCCC3)nc2c1
OCNT-2315672,CYP2D6,5.262383873,5.035376635842231,1,MURCKO::c1cc(-c2noc(C3CCNC3)n2)nc(-n2ccnc2)c1
OCNT-2315694,CYP2D6,5.31376738,5.097232117413052,4,MURCKO::O=C(Nc1ccncc1)c1occc1CN1CCc2ccccc21
OCNT-2315699,CYP2D6,6.374114087,5.210851034930518,0,MURCKO::c1ccc(NCC2CCCCC2N2CCCC2)nc1
OCNT-2315701,CYP2D6,1.949747343,4.4880192240454555,1,MURCKO::O=C(Cn1sc2ccccc2c1=O)Nc1ccccc1
OCNT-2315705,CYP2D6,4.275172858,4.563713319317591,1,MURCKO::O=C(c1ccccc1-n1cnnc1)N1CCc2ccccc21
OCNT-2315717,CYP2D6,5.177992225,5.046800548884187,0,MURCKO::O=C(CCSc1ccccc1)Nc1cccc(S(=O)(=O)Nc2cn[nH]c2)c1
OCNT-2315727,CYP2D6,4.435923365,4.422434172477933,0,MURCKO::O=C(NCc1nccs1)C1CCC2CCCN2C1
OCNT-2315734,CYP2D6,2.040057763,4.626824387128563,2,MURCKO::O=C(Nc1ccccc1)c1scnc1-c1ccccc1
OCNT-2315739,CYP2D6,4.82888536,4.787995139318216,2,MURCKO::c1cncc(CNC2CCc3ccccc32)c1
OCNT-2315757,CYP2D6,5.138365075,4.9419538444238675,4,MURCKO::c1ccc(C(Cn2ccnc2)NC2CCc3cnoc3C2)cc1
OCNT-2315764,CYP2D6,5.277414505,4.8491157677747765,2,MURCKO::O=S(=O)(NCCN1CCCC1)c1cnc2ccccc2c1
OCNT-2315770,CYP2D6,2.051381348,4.5521198853224725,0,MURCKO::O=C(CCc1ccc2[nH]ccc2c1)NCc1ccccc1NS(=O)(=O)c1cccs1
OCNT-2315775,CYP2D6,5.662576332,4.632882791045185,0,MURCKO::c1ccc(CNCc2cn3ccccc3n2)cc1
OCNT-2315776,CYP2D6,5.53211655,4.680070444438808,0,MURCKO::O=c1c(CCN2CCNCC2)cnc2sccn12
OCNT-2315778,CYP2D6,4.64361605,4.796455476050034,3,MURCKO::O=C(NCCc1ccccc1)N1CCc2ccccc2C1
OCNT-2315779,CYP2D6,5.164927912,4.476542650308934,1,MURCKO::c1cnc(N2CCNCC2)c(CNc2nc3ccccc3[nH]2)c1
OCNT-2315781,CYP2D6,4.29023471,4.7962058025199354,4,MURCKO::O=C(N1CCCCC1)C1(Cc2ccccc2)CCNC1
OCNT-2315799,CYP2D6,4.479045725,4.786070122447608,1,MURCKO::O=C(CC(C1CCC1)C1CCC1)NC1CCCOC1c1ncc[nH]1
OCNT-2315805,CYP2D6,4.3664758,4.494341671935061,3,MURCKO::c1ccc(NCC2CCN(c3ccncc3)C2)nc1
OCNT-2315811,CYP2D6,4.934151263,4.648784725275407,2,MURCKO::O=C1CCCN1c1cccc(CNC2CCOC3(CCCC3)C2)c1
OCNT-2315827,CYP2D6,4.635299593,4.931234357237757,2,MURCKO::c1ccc(-c2ccc(NCCCN3CCCOCC3)nn2)cc1
OCNT-2315832,CYP2D6,5.32838954,4.778173783239361,3,MURCKO::c1ccc(OC2CC2)c(Cn2cc(CN3CCCCC3)nn2)c1
OCNT-2315840,CYP2D6,5.100084612,4.921369930733233,1,MURCKO::O=C(CCN1CCC2CCCC1C2)Nc1ccccc1
OCNT-2315844,CYP2D6,4.45224196,4.447770643921641,2,MURCKO::O=C(NCC1(c2ccccc2)CCCO1)c1nnc(-c2ccccc2)o1
OCNT-2315845,CYP2D6,3.758702395,4.97243456092029,2,MURCKO::O=C(NCCc1cnoc1)N1CCC(CCc2ccccc2)CC1
OCNT-2315849,CYP2D6,4.880917068,4.818678045792799,1,MURCKO::c1ccc(Cn2cc(-c3nc4ccccc4[nH]3)cn2)cc1
OCNT-2315862,CYP2D6,4.278079845,4.784794863942546,1,MURCKO::O=C(OCC1CC2(CCC2)C1)C1CCc2[nH]ncc2C1
OCNT-2315864,CYP2D6,4.83821117,4.70845453991285,2,MURCKO::c1cn2ccnc2c(N2CCCCC3(CCCCC3)C2)n1
OCNT-2315875,CYP2D6,4.93260486,4.830251915957002,4,MURCKO::c1ccc(CCn2ccnc2CNc2nccn3nc(-c4ccccc4)cc23)cc1
OCNT-2315878,CYP2D6,4.402872227,4.609696250223427,1,MURCKO::c1cnc(N2CCC(NC3CCOCC3)CC2)nc1
OCNT-2315880,CYP2D6,5.147352527,4.442515479164054,2,MURCKO::O=C(NCc1ccc2occc2c1)Nc1c[nH]nc1C1CCCCC1
OCNT-2315887,CYP2D6,4.401200832,4.412247878185866,0,MURCKO::O=C(NC1CCCC1)c1cc2ccccc2o1
OCNT-2315891,CYP2D6,4.914337807,4.812722184271614,0,MURCKO::O=C(c1nccc2ccsc12)N(Cc1ccccc1)CC1CCCN1
OCNT-2315895,CYP2D6,4.996869803,4.572010479376262,1,MURCKO::O=C(NC1CCN(CC2=CCCCC2)CC1)c1cccc(=O)[nH]1
OCNT-2315913,CYP2D6,4.500421858,4.476466387361866,0,MURCKO::c1ccc(-c2ccc3ncccc3c2)cc1
OCNT-2315930,CYP2D6,4.578452718,4.865528918688167,2,MURCKO::O=C(NCc1ccccc1)NCc1ncco1
OCNT-2315937,CYP2D6,2.71998976,4.84592249914007,2,MURCKO::c1cnnc(N2CCC(Nc3ncnc4ccccc34)CC2)c1
OCNT-2315944,CYP2D6,4.44739936,4.6764736441074035,2,MURCKO::O=C(OC1CCC2(COC2)C1)c1nc(-c2cccs2)n(-c2ccccc2)n1
OCNT-2315946,CYP2D6,4.304557198,4.897923241656931,1,MURCKO::c1cc(-c2cc[nH]n2)cc(-c2cncc(NC3CCNC3)n2)c1
OCNT-2315948,CYP2D6,1.955395615,4.912159529224763,2,MURCKO::O=C(Nc1cccc(-c2cn[nH]c2)c1)c1cnc(-c2cnoc2)s1
OCNT-2315950,CYP2D6,3.71467155,4.752250329390031,2,MURCKO::O=C(c1[nH]nc2ccccc12)N1CCNc2ccccc21
OCNT-2315960,CYP2D6,5.583346703,4.8829384937778695,2,MURCKO::O=C(NCc1ccccc1)N1CCCC(n2ccnc2)C1
OCNT-2315966,CYP2D6,4.74105035,4.838902045214737,4,MURCKO::O=c1ccnc2sc(NCC(c3ccccc3)n3cccn3)nn12
OCNT-2315972,CYP2D6,4.989752877,4.678103324077235,2,MURCKO::O=C(CCc1nc(-c2ccccc2)no1)N1CCC(c2c[nH]cn2)CC1
OCNT-2315974,CYP2D6,4.382508442,4.853609118183169,2,MURCKO::O=C(COc1ccccc1)NC1CCN(C(=O)c2ccncc2)CC1
OCNT-2315975,CYP2D6,3.918949335,4.525158676338179,0,MURCKO::O=c1ccc(-c2ccccc2)nn1Cc1ccccc1
OCNT-2315988,CYP2D6,4.419842627,4.467896230044648,4,MURCKO::O=C(Cn1c(=O)sc2ccccc21)N1CCCCC1
OCNT-2315990,CYP2D6,2.381666575,4.698869792762977,1,MURCKO::O=C(NCc1cccc(OCc2ccccn2)c1)c1cnc(-c2cnccn2)s1
OCNT-2315994,CYP2D6,5.803041605,4.813021046203738,4,MURCKO::O=C(NCc1ccc(-n2ccnc2)cc1)c1csc(-c2cnccn2)n1
OCNT-2315996,CYP2D6,2.45387508,4.775615846883522,2,MURCKO::O=C(Nc1ccncc1)C1CCN(C(=O)Nc2nc3ccccc3s2)CC1
OCNT-2316012,CYP2D6,6.357498732,4.638869383146949,4,MURCKO::O=S(=O)(NCCNC1CC2CCCC21)c1ccccc1
OCNT-2316017,CYP2D6,4.469651403,4.695991846545711,2,MURCKO::O=c1cc(NCCc2ccccc2)c2ccncc2[nH]1
OCNT-2316040,CYP2D6,4.792809792,4.945067770750112,3,MURCKO::c1ccc2nc(NC3CCC(Cn4ccnc4)C3)ccc2c1
OCNT-2316044,CYP2D6,4.201409392,4.419446850627132,0,MURCKO::O=C(Nc1ccc[nH]c1=O)C1CN(C(=O)C2CCCCC2)C1
OCNT-2316070,CYP2D6,4.256535395,4.990422374236617,4,MURCKO::O=C(NC1CCC1)c1cccc(Cn2ccnc2)c1
OCNT-2316072,CYP2D6,6.123416898,5.008542681759951,4,MURCKO::O=C(NCc1cccc(Cn2ccnc2)c1)c1ccc2oc(=O)[nH]c2c1
OCNT-2316082,CYP2D6,4.469303855,4.662596495803661,3,MURCKO::O=S(=O)(c1ccc(C2CC2)cc1)N1CCNc2ccncc21
OCNT-2316083,CYP2D6,5.583245908,5.081102939345369,4,MURCKO::c1ccc(-c2nnc(SCCCn3ccnc3)o2)cc1
OCNT-2316089,CYP2D6,3.661052918,4.629114838480371,3,MURCKO::O=C1CN=C(c2ccccc2)c2cc(-c3ccccc3)ccc2N1
OCNT-2316100,CYP2D6,5.970085483,5.0062833836625895,4,MURCKO::c1ccc(-c2noc(N3CCC(c4cnco4)CC3)n2)cc1
OCNT-2316109,CYP2D6,4.143071928,4.930691285515364,3,MURCKO::c1ccc(-n2cc(-c3ccc4cnccc4c3)nn2)cc1
OCNT-2316119,CYP2D6,4.636247757,4.770145680478622,3,MURCKO::c1ccc(CNc2ncnc3[nH]c4ccccc4c23)cc1
OCNT-2316120,CYP2D6,5.000404385,4.905085266065564,1,MURCKO::c1ccc2[nH]c(CNC3CCc4cn[nH]c4C3)cc2c1
OCNT-2316133,CYP2D6,2.86369471,4.7425335021314545,3,MURCKO::O=C(C1CCN(C(=O)C2CC2c2ccccc2)CC1)N1CCOCC1
OCNT-2316136,CYP2D6,4.007371477,4.623576392646467,1,MURCKO::O=C1CCCCCN1Cc1nc(Cc2ccccc2)no1
OCNT-2316175,CYP2D6,4.49226884,4.691435608224981,0,MURCKO::O=C(NCC1COCCN1)c1cccc2ccoc12
OCNT-2316176,CYP2D6,5.134718152,4.951854408890567,0,MURCKO::c1c(CNCC2CCCCC2)nn2c1CCCC2
OCNT-2316179,CYP2D6,4.632878523,4.711916131053268,0,MURCKO::O=S1(=O)CCC2(CCCN(Cc3cn[nH]c3)C2)C1
OCNT-2316180,CYP2D6,4.737508,4.887423070160207,2,MURCKO::c1ccc(-c2c[nH]c(C3CCCCN3c3nc(C4CC4)ns3)n2)cc1
OCNT-2316207,CYP2D6,5.65866739,4.636791706980622,4,MURCKO::O=S(=O)(CCNC1CCC12CCCC2)c1ccccc1
OCNT-2316212,CYP2D6,4.88419591,4.819540764946755,1,MURCKO::O=C(Cc1coc(-c2cccs2)n1)NCc1ccccc1
OCNT-2316228,CYP2D6,5.233295563,4.536212352090388,1,MURCKO::c1ccc(CNC2CCOC2c2cn[nH]c2)cc1
OCNT-2316237,CYP2D6,4.174670962,4.765031525940691,4,MURCKO::O=C(Nc1ncc[nH]1)c1cc2cccn2cn1
OCNT-2316240,CYP2D6,4.831614755,4.835981834470634,3,MURCKO::O=C(NCc1cccc2c1OCO2)N1CCCC2(CC=CCC2)C1
OCNT-2316247,CYP2D6,4.651437555,5.072156948231013,3,MURCKO::O=C(NC1CCC(Cn2ccnc2)C1)c1occc1C1CC1
OCNT-2316253,CYP2D6,4.67788391,4.865393413010359,4,MURCKO::O=C(NC1CCCc2cnccc21)c1cc2occc2s1
OCNT-2316255,CYP2D6,4.025445763,4.668690402237278,4,MURCKO::O=C(NCc1cccs1)C1CCN(c2ccc3nnnn3n2)CC1
OCNT-2316256,CYP2D6,4.777623605,4.9549853133161506,1,MURCKO::O=C(NCCc1cc[nH]n1)NC1CCc2ccccc21
OCNT-2316262,CYP2D6,5.043105468,4.688683903552793,4,MURCKO::O=S(=O)(Nc1ccccc1)c1c[nH]c2ccccc12
OCNT-2316287,CYP2D6,7.36190698,4.844714317115665,0,MURCKO::c1ccc2c(c1)OCCC2CNc1ncnc2c1ncn2C1CC1
OCNT-2316288,CYP2D6,5.960969445,4.430309949013607,0,MURCKO::O=C(Cc1c[nH]nn1)Nc1c2c(nn1-c1ccccc1)CCC2
OCNT-2316296,CYP2D6,4.01315734,4.405960040641785,3,MURCKO::O=C1CCC(n2cc(-c3cncc4ccccc34)nn2)C(=O)N1
OCNT-2316305,CYP2D6,4.78823766,4.876052483014218,1,MURCKO::O=C1CN(C(=O)CCn2ccnc2)CCN1
OCNT-2316334,CYP2D6,5.507658355,4.931668960577419,1,MURCKO::c1ccc(-c2csc(CNCC3CCC3)n2)cc1
OCNT-2316345,CYP2D6,5.78596358,4.686685026473723,1,MURCKO::O=C(Nc1cccc2cc[nH]c12)c1cn[nH]c1-n1cccc1
OCNT-2316348,CYP2D6,5.420184458,4.7133893316413955,3,MURCKO::O=C(CNC(=O)C1CC1)NCC1(N2CCCCC2)CCCCC1
OCNT-2316349,CYP2D6,2.034937938,4.645901598257116,3,MURCKO::O=C(CNC(=O)c1cnn(-c2ccccc2)n1)Nc1ccccc1
OCNT-2316354,CYP2D6,4.098416347,4.57941696597215,1,MURCKO::c1ccc(CNC2CCNC2)cc1
OCNT-2316356,CYP2D6,4.557998455,4.42918439564211,2,MURCKO::O=C(Nc1cccnc1N1CCOCC1)N1CCCc2ccccc2CC1
OCNT-2316388,CYP2D6,5.33596842,4.945285161048865,4,MURCKO::O=C(NCc1cc2ccccc2o1)Nc1ccncc1
OCNT-2316398,CYP2D6,5.447034673,4.641771465047089,2,MURCKO::O=C(NCC1CCN1C1CCOCC1)c1nc(C2CC2)no1
OCNT-2316402,CYP2D6,4.455343455,4.985866984801046,3,MURCKO::O=C(NCc1ccccc1)N1CCNCC1
OCNT-2316408,CYP2D6,3.121213235,4.407744895752623,0,MURCKO::O=C(Nc1ccc(-c2nc3ccccc3[nH]2)cc1)c1ccccc1
OCNT-2316412,CYP2D6,4.131602913,4.94953611967385,3,MURCKO::c1cc(-c2ccsc2)nc(NCCc2cc[nH]n2)n1
OCNT-2316420,CYP2D6,2.06840671,4.777785017247044,0,MURCKO::O=C(CCc1c[nH]c2ccccc12)Nc1cccc(Oc2ccccc2)c1
OCNT-2316424,CYP2D6,6.138897052,4.669674754270982,1,MURCKO::O=C(c1ccc2[nH]ncc2c1)N1CC(CC2COCCN2)c2ccccc21
OCNT-2316431,CYP2D6,4.905353235,4.612429739057019,2,MURCKO::O=C(CCn1ccsc1=O)N1CCc2ccccc21
OCNT-2316444,CYP2D6,4.701276348,4.814475531431013,2,MURCKO::O=S(=O)(N1CCc2ccccc2C1)N(Cc1ccccc1)CC1CC1
OCNT-2316459,CYP2D6,2.54993435,4.794779573285457,4,MURCKO::O=C(NCCc1ccccc1)NC(c1ccccc1)c1nnc[nH]1
OCNT-2316493,CYP2D6,5.704810842,4.963011218326846,3,MURCKO::O=S(=O)(NC1CCCNC1)c1cccs1
OCNT-2316497,CYP2D6,4.444697468,4.925828753985085,4,MURCKO::c1cncc(CNCCc2cc3ccccc3o2)c1
OCNT-2316507,CYP2D6,4.490284045,4.890974312392435,1,MURCKO::O=C(Nc1ccon1)N1CC2(CCCC2)C1c1ccccc1
OCNT-2316527,CYP2D6,5.199933943,4.889054751737536,0,MURCKO::O=C(Cc1ccc2ncsc2c1)N1CCC(NC2CCC2)CC1
OCNT-2316535,CYP2D6,5.875719033,4.881297315520114,3,MURCKO::O=C(NC1CNCCc2ccccc21)c1ncnc2c1CCC2
OCNT-2316543,CYP2D6,3.53637959,5.010221772878551,1,MURCKO::c1ccc(C2(c3nc(Cc4cccnc4)no3)CCCC2)cc1
OCNT-2316553,CYP2D6,7.534508882,4.724460063648618,0,MURCKO::c1ccc(CC2(CNCc3ccccc3-c3cn[nH]c3)CC2)cc1
OCNT-2316555,CYP2D6,5.39933572,5.036677241192495,3,MURCKO::O=C(NCCN1CCc2ccccc2C1)NCc1ccncc1
OCNT-2316568,CYP2D6,6.663492208,4.8634087934822166,4,MURCKO::c1cc(Cn2ccnc2)cc(-c2noc(C3CCCCC3)n2)c1
OCNT-2316569,CYP2D6,4.564947945,4.632918711111209,3,MURCKO::O=C(c1csc(-c2ccc[nH]2)n1)N1CCCN(Cc2cn[nH]c2)CC1
OCNT-2316570,CYP2D6,5.111616237,4.575430139575721,4,MURCKO::c1ccc(C2CCCNC2)cc1
OCNT-2316573,CYP2D6,5.957069345,4.995082181879786,2,MURCKO::c1ccc2c(SCCNC3CCCOCC3)c[nH]c2c1
OCNT-2316587,CYP2D6,5.814936653,4.4940538252779305,4,MURCKO::O=c1[nH]cc(CNCC2CCC2)c(=O)[nH]1
OCNT-2316594,CYP2D6,4.480490055,4.698560220551642,4,MURCKO::O=C(NCCc1cccc2c1OCCO2)Nc1cnn[nH]1
OCNT-2316612,CYP2D6,5.673449148,4.997798165376169,1,MURCKO::c1ccc2c(N3CCCCCC3)ccnc2c1
OCNT-2316617,CYP2D6,5.66063223,4.91851043696583,3,MURCKO::O=C(CN1CCC(Cc2ccccc2)C1)Nc1ccccc1
OCNT-2316619,CYP2D6,5.311030207,4.500778826961898,2,MURCKO::c1ccc(CC2CCCN2Cc2nnc3cccnn23)cc1
OCNT-2316630,CYP2D6,4.205234993,4.8178369071645095,1,MURCKO::c1cncc(-c2cn(CCCN3CCOCC3)nn2)c1
OCNT-2316644,CYP2D6,4.628217455,4.560989505667641,1,MURCKO::O=C1NCCC1NCCC1CCC1
OCNT-2316654,CYP2D6,3.854059883,5.028853471823077,3,MURCKO::O=C(Nc1ccc2cn[nH]c2c1)c1c[nH]c2ccccc12
OCNT-2316656,CYP2D6,3.318434083,4.787329457776233,2,MURCKO::O=C(NC1CCCn2ncnc21)N1CCC(c2nccs2)CC1
OCNT-2316657,CYP2D6,4.840807162,4.533185692195319,2,MURCKO::O=C(Nc1nn[nH]n1)N1CC2(CCC2)C1c1ccccc1
OCNT-2316664,CYP2D6,4.421912285,4.606844994078075,3,MURCKO::O=C1C(n2cc(-c3cnc[nH]3)nn2)CCCN1c1ccccc1
OCNT-2316676,CYP2D6,5.530625235,5.150657947021793,1,MURCKO::c1cn(-c2ccc(-c3noc(C4CCOCC4)n3)cc2)cn1
OCNT-2316682,CYP2D6,3.834267898,4.509584392407284,1,MURCKO::O=C(NCc1c[nH]cn1)C1CNCC1c1ccccc1
OCNT-2316696,CYP2D6,5.987045455,4.957657636500125,0,MURCKO::c1ccc2c(c1)OCCCC2NCc1ccc(-n2cncn2)cc1
OCNT-2316701,CYP2D6,1.99645009,4.694793582775526,1,MURCKO::O=C(Nc1ccccc1)c1cnc2oncc2c1
OCNT-2316720,CYP2D6,5.557577818,4.825210270162863,1,MURCKO::O=C(NCCN1CCc2ccccc2C1)Nc1cccc(C(=O)Nc2ccccn2)c1
OCNT-2316751,CYP2D6,4.505825472,4.702798975025214,3,MURCKO::O=C(c1n[nH]c2c1CCC2)N1CCN(c2ccccc2)CC1
OCNT-2316755,CYP2D6,4.465080347,4.829540062953621,4,MURCKO::O=C(NCC1CC1)Nc1ccn2ccnc2c1
OCNT-2316758,CYP2D6,4.480675325,4.73885318697182,1,MURCKO::O=C(NCC1(N2CCSCC2)CCCC1)c1ccccn1
OCNT-2316768,CYP2D6,5.606690882,4.897455361100273,4,MURCKO::c1ccc(CCNCc2ccccc2)cc1
OCNT-2316781,CYP2D6,6.370402795,4.905453992961605,4,MURCKO::O=C(Nc1cnc2c(c1)CCCC2)c1cccc(Cn2ccnc2)c1
OCNT-2316796,CYP2D6,5.649233217,4.760586961247169,4,MURCKO::O=C(NCCc1ccccc1)c1ncoc1C1CC1
OCNT-2316818,CYP2D6,2.071858022,4.871353876018021,3,MURCKO::O=C(NCc1ccccc1)Nc1ccc2[nH]ncc2c1
OCNT-2316819,CYP2D6,4.92653146,4.769707017184853,2,MURCKO::c1ccc(-n2cc(CNCc3cc(C4CC4)no3)cn2)cc1
OCNT-2316822,CYP2D6,4.309038885,4.821845364338822,1,MURCKO::c1ccc(CC(Nc2ncnc3[nH]cnc23)c2cccs2)cc1
OCNT-2316823,CYP2D6,4.223853327,4.658990579809733,3,MURCKO::c1ccc(Cc2noc(-c3cc(C4CC4)on3)n2)cc1
OCNT-2316834,CYP2D6,4.313423043,4.7140622303201996,0,MURCKO::O=C(NCc1ccccc1)c1ccco1
OCNT-2316839,CYP2D6,5.435623282,4.3799240975667955,4,MURCKO::O=c1[nH]c(-c2ccccc2)no1
OCNT-2316841,CYP2D6,4.414205435,5.332274008937297,4,MURCKO::O=C(NCc1ccn[nH]1)NCC1CC1C1CCCCC1
OCNT-2316845,CYP2D6,4.727728935,4.6767769189444754,3,MURCKO::c1nc(N2CCN(CCC3CC3)CC2)c2nn[nH]c2n1
OCNT-2316852,CYP2D6,4.88535139,4.412706050144963,1,MURCKO::O=S(=O)(NC1CCC1)c1c[nH]c2ccccc12
OCNT-2316861,CYP2D6,4.49057665,4.683234861452592,3,MURCKO::O=C(c1cnc2ccccc2c1)N1CCC(N2CCC2)CC1
OCNT-2316870,CYP2D6,4.98531387,4.86431353023541,1,MURCKO::O=C(Nc1cccnc1)C1CC1c1ccccc1
OCNT-2316874,CYP2D6,6.668145182,5.1389244182640095,4,MURCKO::c1ccc(CCNCc2ccnc3[nH]ccc23)cc1
OCNT-2316883,CYP2D6,4.459569295,4.809430561819347,2,MURCKO::O=C(NCCc1c[nH]c2ccccc12)NC1CCCC1
OCNT-2316908,CYP2D6,5.61425272,4.617530309290313,2,MURCKO::O=C(COc1cccnc1)N1CCc2ccccc21
OCNT-2316911,CYP2D6,4.822188265,4.895283893180695,1,MURCKO::O=C(Nc1cnn(C2CCCC2)c1)c1cccnc1
OCNT-2316921,CYP2D6,4.13319688,4.792041968096299,2,MURCKO::O=C(Cc1ccccc1)NCC1(N2CCCCC2)CCOCC1
OCNT-2316942,CYP2D6,4.309330405,4.661415031151147,2,MURCKO::c1ccc(-c2noc(C3CN4CC5CC4(CO3)C5)n2)nc1
OCNT-2316951,CYP2D6,4.973568197,5.139747084181338,1,MURCKO::O=C(NCc1ccc(-n2ccnc2)cc1)N1CCN(Cc2ccno2)CC1
OCNT-2316959,CYP2D6,4.35024091,4.967904068414398,1,MURCKO::O=C(CCc1ccccc1)N1CCCC(n2ccnc2)C1
OCNT-2316968,CYP2D6,5.046620687,4.709089703719405,0,MURCKO::O=C(Cc1nsc2ccccc12)N1CCN(c2ccncc2)CC1
OCNT-2316971,CYP2D6,5.12815908,4.627506281544779,2,MURCKO::c1ccc(C2OCCC2c2nnc(-c3ccccn3)[nH]2)cc1
OCNT-2316975,CYP2D6,5.857924225,4.817798513903732,1,MURCKO::O=S(=O)(NCCCc1cccnc1)c1ccccc1
OCNT-2316976,CYP2D6,5.280969515,4.910001253023188,4,MURCKO::O=C(Nc1cccc(-c2cn[nH]c2)c1)c1cccc2c1OCO2
OCNT-2316987,CYP2D6,4.41372459,4.655564044689869,3,MURCKO::O=C(c1cc2ccccc2c(=O)[nH]1)N1CCN(Cc2ccsc2)CC1
OCNT-2317028,CYP2D6,4.615341325,5.174676670590054,1,MURCKO::O=C(c1cnn(-c2ccncc2)c1)N1CCNCC1
OCNT-2317040,CYP2D6,4.321618355,4.6437473084884555,1,MURCKO::O=C(Cc1ccccn1)Nc1cncc2c1CCCC2
OCNT-2317064,CYP2D6,5.32205883,4.699383899579942,3,MURCKO::c1cnc(N2CCCC(c3nc4ccccc4[nH]3)C2)nc1
OCNT-2317084,CYP2D6,5.256109832,4.923510459340619,3,MURCKO::O=C(Cc1cscn1)NC1CCc2ccccc21
OCNT-2317090,CYP2D6,4.345175722,4.683176916162516,3,MURCKO::C1=CC2(CCCN(c3ccc4nccnc4n3)C2)Oc2ccccc21
OCNT-2317099,CYP2D6,4.84487538,4.817933632529782,3,MURCKO::O=C(CN1CCCC1CN1CCCCC1)NCc1ccccc1
OCNT-2317105,CYP2D6,4.3614257,4.892012711972776,3,MURCKO::O=C(Cn1cncn1)N1CCCC1Cc1ccccc1
OCNT-2317109,CYP2D6,4.813769423,4.9970855061564965,1,MURCKO::O=C(NCc1ccnc(-n2ccnc2)c1)c1cccnc1
OCNT-2317112,CYP2D6,5.170880087,4.730201202921382,1,MURCKO::O=C(NCc1ccccc1)C1CCCN1
OCNT-2317130,CYP2D6,5.245386277,4.832584436157521,1,MURCKO::O=C(Nc1ccccc1-c1nc2ccccc2s1)C1CCNCC1
OCNT-2317145,CYP2D6,4.810775393,4.842703941133362,0,MURCKO::O=C(NCC1COc2ccccc21)N1CCC2(C=Cc3ccccc3O2)CC1
OCNT-2317158,CYP2D6,5.463469922,4.662194441237375,2,MURCKO::c1cnnc(NC2CCN(CCC3CCC3)CC2)c1
OCNT-2317163,CYP2D6,2.121788272,4.527252686240076,2,MURCKO::c1ccc(NC2CCN(c3ccccc3)C2)cc1
OCNT-2317169,CYP2D6,5.411656012,4.780621815128621,0,MURCKO::O=C(NC1CCOC(c2cccnc2)C1)N1CCCc2ccccc2CC1
OCNT-2317170,CYP2D6,4.452146105,4.852263343406518,4,MURCKO::O=C(NCC1CCN(c2ccncc2)CC1)c1c[nH]c2ccccc12
OCNT-2317172,CYP2D6,4.545994402,4.89308397001053,4,MURCKO::O=C(NOCc1cccnc1)C1CCCCN1C(=O)c1ccccc1
OCNT-2317174,CYP2D6,4.481191255,4.892936782576864,2,MURCKO::O=C(NCc1ccccc1)N1CCOCC1
OCNT-2317181,CYP2D6,4.45536569,4.583972520726137,2,MURCKO::O=C(CN1CCN(c2ncccn2)CC1)Nc1ccccc1
OCNT-2317186,CYP2D6,4.52202745,4.820481475116723,1,MURCKO::O=C(NCC1CCCCC1)NCC1CNCCO1
OCNT-2317192,CYP2D6,5.160115207,4.2127935504679,0,MURCKO::O=C(Nc1cccnc1)N1CCC(Nc2ccccc2)CC1
OCNT-2317197,CYP2D6,5.152435898,4.857780351411632,0,MURCKO::O=C(NCC1CC1)NC1CCN(c2ccccc2)C1
OCNT-2317199,CYP2D6,2.10326441,4.844545908060395,3,MURCKO::O=C(NCc1[nH]ncc1C1CC1)Nc1ncc(Cc2ccccc2)s1
OCNT-2317204,CYP2D6,4.127668867,4.7395808759806854,0,MURCKO::O=C(NC1CCCc2ccccc21)N1CCc2c(nc[nH]c2=O)C1
OCNT-2317216,CYP2D6,4.44872674,4.917342474324709,3,MURCKO::O=C(CCn1ccnn1)N1CCCC1CCc1ccccc1
OCNT-2317221,CYP2D6,6.23984959,4.859613505744708,4,MURCKO::c1ccc2c(CNc3ncnc4c3ncn4C3CC3)ccnc2c1
OCNT-2317227,CYP2D6,5.044180693,4.565232154771557,2,MURCKO::O=C(NCc1ncc[nH]1)N1CCCC1c1ccccc1
OCNT-2317229,CYP2D6,4.423673192,4.766646391679256,4,MURCKO::O=C(NCc1ccccc1)Nc1ccccc1
OCNT-2317255,CYP2D6,5.757379195,4.820549934096036,0,MURCKO::O=C(NCc1ccccc1)NCc1cccnc1-n1ccnc1
OCNT-2317262,CYP2D6,4.40284118,4.699152856339552,0,MURCKO::O=C(NCCN1CCCCC1)C1CCCN(C(=O)Nc2ccccc2)C1
OCNT-2317271,CYP2D6,6.019379387,4.862674975974145,2,MURCKO::c1ccc2c(N3CCOCC3)nccc2c1
OCNT-2317273,CYP2D6,3.32377182,4.932025792059944,1,MURCKO::O=C1NCCCN(Cc2cc[nH]n2)C1Cc1ccccc1
OCNT-2317274,CYP2D6,6.15405915,4.7408352327860825,1,MURCKO::c1ccc(OCCNC2CC3CCCC32)cc1
OCNT-2317275,CYP2D6,5.450793185,4.706970388993586,3,MURCKO::c1ccc(OCC2CCCN2c2nnc(-c3ccon3)s2)cc1
OCNT-2317285,CYP2D6,5.594525605,5.2489302765421435,0,MURCKO::O=C(CCc1ccncc1)N1CCC(Cc2ccccc2)C1
OCNT-2317287,CYP2D6,5.476693905,4.669748210081623,2,MURCKO::C1=CC(N2CCC(c3nc(-c4ccccn4)no3)CC2)CCCCC1
OCNT-2317297,CYP2D6,4.50800909,4.814080044876356,4,MURCKO::O=C(NCCc1ccccc1)N1CCOCC(C2CCC2)C1
OCNT-2317299,CYP2D6,4.596181878,4.758432545474211,1,MURCKO::O=C(NCCOc1ccccn1)N1CCN(CC2CC2)CC1
OCNT-2317300,CYP2D6,4.722456262,4.663176133537885,3,MURCKO::O=C(Nc1ccc2ncnn2c1)N1CC2(CCCC2)c2ccccc21
OCNT-2317304,CYP2D6,5.5483119,4.8915444397681735,1,MURCKO::c1cnc2[nH]cc(C3CCN(c4ncnc5sccc45)CC3)c2c1
OCNT-2317309,CYP2D6,4.3066351,4.537821429787407,2,MURCKO::O=C(CN1CCN(c2ccncn2)CC1)Nc1ccnn1Cc1cccs1
OCNT-2317310,CYP2D6,4.587084697,4.657981716607964,2,MURCKO::O=C(CCN1CCOC(c2ccccc2)C1)Nc1ccccc1
OCNT-2317311,CYP2D6,4.285894502,4.436338582678338,1,MURCKO::c1ccc(C2CCN(c3cccnn3)CC2)cc1
OCNT-2317322,CYP2D6,5.985658192,4.7613610398757125,0,MURCKO::O=C(CN1CCC(CN2CCCCC2)C1)Nc1ccccc1
OCNT-2317326,CYP2D6,4.14454944,4.653986260056973,3,MURCKO::O=C(C1CCCCN1CCc1ccccc1)N1CCOCC1
OCNT-2317327,CYP2D6,5.25381474,4.775001582377971,0,MURCKO::O=S(=O)(CCC1CC1)N1CCCN(c2ccccc2)CC1
OCNT-2317332,CYP2D6,4.423321588,4.575042319739823,0,MURCKO::O=C(CN1CCN(C2CCOCC2)CC1)NCc1ccccc1
OCNT-2317336,CYP2D6,4.218204713,4.565076051273122,3,MURCKO::O=C(NCc1ccccc1)NC1CCN(CCc2ccccc2)CC1
OCNT-2317343,CYP2D6,4.536498835,4.790369274024325,4,MURCKO::O=C(CCc1ccccc1)NCC1CCN(CCc2ccccc2)CC1
OCNT-2317345,CYP2D6,5.33861233,4.747936860019562,4,MURCKO::O=C(NCc1ccc(-n2ccnc2)cc1)Nc1cc[nH]n1
OCNT-2317346,CYP2D6,6.40809461,4.872639113721085,4,MURCKO::c1ccc(-c2noc(CN3CCCC(n4ccnc4)C3)n2)cc1
OCNT-2317347,CYP2D6,2.161502075,4.63131563940029,2,MURCKO::O=C(NCC1CCN(c2ccccc2)C1)Nc1ccccc1
OCNT-2317349,CYP2D6,4.840674287,4.760155237163033,0,MURCKO::O=C(c1cc2ccccc2s1)N1CCN(CC2CCCO2)CC1
OCNT-2317353,CYP2D6,2.185040822,4.351161178210059,2,MURCKO::O=C(Nc1nc2ccccc2[nH]1)C1CCCN1
OCNT-2317361,CYP2D6,5.98184202,4.793481596347021,0,MURCKO::c1nc(N2CCC(C3CC3)C2)cc(N2CCC(C3CC3)C2)n1
OCNT-2317363,CYP2D6,5.14562163,4.539748974578357,4,MURCKO::c1ccc(CCN2CCCC(c3ncno3)C2)cc1
OCNT-2317371,CYP2D6,4.563517455,4.73563899993162,2,MURCKO::O=C(NCC1CCN(CCc2ccccc2)CC1)c1cncs1
OCNT-2317383,CYP2D6,5.194830892,4.877349974479442,1,MURCKO::c1coc(CCNCc2cncc3ccccc23)c1
OCNT-2317404,CYP2D6,2.450622572,4.83901861833524,4,MURCKO::c1ccc(COc2cccc(CNc3ncnc4sccc34)c2)nc1
OCNT-2317414,CYP2D6,4.402160077,4.721903546405007,3,MURCKO::O=C(CCc1ccccc1)N1CCCCC1c1ncc[nH]1
OCNT-2317417,CYP2D6,2.095241587,4.4866425727352,3,MURCKO::O=C1CCc2cc(-c3csc(NC(=O)c4ccccc4)n3)ccc2N1
OCNT-2317425,CYP2D6,4.38597256,4.824201154745261,1,MURCKO::O=S(=O)(c1cccc(NCc2ccccc2)c1)N1CCCNCC1
OCNT-2317432,CYP2D6,1.962676525,4.997943156396284,1,MURCKO::O=C(NCc1cccc2ccsc12)NCC1CC1
OCNT-2317433,CYP2D6,4.439605255,4.499846283755257,0,MURCKO::c1ccc(CC2CCN(Cc3nnn[nH]3)C2)cc1
OCNT-2317446,CYP2D6,4.20283119,4.803123805245326,3,MURCKO::O=C(NC1CCc2ccccc21)N1CCCC(c2ncc[nH]2)C1
OCNT-2317449,CYP2D6,2.498528228,4.354203714179347,3,MURCKO::O=C(CCn1ccccc1=O)N1CCc2ccccc2C1
OCNT-2317457,CYP2D6,5.13006975,4.693986420928344,1,MURCKO::c1ccc2c3c([nH]c2c1)C(NCc1cnc[nH]1)CCC3
OCNT-2317458,CYP2D6,4.589815827,4.780940981338819,4,MURCKO::O=C(c1cccc2cnccc12)N1CCc2ccccc21
OCNT-2317464,CYP2D6,4.4407999,4.951168167399013,4,MURCKO::O=C(CNCc1ccccc1)N1CCN(C(=O)C2CC2)CC1
OCNT-2317466,CYP2D6,4.97851655,4.472285013344081,1,MURCKO::c1cc(CNc2cnc3[nH]ncc3c2)cc(OC2CC2)c1
OCNT-2317467,CYP2D6,4.52577535,4.6224550083081315,1,MURCKO::O=C(Nc1cccnc1)C1NCCOc2ccccc21
OCNT-2317470,CYP2D6,5.22377856,4.93426434500602,1,MURCKO::O=C(COc1ccccc1)N1CCCN(C2CCCC2)CC1
OCNT-2317471,CYP2D6,4.50795249,4.734487409011926,2,MURCKO::O=C(NCC12CNCC1C2)N1CCC1
OCNT-2317479,CYP2D6,4.56712387,4.816033963306919,0,MURCKO::O=C(NCc1ccccc1)c1cnn(-c2ccc(=O)[nH]n2)c1
OCNT-2317486,CYP2D6,4.524936858,4.4993628982516825,4,MURCKO::O=C(Nc1cn[nH]c1)N1CC(Cc2ccccc2)C1
OCNT-2317489,CYP2D6,4.119364112,4.6223914445442915,4,MURCKO::O=C(NCc1ccc(OCC2CC2)nc1)NC1CC2CCC1C2
OCNT-2317493,CYP2D6,5.027558338,4.843093148411551,1,MURCKO::c1ccc2c(c1)CN(Cc1cn(Cc3ccon3)nn1)C2
OCNT-2317505,CYP2D6,5.375135187,4.679704605748384,0,MURCKO::O=C(NCc1ccccc1)c1ccc2cncn2c1
OCNT-2317506,CYP2D6,5.75815843,4.571595079350823,1,MURCKO::c1cnc(-n2cccn2)c(CNC2CCOC2)c1
OCNT-2317510,CYP2D6,5.239596772,4.790271372788926,4,MURCKO::O=C(Nc1ccccc1)N1CC(C2CCC2)C1
OCNT-2317519,CYP2D6,5.454500075,4.622682236186982,2,MURCKO::c1cc(-c2noc(CNc3ncnc4sccc34)n2)ccn1
OCNT-2317520,CYP2D6,4.425597778,4.8228016319430225,4,MURCKO::O=C(NC1CCN(c2cccnn2)CC1)N1CCc2ccccc2C1
OCNT-2317521,CYP2D6,4.63078723,4.394014189050667,2,MURCKO::O=C(Cn1cc(Cc2ccccc2)nn1)NC1CCCCC1
OCNT-2317535,CYP2D6,4.828179105,4.814519435043451,3,MURCKO::O=C(NCCc1ccccc1)C12CNCC1CCOC2
OCNT-2317536,CYP2D6,4.750324003,4.754301305665265,2,MURCKO::O=C(c1csc(-c2cn[nH]c2)n1)N1CCCc2ccccc21
OCNT-2317551,CYP2D6,6.245797693,4.849452089545236,2,MURCKO::O=C(C1CCCCN1)N1CCN(c2cccc3cnccc23)CC1
OCNT-2317552,CYP2D6,4.410375493,5.101337010668095,1,MURCKO::O=C(NCC(Cc1ccccc1)Cc1ccccc1)N1CCCCC1
OCNT-2317570,CYP2D6,4.489519002,4.634996167710111,0,MURCKO::O=C(CCc1ccccc1)N1CCCC(c2ncc[nH]2)C1
OCNT-2317579,CYP2D6,4.343583405,4.924059113458389,4,MURCKO::c1cc(-c2noc(CCC3CCCC3)n2)ccn1
OCNT-2317589,CYP2D6,4.436259062,4.612053124550549,4,MURCKO::O=C(NCC1CCOc2ccccc21)N1CCOC(c2ccccc2)C1
OCNT-2317592,CYP2D6,2.267230695,4.715158049239678,3,MURCKO::c1csc(C2CCNCC2)n1
OCNT-2317599,CYP2D6,6.116139112,4.711001650847093,4,MURCKO::c1ccc(CCNCc2n[nH]c3ccccc23)cc1
OCNT-2317600,CYP2D6,4.096403018,4.671328213342702,3,MURCKO::O=C(Nc1ccccc1)NC1CCCN(c2ccccc2)C1
OCNT-2317602,CYP2D6,4.527259615,4.660598908172087,3,MURCKO::O=C(Nc1cccc(CC(=O)N2CCNCC2)c1)c1cc(C2CC2)[nH]n1
OCNT-2317611,CYP2D6,5.277009927,4.626774291087866,4,MURCKO::O=C(CN1CC2CN3CCCCC3C2C1)NCc1ccccc1
OCNT-2317626,CYP2D6,4.373530345,4.758840099806432,2,MURCKO::O=C(CC1(N2CCOCC2)CCCC1)NCc1ccc2c(c1)OCCO2
OCNT-2317634,CYP2D6,4.75301901,4.804652198618946,2,MURCKO::O=C(C1CCN(c2cnccn2)CC1)N1CCCC1Cc1ccccc1
OCNT-2317648,CYP2D6,4.697481608,5.035395729016458,4,MURCKO::O=C(NC1CCCC(C2CC2)C1)NC(Cc1ccccc1)c1ncco1
OCNT-2317650,CYP2D6,5.188684513,4.7960702831169595,3,MURCKO::O=C(NCC1CCCN(Cc2cccs2)C1)NCC1CCC2(CCCC2)O1
OCNT-2317654,CYP2D6,4.471142268,4.794568233994777,3,MURCKO::c1ccc(CCN2CCC(Cc3ccccc3)CC2)cc1
OCNT-2317662,CYP2D6,5.27955207,4.631743325485537,2,MURCKO::O=C(NCc1ccccc1)N1CCCC2(CCCC2)CC1
OCNT-2317667,CYP2D6,4.08540226,4.697122494398792,0,MURCKO::O=C(C1CCc2cn[nH]c2C1)N1CCN(c2cccnc2)CC1
OCNT-2317673,CYP2D6,4.336998753,4.667396074517619,0,MURCKO::c1ccc(OCC2CCCN2c2nccc3nccnc23)cc1
OCNT-2317689,CYP2D6,7.022912185,4.802304449284478,1,MURCKO::O=C(CCc1c[nH]cn1)N1CCC(c2c[nH]c3ccccc23)CC1
OCNT-2317693,CYP2D6,4.45086792,4.672495681956543,4,MURCKO::O=C(CCc1cn[nH]c1)N1CCN(C(=O)Cc2c[nH]c3ccccc23)CC1
OCNT-2317695,CYP2D6,5.240445258,4.752322047516044,2,MURCKO::c1cn(-c2ccc(CNCc3c[nH]cn3)cc2)cn1
OCNT-2317700,CYP2D6,4.27219851,4.933359831750549,4,MURCKO::O=C(NCC1(c2ccccc2)CCCC1)NC1CCc2[nH]ncc2C1
OCNT-2317709,CYP2D6,4.230721595,4.47751549826099,2,MURCKO::c1cncc(-c2nnc(N3CCNCC3)[nH]2)c1
OCNT-2317724,CYP2D6,5.101080647,4.958013964437951,1,MURCKO::O=C(NCc1ccc(-n2ccnc2)nc1)c1ccn(C2CCCC2)n1
OCNT-2317729,CYP2D6,5.003302423,4.810370574730317,2,MURCKO::O=C(Cc1noc(C23CCC2CNC3)n1)NCc1ccccc1
OCNT-2317738,CYP2D6,5.622023915,4.8749228164380805,0,MURCKO::c1ccc(C2(CNC(c3cccnc3)c3ncc[nH]3)CCOCC2)cc1
OCNT-2317740,CYP2D6,5.572677387,4.831627897459359,3,MURCKO::c1ccc(-c2nc(CCNCc3ccc4c(c3)OCCO4)co2)cc1
OCNT-2317761,CYP2D6,4.26816038,4.657471374841365,4,MURCKO::O=C(Nc1cccc(-c2cn[nH]c2)c1)c1cnc2cn[nH]c2c1
OCNT-2317763,CYP2D6,7.467447948,4.324566407549845,0,MURCKO::c1ccc(CCNC2CCOc3ccccc32)cc1
OCNT-2317790,CYP2D6,6.900962065,4.81238721786012,2,MURCKO::O=C(NC1CCN(CC2CCOC2)CC1)c1ccc[nH]1
OCNT-2317809,CYP2D6,4.088904775,4.655723998360473,1,MURCKO::O=S1(=O)CCC2(CCCN(Cc3cnc(-c4ccccc4)o3)C2)C1
OCNT-2317811,CYP2D6,5.104487567,4.504726271085892,4,MURCKO::c1ccc2c(c1)CCN(Cc1cc[nH]n1)C2
OCNT-2317813,CYP2D6,5.059765247,4.587934902886857,4,MURCKO::c1nc(NCC2CCCCC2)c2ccsc2n1
OCNT-2317818,CYP2D6,4.55371775,4.931582552465116,3,MURCKO::O=C(NCc1ccccc1)N1CCC(n2ccnc2)CC1
OCNT-2317832,CYP2D6,4.37778035,4.9106959016151475,1,MURCKO::O=C(c1coc2ccccc12)N1CCC(Cc2nc3ccccc3[nH]2)CC1
OCNT-2317840,CYP2D6,3.516761372,4.625595064838788,0,MURCKO::O=C(C1CCN(CCc2ccc3ccccc3c2)C1)N1CCOCC1
OCNT-2317842,CYP2D6,4.761829375,4.665565336214767,2,MURCKO::c1ccc(C2CCCN2Cc2cnn[nH]2)cc1
OCNT-2317846,CYP2D6,5.36431472,4.823168559717557,4,MURCKO::O=C(NCc1ccncc1)Nc1ccncc1
OCNT-2317874,CYP2D6,4.366310592,4.500367579976442,0,MURCKO::O=C(Nc1ccc2ncsc2c1)C1CCCN1
OCNT-2317890,CYP2D6,6.18287847,5.183922853927353,4,MURCKO::c1ccc(Cn2nncc2CN2CCC(C3CC3)CC2)cc1
OCNT-2317895,CYP2D6,4.929156447,4.729691853942226,0,MURCKO::O=C(NCc1ncc[nH]1)NCC1(N2CCOCC2)CCCCC1
OCNT-2317896,CYP2D6,2.286661473,4.856391755209902,0,MURCKO::O=C(NC1COc2ccccc21)c1cc[nH]c1
OCNT-2317901,CYP2D6,4.989080673,4.831956091549754,1,MURCKO::O=C(NCc1ccc2occc2c1)NC1CCCc2cn(C3CCCC3)nc21
OCNT-2317904,CYP2D6,4.149180493,4.451186911460384,4,MURCKO::O=C(NC1CCN(c2ccccc2)C1)c1ccc2nnnn2c1
OCNT-2317909,CYP2D6,4.350945065,4.527977825743417,1,MURCKO::c1ccc(CCNc2ccnc3ncnn23)cc1
OCNT-2317923,CYP2D6,4.480360058,5.019729895381801,0,MURCKO::O=C(NCc1cccc(-c2cccnc2)c1)c1ccn[nH]1
OCNT-2317940,CYP2D6,4.229076645,4.99062378452084,2,MURCKO::O=c1c2cn[nH]c2ncn1CC1CCC(c2ccccc2)CC1
OCNT-2317957,CYP2D6,4.644202297,4.704035339561606,2,MURCKO::O=C(C1CCNCC1)N1CCc2ccccc21
OCNT-2317970,CYP2D6,4.53366045,4.485883563467322,4,MURCKO::O=C(CCCc1ccccc1)N1CCOCC1
OCNT-2317981,CYP2D6,4.251472673,4.5290297509014685,1,MURCKO::O=C1C(N2CCCCC2)CCN1c1cccs1
OCNT-2317996,CYP2D6,4.704399292,4.904120114695598,1,MURCKO::c1ccc(NCc2ccnc3c2CCCC3)cc1
OCNT-2318002,CYP2D6,2.38676796,4.838627234280385,1,MURCKO::c1ccc(Cc2nccc(N3CCN(c4ccccc4)CC3)n2)cc1
OCNT-2318019,CYP2D6,4.615615108,4.661750167110011,0,MURCKO::c1ccc(CCNCc2cccc3[nH]ccc23)cc1
OCNT-2318020,CYP2D6,4.412228638,4.516741398089017,1,MURCKO::O=C(NCc1ccc2c(c1)OCO2)NCc1nnc2n1CCCCC2
OCNT-2318022,CYP2D6,4.52967986,4.677610979937997,3,MURCKO::O=C(NCc1ccccc1)NC1CCCN(c2ccccc2)C1
OCNT-2318024,CYP2D6,4.514269055,4.60304737157845,4,MURCKO::O=C(NCC1CCOc2ccccc21)N1CCOc2ccccc2C1
OCNT-2318042,CYP2D6,5.214272323,4.693806436253994,0,MURCKO::c1ccc(OC2CCN(CCN3CCOCC3)CC2)nc1
OCNT-2318057,CYP2D6,4.344043137,4.778616560193406,1,MURCKO::O=C(CCc1c[nH]nn1)Nc1ccc(N2CCCCC2)nc1
OCNT-2318067,CYP2D6,5.182555277,4.702944808626075,3,MURCKO::c1ccc(CNC2CCC23CCC3)cc1
OCNT-2318082,CYP2D6,5.032755748,4.608924812130515,0,MURCKO::c1ccc(CNc2nc3ccccc3[nH]2)nc1
OCNT-2318089,CYP2D6,6.78738531,4.482280141965376,4,MURCKO::c1ccc(-c2ccco2)cc1
OCNT-2318090,CYP2D6,5.957840628,4.833789070174607,2,MURCKO::c1ccc(-n2cc(CNCC3CC3)cn2)cc1
OCNT-2318091,CYP2D6,4.641711945,4.602126695907391,2,MURCKO::c1ccc2c(N3CCNCC3)ccnc2c1
OCNT-2318099,CYP2D6,5.48545835,4.491469888702563,4,MURCKO::c1ccc(-c2noc(CN3CCc4ccccc43)n2)cc1
OCNT-2318103,CYP2D6,5.1902151,4.545858920029328,4,MURCKO::c1cc(N2CCN(c3cnccn3)CC2)ncn1
OCNT-2318112,CYP2D6,4.492220057,5.04608188144163,1,MURCKO::c1cc(NCc2c[nH]cn2)cc(-c2nnnn2C2CC2)c1
OCNT-2318116,CYP2D6,4.89503489,4.716325677872169,0,MURCKO::c1cc(CNCC2CCC(c3nc(C4CC4)n[nH]3)O2)n(CC2CCC2)n1
OCNT-2318123,CYP2D6,4.29660807,4.959163115347879,4,MURCKO::O=C(NCc1cn[nH]c1)N1CCC(Oc2ccncc2)C1
OCNT-2318132,CYP2D6,5.95129644,5.366638452783079,4,MURCKO::c1ccc(CCNCc2ccccc2)cc1
OCNT-2318133,CYP2D6,5.552233995,4.545863564666437,1,MURCKO::c1ccc2c(N3CCCNCC3)nc(-c3ccncc3)nc2c1
OCNT-2318150,CYP2D6,6.156803655,4.763950777045156,4,MURCKO::O=C(Nc1ccc2cc[nH]c2c1)N1CCc2ccccc2C1
OCNT-2318152,CYP2D6,4.649858287,4.605459395260491,2,MURCKO::O=C(Cc1csc(NC(=O)c2ccco2)n1)Nc1ccccc1
OCNT-2318156,CYP2D6,4.699939722,4.84555463667472,3,MURCKO::O=C(NCC1(c2ccccn2)CCC1)c1cccc(-c2ncon2)c1
OCNT-2318165,CYP2D6,5.170745015,4.854829302505943,3,MURCKO::O=C(NCCc1c[nH]c2ccccc12)C1COc2ccccc21
OCNT-2318171,CYP2D6,4.40038701,4.5409648509836416,0,MURCKO::O=C(Cc1cn2ccccc2n1)NC1CCCOc2ccccc21
OCNT-2318184,CYP2D6,5.275216935,4.850191133864952,1,MURCKO::O=C(NCc1cccnc1)c1cccc(NS(=O)(=O)c2ccccc2)c1
OCNT-2318193,CYP2D6,6.347127233,5.001909873061566,4,MURCKO::O=S(=O)(c1cc2ccccc2o1)N1CCNCC1c1ccccc1
OCNT-2318205,CYP2D6,4.53371729,4.579182691800501,1,MURCKO::O=C(Nc1ccccc1)N1CCC1c1ccccc1
OCNT-2318213,CYP2D6,4.4757793,4.720415637042604,3,MURCKO::O=C(NCc1ccc(-n2cccn2)cc1)C1CC12CCOCC2
OCNT-2318216,CYP2D6,4.477070882,4.657558678520356,4,MURCKO::O=C(NC1CCc2cn[nH]c2C1)c1cc2ccccc2s1
OCNT-2318220,CYP2D6,2.41859686,4.822139194480105,3,MURCKO::O=S(=O)(c1ccccc1NC1CCC1C1CC1)N1CCCCC1
OCNT-2318230,CYP2D6,4.826443865,4.870827154886111,0,MURCKO::c1ccc(C2CC2c2nc(Cn3cncn3)no2)cc1
OCNT-2318232,CYP2D6,4.343805592,4.732998140788528,4,MURCKO::c1cc(NCc2c[nH]nn2)cc(-c2ncc[nH]2)c1
OCNT-2318260,CYP2D6,2.638721835,4.571935098098238,1,MURCKO::O=C(NCc1ccccc1)c1ncsc1Nc1ccccc1
OCNT-2318272,CYP2D6,4.526393937,4.707632839058229,4,MURCKO::O=C(Nc1ccc(Oc2ccccc2)cc1)C1CCNC1
OCNT-2318277,CYP2D6,5.56457544,4.536516647645834,3,MURCKO::c1ccc(-n2cc(CNCC3CCCN3)cn2)nc1
OCNT-2318281,CYP2D6,5.653717428,4.840966792918337,3,MURCKO::c1ccc(CCc2nc(-c3ccncc3)no2)cc1
OCNT-2318286,CYP2D6,4.85251494,4.658501482281862,2,MURCKO::O=C(c1ccc(-c2nnn[nH]2)cn1)N1CCCC(c2ccccc2)CC1
OCNT-2318287,CYP2D6,5.79704726,4.9310880598902775,2,MURCKO::c1ccc(CNCc2cn(-c3ccccc3)nn2)cc1
OCNT-2318290,CYP2D6,4.380346848,4.8085088220373535,0,MURCKO::O=C(NC1CCOC2(CCOCC2)C1)N1CCC(Oc2ccncc2)CC1
OCNT-2318299,CYP2D6,4.393742115,5.074489546510954,3,MURCKO::O=C(NC1CCc2[nH]cnc2C1)c1c[nH]nc1-c1ccccc1
OCNT-2318306,CYP2D6,5.063962137,4.90707631630388,2,MURCKO::O=C(Nc1ccc(Cc2ccncc2)cc1)c1ccno1
OCNT-2318312,CYP2D6,5.188969777,4.7930089789163635,3,MURCKO::c1ccc2oc(-c3cc[nH]n3)cc2c1
OCNT-2318326,CYP2D6,2.763881913,4.565103591458836,3,MURCKO::c1ccc2c(Cc3nc(N4CCNCC4)no3)cccc2c1
OCNT-2318328,CYP2D6,4.619061425,4.847314901479076,1,MURCKO::O=C(CSc1n[nH]c(-c2cccnc2)n1)Nc1ccc(Oc2ccccc2)cc1
OCNT-2318329,CYP2D6,4.648029975,4.82971182138416,3,MURCKO::O=C(CCN1CCOCC1)Nc1cccc(CNCc2c[nH]nc2-c2ccc3c(c2)OCO3)c1
OCNT-2318330,CYP2D6,4.07487932,4.814731744130976,4,MURCKO::O=S(=O)(NCc1cc(-c2ccccc2)on1)c1ccoc1
OCNT-2318340,CYP2D6,5.032280945,5.008502357042919,1,MURCKO::O=C(NCc1ccc(-n2ccnc2)cc1)c1ccccc1
OCNT-2318342,CYP2D6,6.229640715,4.891569369690194,2,MURCKO::O=C(Nc1cccc(Cn2ccnc2)c1)c1cc(-c2ccoc2)nc2oncc12
OCNT-2318348,CYP2D6,5.444176615,4.553758236362148,3,MURCKO::O=S(=O)(c1cc2ccccc2s1)N1CCNCC1
OCNT-2318359,CYP2D6,5.373045545,4.918419712722708,0,MURCKO::O=C(Cc1ccccc1)NC(CN1CCCC1)c1ccccc1
OCNT-2318363,CYP2D6,5.802214647,5.231770467863623,4,MURCKO::O=C(OCc1ccccc1)c1ccc2cncn2c1
OCNT-2318369,CYP2D6,5.32092254,5.046452664263862,4,MURCKO::O=C(Cc1c[nH]c2cnccc12)NCCCN1CCc2ccccc2C1
OCNT-2318390,CYP2D6,4.62512744,4.750851607931311,1,MURCKO::O=C(Nc1ccns1)N1CCc2[nH]c(C3CC3)nc2C1
OCNT-2318391,CYP2D6,5.495682998,5.0730436950199085,2,MURCKO::c1coc(CN2CCC(NC3CCC(Cn4ccnc4)C3)CC2)c1
OCNT-2318397,CYP2D6,4.432727115,4.785764398574914,0,MURCKO::O=C(c1ccncn1)N1CCN(c2ccncc2)CC1
OCNT-2318399,CYP2D6,4.616928888,5.046665559379996,1,MURCKO::O=C(Nc1ccncc1)c1cccc(NS(=O)(=O)c2ccccc2)c1
OCNT-2318401,CYP2D6,4.456975518,4.324544396573975,4,MURCKO::O=C(Cn1ncc2cccnc21)N1CCCn2nncc2C1
OCNT-2318404,CYP2D6,5.268095713,4.870092672309585,4,MURCKO::O=C(NC1(CNC(=O)C2CCOC2)CCCC1)c1cc2ccccc2o1
OCNT-2318405,CYP2D6,6.64007608,5.259325040847097,3,MURCKO::c1ccc(CNC2CCOc3ccccc32)cc1
OCNT-2318428,CYP2D6,4.248291597,4.475538653992769,1,MURCKO::O=C(Cc1ccccc1)N1CC=C(c2cccs2)CC1
OCNT-2318429,CYP2D6,4.993855365,5.197283425396135,3,MURCKO::O=C(Nc1ccccc1)NC1C2Cc3ccccc3C21
OCNT-2318445,CYP2D6,5.07129447,4.681521316642468,3,MURCKO::c1ccc2c(c1)NCC21CCNCC1
OCNT-2318446,CYP2D6,4.929664808,4.809506307631418,0,MURCKO::O=C(NC1CCC(Cn2ccnc2)C1)c1cnc2[nH]ccc2c1
OCNT-2318453,CYP2D6,2.085073915,4.595680051291788,4,MURCKO::O=C(NCc1ccccc1)c1c[nH]c2ccccc2c1=O
OCNT-2318479,CYP2D6,4.349825218,4.7601834803802205,3,MURCKO::c1ccc(-n2nc(Cn3cncn3)nc2C2CCCC2)cc1
OCNT-2318486,CYP2D6,2.121980253,5.107945721597591,2,MURCKO::O=C(Cc1ccccc1)Nc1cccc(C(=O)NCc2ccc[nH]2)c1
OCNT-2318494,CYP2D6,5.487999562,4.850208699409098,1,MURCKO::O=C(Nc1ccc2ncccc2c1)c1ccccc1
OCNT-2318495,CYP2D6,5.43523152,4.698804738196675,0,MURCKO::c1ccc(-c2n[nH]cc2CN2CCC2c2ccccc2)cc1
OCNT-2318499,CYP2D6,5.247872538,4.661509781095555,2,MURCKO::c1ccc(CNCC2CC2c2ccccc2)cc1
OCNT-2318507,CYP2D6,4.677536995,4.541302294724188,1,MURCKO::c1ccc(-n2ccc(CN3CCCC3)n2)cc1
OCNT-2318516,CYP2D6,5.221734087,4.869198750455438,2,MURCKO::O=C(Nc1ncc(Cc2ccccc2)s1)C1CCCc2[nH]cnc21
OCNT-2318523,CYP2D6,4.555777323,4.815396802146166,1,MURCKO::O=C(C1CNCCO1)N(Cc1ccccc1)C1CC1
OCNT-2318531,CYP2D6,4.88223822,4.901120946119182,2,MURCKO::O=c1nc(NC2CCc3ccccc32)[nH]c2[nH]ncc12
OCNT-2318536,CYP2D6,4.554201895,4.7543956564703045,0,MURCKO::O=C(NCc1ccccc1)C1CC1c1cccs1
OCNT-2318541,CYP2D6,2.297016283,4.711461789658211,2,MURCKO::O=C(NCc1nc2ccccc2o1)c1cc(C2CC2)nc2onc(-c3ccccc3)c12
OCNT-2318543,CYP2D6,4.57706767,4.735476455051683,4,MURCKO::O=C(NC1COc2ccccc21)N1CCc2c(ncn2-c2ccccc2)C1
OCNT-2318555,CYP2D6,4.296957078,4.735547357750517,4,MURCKO::O=S(=O)(Nc1ccccn1)c1ccnn1C1CCC1
OCNT-2318566,CYP2D6,4.357622783,4.6371530402644705,0,MURCKO::O=C(Cc1ccccn1)Nc1n[nH]cc1C1CC1
OCNT-2318569,CYP2D6,4.918849257,5.248692877692944,2,MURCKO::c1cncc(C2CCCN2c2nc(-c3ccncc3)nc3ccccc23)c1
OCNT-2318570,CYP2D6,4.444506247,4.758725172444266,4,MURCKO::c1ccc2c(C3CN(Cc4ccn[nH]4)C3)cccc2c1
OCNT-2318576,CYP2D6,5.172627055,4.7819785800375065,3,MURCKO::O=C(NCc1ccccc1)NCC1CCN(CCc2ccccc2)CC1
OCNT-2318584,CYP2D6,5.530706992,4.815733745841241,2,MURCKO::O=S(=O)(CCC1CCCO1)NCC(c1ccccc1)N1CCCC1
OCNT-2318585,CYP2D6,6.873033087,5.156071083419521,0,MURCKO::c1cc(NCc2cccc3ccccc23)cc(-n2cnnn2)c1
OCNT-2318618,CYP2D6,4.454990203,4.632525736344876,4,MURCKO::c1ccc2c(c1)CCN(c1nnc(-c3ccnc4[nH]cnc34)[nH]1)C2
OCNT-2318623,CYP2D6,4.703375953,4.581978655543144,0,MURCKO::c1csc(C2c3ccccc3CCN2Cc2cnc(C3CC3)o2)c1
OCNT-2318634,CYP2D6,5.144033692,4.713562936469797,3,MURCKO::c1ccc2nc(-c3ccncc3)ncc2c1
OCNT-2318636,CYP2D6,4.25015913,4.801202415208118,3,MURCKO::O=C(NCCn1ccnc1)c1ccc(-c2ccccc2)cc1
OCNT-2318651,CYP2D6,4.333920348,4.667997574370878,4,MURCKO::O=C(c1cccc(-c2ccccc2)c1)N1CCN(c2nccn3cnnc23)CC1
OCNT-2318658,CYP2D6,4.567117235,4.819249129176395,4,MURCKO::c1ccc(-n2cc(COc3ccc4c(c3)CNC4)nn2)cc1
OCNT-2318671,CYP2D6,6.89726412,4.853253920708042,3,MURCKO::O=C(Nc1n[nH]c2ccccc12)c1ccc(Cn2ccnc2)cc1
OCNT-2318673,CYP2D6,4.2930771,4.798357073349244,2,MURCKO::O=C(Nc1ccc(Oc2ncncc2-c2ccccc2)cc1)c1ccccc1
OCNT-2318675,CYP2D6,4.361894418,4.44803233878571,2,MURCKO::O=C1CCC(N2Cc3c(cccc3-n3cc(-c4nc5ccccc5[nH]4)nn3)C2=O)C(=O)N1
OCNT-2318678,CYP2D6,4.28792074,5.007344653240152,4,MURCKO::c1ccc2c(c1)CCC2NCc1c[nH]nc1C1CC1
OCNT-2318684,CYP2D6,6.15888673,5.30686015059495,1,MURCKO::c1cn(-c2ccc(CNCc3cn4c(n3)CCCCC4)cc2)cn1
OCNT-2328318,CYP2D6,4.439202423,5.335749502794016,4,MURCKO::c1ccc2c(c1)CCCC2C1=NCCN1
OCNT-2328323,CYP2D6,6.761317538,4.80597569369042,2,MURCKO::c1ccccc1
OCNT-2328329,CYP2D6,4.657537605,4.773681905010312,0,MURCKO::c1ccc2ncccc2c1
OCNT-2328331,CYP2D6,4.364339587,5.1280248894843155,2,MURCKO::c1ccc(NC2=NCCN2)cc1
OCNT-2328333,CYP2D6,5.245814187,4.6110826399480604,2,MURCKO::c1ccccc1
OCNT-2328337,CYP2D6,4.631229767,4.630849505708245,4,MURCKO::O=C1C=CC(=O)C=C1
OCNT-2328344,CYP2D6,4.784266435,5.123511988256996,2,MURCKO::c1ccccc1
OCNT-2328345,CYP2D6,5.174503572,5.206623122543475,4,MURCKO::c1ccc2c(c1)C1CCC2c2ccccc21
OCNT-2328368,CYP2D6,5.614934733,5.216396257408877,0,MURCKO::c1ccc(CNCCOc2ccccc2)cc1
OCNT-2328369,CYP2D6,4.112767365,4.535072819266487,0,MURCKO::c1ccc(Nc2ccnc(Nc3ccc(C4CCNCC4)cc3)n2)cc1
OCNT-2328376,CYP2D6,4.523267142,4.852318764134022,2,MURCKO::c1ccccc1
OCNT-2328378,CYP2D6,4.67422722,4.687434739773984,3,MURCKO::c1ccc(C(c2ccccc2)N2CCNCC2)cc1
OCNT-2328381,CYP2D6,4.892280237,4.341906719217523,1,MURCKO::C1=CCCCC1
OCNT-2328382,CYP2D6,7.10658219,5.466436347993554,4,MURCKO::c1ccc(CNC2CCCCC2)cc1
OCNT-2328385,CYP2D6,4.998633875,4.412325676796893,2,MURCKO::c1ccccc1
OCNT-2328395,CYP2D6,4.590097275,4.569707146484129,2,MURCKO::c1ccccc1
OCNT-2328398,CYP2D6,4.462764952,4.492787787362635,2,MURCKO::c1ccccc1
OCNT-2328411,CYP2D6,4.356363405,4.558814124213415,0,MURCKO::O=C1COC(=O)N1
OCNT-2328418,CYP2D6,4.968844087,4.849447623133113,4,MURCKO::O=C(NCC1CCCCN1)c1ccccc1
OCNT-2328420,CYP2D6,5.669635833,5.25274829940171,0,MURCKO::c1ccc(Cc2c[nH]cn2)cc1
OCNT-2328421,CYP2D6,4.40668639,4.495320190632704,2,MURCKO::c1ccc(Oc2ccc(-c3nn(C4CCCNC4)c4ncncc34)cc2)cc1
OCNT-2328426,CYP2D6,6.08089726,5.370075949025042,2,MURCKO::c1ccc(C(CCCN2CCCCC2)c2ccccc2)cc1
OCNT-2328429,CYP2D6,4.802958643,4.904605381015989,4,MURCKO::C=C1c2ccccc2C=Cc2ccccc21
OCNT-2328441,CYP2D6,4.725397143,5.249072040922526,0,MURCKO::c1ccc(CC2=NCCN2)cc1
OCNT-2328446,CYP2D6,5.448363535,4.600420910798519,2,MURCKO::c1ccccc1
OCNT-2328447,CYP2D6,5.866875893,4.93454519366721,4,MURCKO::c1ccc(-c2ccc(C(c3ccccc3)n3ccnc3)cc2)cc1
OCNT-2328450,CYP2D6,4.634141485,4.795215994938255,0,MURCKO::C(=Cc1ccc2ccccc2[nH+]1)c1ccn(-c2ccccc2)c1
OCNT-2328456,CYP2D6,4.618383022,4.720421071643575,2,MURCKO::c1ccccc1
OCNT-2328469,CYP2D6,5.004075272,5.135909882844345,0,MURCKO::[N+]=C1C=CC(=C(c2ccccc2)c2ccccc2)C=C1
OCNT-2328472,CYP2D6,5.047745925,4.826305084651877,0,MURCKO::O=C(c1ccccc1)c1coc2ccccc12
OCNT-2328475,CYP2D6,4.46087779,4.547804288494271,3,MURCKO::O=c1ncccn1C1CCCO1
OCNT-2328485,CYP2D6,5.008327507,4.88909981789562,1,MURCKO::c1ccc(CN(CC2=NCCN2)c2ccccc2)cc1
OCNT-2328488,CYP2D6,5.383769273,5.003999454894506,1,MURCKO::c1ccc(C(Cn2ccnc2)OCc2ccsc2)cc1
OCNT-2328499,CYP2D6,4.343276145,4.373103106545312,4,MURCKO::O=c1[nH]cnc2c1ncn2C1CCCO1
OCNT-2328509,CYP2D6,5.790099298,5.038846213197442,2,MURCKO::C1=NCC2c3ccccc3Cc3ccccc3N12
OCNT-2328518,CYP2D6,5.032902293,5.318880937542979,2,MURCKO::c1ccc(Cc2ccccc2)cc1
OCNT-2328527,CYP2D6,4.668834452,4.536502645946744,0,MURCKO::C1=NC=NCN1c1ccccc1
OCNT-2328533,CYP2D6,4.782759983,4.958362229635005,0,MURCKO::C(CN1CCCC1)=C(c1ccccc1)c1ccccn1
OCNT-2328534,CYP2D6,4.66182121,5.151287224783815,4,MURCKO::c1ccc(C2CNCc3ccccc32)cc1
OCNT-2328540,CYP2D6,5.251968837,5.275463774508987,3,MURCKO::c1ccc(CC2CCCCC2)cc1
OCNT-2328544,CYP2D6,5.19010723,4.883426978141486,2,MURCKO::c1ccc(Cc2ccccc2)cc1
OCNT-2328546,CYP2D6,5.606235452,4.832317088575606,1,MURCKO::c1ccc(OCCNCCCOc2cccc3[nH]c4ccccc4c23)cc1
OCNT-2328552,CYP2D6,7.061533755,5.0135547138254655,3,MURCKO::c1ccc2c(c1)Oc1ccccc1C1CNCC21
OCNT-2328558,CYP2D6,4.922547267,4.920953106098493,2,MURCKO::c1ccc(C2CCN(CCC(c3ccccc3)c3ccccc3)CC2)cc1
OCNT-2328559,CYP2D6,7.242264825,5.680032581833522,2,MURCKO::c1ccc(CCCNCc2cccc3ccccc23)cc1
OCNT-2328568,CYP2D6,5.482231925,4.985918564156312,4,MURCKO::c1ccc2c(c1)ccc1ccccc12
OCNT-2328587,CYP2D6,4.97687231,4.573506279370992,4,MURCKO::O=C1C2=CC3C(=O)C=CCC3CC2Cc2ccccc21
OCNT-2328597,CYP2D6,5.05545025,4.862090104213015,4,MURCKO::O=[PH]1NCCCO1
OCNT-2328599,CYP2D6,4.74751141,5.414794898777801,1,MURCKO::c1ccc2c(CC3=NCCN3)cccc2c1
OCNT-2328617,CYP2D6,5.42790349,5.032272720442927,0,MURCKO::c1ccc(Cc2c[nH]cn2)cc1
OCNT-2328630,CYP2D6,5.695594385,4.4930573502392,2,ACYCLIC::b7e5a4372964019a
OCNT-2328635,CYP2D6,4.753404863,4.564354275316834,2,MURCKO::c1ccccc1
OCNT-2328651,CYP2D6,4.985677188,5.49117816562772,1,MURCKO::O=C(Nc1ccccc1)C1CCCCN1
OCNT-2328652,CYP2D6,4.378321987,4.671647977462185,2,MURCKO::c1ccc(-c2ncnc(Nc3ccncc3)n2)nc1
OCNT-2328659,CYP2D6,4.9796016,4.785969695145652,0,MURCKO::C=C1c2ccccc2COc2ccccc21
OCNT-2328663,CYP2D6,4.68131556,4.841489867560789,4,MURCKO::O=C(OCCN1CCCCC1)c1cccc2c(=O)cc(-c3ccccc3)oc12
OCNT-2328666,CYP2D6,5.184403735,5.040209763605253,2,MURCKO::c1ccc(C(Cn2ccnc2)OCc2csc3ccccc23)cc1
OCNT-2328670,CYP2D6,5.456808057,4.806313588524949,0,MURCKO::N=C(Nc1ccccc1)Nc1ccccc1
OCNT-2328671,CYP2D6,4.551545305,4.9495194846623445,3,MURCKO::c1ccc2c(CC3CCCCN3)ccnc2c1
OCNT-2328676,CYP2D6,4.481938432,4.335930477499523,3,MURCKO::c1c[nH]cn1
OCNT-2328688,CYP2D6,4.708154172,5.080992345377529,0,MURCKO::c1ccc2nc3ccccc3cc2c1
OCNT-2328691,CYP2D6,4.92398762,4.4635732847503595,2,MURCKO::c1ccccc1
OCNT-2328703,CYP2D6,5.675517368,4.679204906444524,0,MURCKO::c1ccc(C(OC2CC3CCC(C2)N3)c2ccccc2)cc1
OCNT-2328704,CYP2D6,5.505866475,5.21101096308854,2,MURCKO::c1ccc2[nH]ccc2c1
OCNT-2328714,CYP2D6,4.285122913,5.316220214141859,2,MURCKO::c1ccc(Cc2ccccc2)cc1
OCNT-2328727,CYP2D6,5.964720312,4.603456257401019,3,MURCKO::c1ccc(C(c2ccccc2)N2CCNCC2)cc1
OCNT-2328729,CYP2D6,4.430600932,4.530536746970481,2,MURCKO::c1ccccc1
OCNT-2328731,CYP2D6,5.110751233,4.9382396540837314,2,MURCKO::O=C(OCCNCc1ccccc1)C1=CNC=CC1c1ccccc1
OCNT-2328732,CYP2D6,4.39316248,4.472931188468559,0,ACYCLIC::6ccc32d828a862f1
OCNT-2328745,CYP2D6,4.465227865,4.6973270244236165,2,MURCKO::c1ccccc1
OCNT-2328750,CYP2D6,4.359478055,4.383082976809646,4,ACYCLIC::4100f08bcc87fa8f
OCNT-2328763,CYP2D6,6.464088688,5.159257886874288,1,MURCKO::c1ccc(C(OCCN2CCCCC2)c2ccccc2)cc1
OCNT-2328764,CYP2D6,1.97510098,4.567346742735689,2,MURCKO::c1ccccc1
OCNT-2328781,CYP2D6,5.45634698,4.8102054310417355,1,MURCKO::O=S(Cc1ccccn1)c1nc2ccccc2[nH]1
OCNT-2328787,CYP2D6,5.881872337,4.427563137946182,1,MURCKO::c1cc[nH+]cc1
OCNT-2328788,CYP2D6,4.98170079,4.907387161600307,0,MURCKO::c1ccc(C2CCCc3ccccc32)cc1
OCNT-2328791,CYP2D6,5.161966472,4.743816338768692,3,MURCKO::c1ccc(C[NH2+]CCOCCOc2ccccc2)cc1
OCNT-2328803,CYP2D6,5.129553383,4.93892679384161,2,MURCKO::O=C1Cc2ccccc2N1
OCNT-2328805,CYP2D6,4.579720802,4.8937514751093225,1,MURCKO::O=C(OC1CC2CCC(C1)[N+]21CCCC1)C(c1ccccc1)c1ccccc1
OCNT-2328814,CYP2D6,4.618634988,5.047438993978245,4,MURCKO::c1ccc(Cn2cnc3ccccc32)cc1
OCNT-2328816,CYP2D6,5.453308318,5.180743279664953,3,MURCKO::C(=C1c2ccccc2-c2ccccc21)c1ccccc1
OCNT-2328824,CYP2D6,5.595320342,4.603572702481555,3,MURCKO::O=c1ccc2c(-c3ccccc3)c3ccccc3oc-2c1
OCNT-2328829,CYP2D6,4.699538255,4.429897406322374,3,MURCKO::c1ccc2c(c1)OCCO2
OCNT-2328835,CYP2D6,5.580222982,5.104630474926752,2,MURCKO::O=c1c2ccccc2c(Cc2ccccc2)nn1C1CCCNCC1
OCNT-2328839,CYP2D6,4.372751283,5.076265056738935,3,MURCKO::c1ccc(C2OCc3ccccc32)cc1
OCNT-2328864,CYP2D6,5.287161118,4.95784992875719,3,MURCKO::c1csc(COc2cccc3ccccc23)c1
OCNT-2328868,CYP2D6,4.610618505,4.811880517855455,2,MURCKO::c1ccccc1
OCNT-2328870,CYP2D6,4.528427502,4.64219312645279,0,MURCKO::c1ccc2c(c1)CCc1cccnc1C2=C1CCNCC1
OCNT-2328890,CYP2D6,5.171122758,5.087222997973716,2,MURCKO::c1ccccc1
OCNT-2328898,CYP2D6,4.502435625,4.670978444300278,0,MURCKO::c1ccc2ncccc2c1
OCNT-2328911,CYP2D6,5.231456247,4.807277505768798,1,MURCKO::O=S(Cc1ccccn1)c1nc2ccccc2[nH]1
OCNT-2328914,CYP2D6,4.617477477,4.913323085878149,3,MURCKO::O=C(Cc1cscn1)Nc1ccc(CCNCCc2ccccc2)cc1
OCNT-2328916,CYP2D6,6.20407803,5.318625680143678,2,MURCKO::c1ccc(CNCc2cccc3ccccc23)cc1
OCNT-2328919,CYP2D6,4.776236902,5.0765522788132245,1,MURCKO::O=C(NC1CCN(CCCCC2c3ccccc3-c3ccccc32)CC1)c1ccccc1-c1ccccc1
OCNT-2328942,CYP2D6,2.526602085,4.626980658920994,3,MURCKO::O=C(Cc1ccccc1)N1CCCC1c1ncc(-c2ccc3c(c2)COc2cc4c(ccc5nc(C6CCCN6)[nH]c54)cc2-3)[nH]1
OCNT-2328943,CYP2D6,5.543673467,5.019093818341273,0,MURCKO::c1ccc(-c2cc3ccccc3n2Cc2ccc(OCCN3CCCCCC3)cc2)cc1
OCNT-2328949,CYP2D6,5.101297468,4.817269115676474,0,MURCKO::O=C(NC1CCNCC1)c1cccc2c1OCC2
OCNT-2328950,CYP2D6,4.182144668,4.5203564582952085,0,MURCKO::c1ccc(Nc2ccccc2)cc1
OCNT-2328958,CYP2D6,4.566635015,4.822259057997115,1,MURCKO::c1ccc(Oc2ccc3nc[nH]c3c2)cc1
OCNT-2328975,CYP2D6,5.000594435,4.658933507695212,2,MURCKO::c1ccc2c(c1)CCc1sccc1C2=C1CCNCC1
OCNT-2328989,CYP2D6,4.482368272,4.482619847497816,0,MURCKO::O=C(NC1C(=O)N2CCSC12)c1conc1-c1ccccc1
OCNT-2328990,CYP2D6,5.01765964,5.511608390748273,3,MURCKO::O=C1NCC(CCN2CCOCC2)C1(c1ccccc1)c1ccccc1
OCNT-2328994,CYP2D6,4.694479227,4.846028919336078,3,MURCKO::c1ccc(Nc2ccnc3ccccc23)cc1
OCNT-0000422,CYP3A4,2.101240007,3.6955474018220174,0,MURCKO::c1ccncc1
OCNT-0007477,CYP3A4,2.577795577,3.4574093523278995,1,MURCKO::C1CSCN1
OCNT-0010068,CYP3A4,2.273187415,3.625962112898582,0,MURCKO::c1ccncc1
OCNT-0014841,CYP3A4,2.054066045,3.6126552930051288,2,MURCKO::c1ccccc1
OCNT-0022066,CYP3A4,4.145495083,4.3175004715769445,4,MURCKO::O=C(c1ccco1)N1CCN(c2ncc3ccccc3n2)CC1
OCNT-0022107,CYP3A4,5.49990294,5.587875010003447,3,MURCKO::O=c1n(CCOc2ccccc2)cnn1CCCN1CCN(c2ccccc2)CC1
OCNT-0022125,CYP3A4,3.853962615,3.514478518499443,2,MURCKO::c1ccccc1
OCNT-0022129,CYP3A4,4.323056245,3.3683003877036035,0,MURCKO::c1ccc2c(c1)N=c1ccccc1=C(N1CCNCC1)N2
OCNT-0022130,CYP3A4,2.792889913,3.6920868905435476,0,MURCKO::c1ccc2c(c1)N=c1sccc1=C(N1CCNCC1)N2
OCNT-0022215,CYP3A4,4.980639392,3.7612584722789135,2,MURCKO::c1ccc(C(c2ccccc2)C2CCN(CCc3ccc4c(c3)CCO4)C2)cc1
OCNT-0022234,CYP3A4,2.057364435,3.5726881286295535,2,MURCKO::c1ccccc1
OCNT-0022235,CYP3A4,2.71259529,3.7058466670189176,2,MURCKO::c1ccccc1
OCNT-0022246,CYP3A4,4.831211795,4.427026229969673,2,MURCKO::c1ccc2c(c1)Sc1ccccc1N2CCCN1CCNCC1
OCNT-0022281,CYP3A4,3.00105295,3.443569390890124,4,MURCKO::O=C(CCCN1CCCCC1)c1ccccc1
OCNT-0022294,CYP3A4,4.29878003,3.4283674788162655,4,MURCKO::c1ccc2c(c1)Nc1ccccc1S2
OCNT-0022315,CYP3A4,5.245942598,4.115186201883359,0,MURCKO::c1ccc(N2CCN(CCCOc3cccc4ccccc34)CC2)cc1
OCNT-0200803,CYP3A4,2.107909335,3.381174636064747,2,MURCKO::c1ccccc1
OCNT-0319465,CYP3A4,3.778298405,3.5947602041050306,2,MURCKO::O=C(c1cc(-c2ccccc2)n[nH]1)N1CCCCC1
OCNT-0476452,CYP3A4,2.232554135,3.82940841826541,2,MURCKO::O=C1C=C2CCC3C4CCCC4CCC3C2CC1
OCNT-0476550,CYP3A4,5.01010258,4.524469080829018,0,MURCKO::c1ccc2nc3ccccc3cc2c1
OCNT-0478585,CYP3A4,3.93948658,2.8415567833853963,3,MURCKO::c1ccc2nc3c(cc2c1)CCCC3
OCNT-0481618,CYP3A4,2.27532321,3.820450098412421,3,MURCKO::C1C2CC3CC1CC(C2)C3
OCNT-0492202,CYP3A4,4.441333868,3.8846817928656763,3,MURCKO::c1ccc(N2CCC3(CCOC3)C2)cc1
OCNT-0492977,CYP3A4,4.70326415,4.7674215455565285,3,MURCKO::O=C(C1CC12CCc1ccccc12)N1CCOCC1
OCNT-0493346,CYP3A4,3.022274392,3.275020073228941,0,MURCKO::c1ccc(Nc2ccccc2)cc1
OCNT-0493664,CYP3A4,2.214196058,4.438580310878343,2,MURCKO::O=C(Nc1c[nH]n(-c2ccccc2)c1=O)c1cccnc1
OCNT-0493767,CYP3A4,4.76600142,4.770241382970518,3,MURCKO::O=S(=O)(Nc1ccccc1)c1ccccc1
OCNT-0494023,CYP3A4,4.841854462,4.287993172886159,0,MURCKO::c1ccc(Nc2ncnc3ccc(OCCCN4CCOCC4)cc23)cc1
OCNT-0494105,CYP3A4,4.823637012,3.581316813979592,0,MURCKO::c1ccc(Nc2ccccc2)cc1
OCNT-0494110,CYP3A4,5.380121762,4.311175385219803,0,MURCKO::C(=Cc1ccccc1)c1ccccc1
OCNT-0494195,CYP3A4,3.684320417,3.524297809876404,2,MURCKO::O=C(Nc1nccs1)c1ccccc1
OCNT-0494717,CYP3A4,2.161463383,3.8288613214588234,3,MURCKO::O=C1CCC(N2Cc3ccccc3C2=O)C(=O)N1
OCNT-0495039,CYP3A4,2.402435062,3.872590016262378,2,MURCKO::c1ccc2[nH]ccc2c1
OCNT-0495153,CYP3A4,5.557870813,4.126707568212438,1,MURCKO::c1ccc(CN2CCN(C(c3ccccc3)c3ccccc3)CC2)cc1
OCNT-0495157,CYP3A4,3.442680795,3.3140287699023316,2,MURCKO::c1ccc(Nc2ccccn2)cc1
OCNT-0495189,CYP3A4,2.114282752,3.567046302893107,3,MURCKO::c1ccc(C(c2ccccc2)N2CCNCC2)cc1
OCNT-0495216,CYP3A4,4.835022902,4.197450622227054,3,MURCKO::c1ccc(CC2CCCCC2)cc1
OCNT-0495275,CYP3A4,5.421847237,3.814926538004311,1,MURCKO::O=C1C=C2CCC3C(=C2CC1)C(c1ccccc1)CC1CCCC13
OCNT-0497724,CYP3A4,5.27977971,3.587717292934451,0,MURCKO::O=C(C=Cc1ccccc1)CC(=O)C=Cc1ccccc1
OCNT-0497798,CYP3A4,4.006448953,3.7299551032046585,4,MURCKO::O=C(c1ccccc1)c1ccccc1
OCNT-0497901,CYP3A4,4.412271148,3.9909619061172723,2,MURCKO::O=C(NC1CCCCC1)NS(=O)(=O)c1ccc(CCN2C(=O)Cc3ccccc3C2=O)cc1
OCNT-0497934,CYP3A4,5.491105252,4.899200305865489,1,MURCKO::O=C1OCC2Cc3cc4c(cc3C(c3ccccc3)C12)OCO4
OCNT-0497954,CYP3A4,4.32313365,3.800563382813502,2,MURCKO::C=C1c2ccccc2Sc2ccccc21
OCNT-0497983,CYP3A4,3.80082054,3.6993379353590496,1,MURCKO::c1ccc(C(Cc2ccncn2)Cn2cncn2)cc1
OCNT-0497989,CYP3A4,5.680652535,4.404363121354785,0,MURCKO::C1=CC(c2ccccc2)C=CN1
OCNT-0497994,CYP3A4,5.756632872,4.9866627161935435,0,MURCKO::C1=CC(c2ccccc2)C=CN1
OCNT-0498030,CYP3A4,5.025327815,3.838542878965896,2,MURCKO::O=C(Cc1cccc(C(=O)c2ccccc2)c1)Nc1ccccn1
OCNT-0498036,CYP3A4,2.324624968,3.294144858208654,0,MURCKO::C1CCNC1
OCNT-0498042,CYP3A4,3.53253804,3.573011086130057,4,MURCKO::O=C1C2=CC3C(=O)C=CCC3CC2Cc2ccccc21
OCNT-0498064,CYP3A4,4.9888352,3.972993043696825,0,MURCKO::O=C(C1COc2ccccc2O1)N1CCN(c2ncc3ccccc3n2)CC1
OCNT-0498121,CYP3A4,2.103773238,4.121508352484425,0,MURCKO::O=S(=O)(Nc1nccs1)c1ccccc1
OCNT-0498127,CYP3A4,3.687954215,3.2254258888305825,3,MURCKO::O=C1C=CC2C(=C1)CCC1C3CCCC3CCC21
OCNT-0713834,CYP3A4,5.416893245,3.2529411213220696,1,MURCKO::O=C(Nc1ccccc1)c1c[nH]c2ccccc2c1=O
OCNT-1685194,CYP3A4,4.278194747,3.269858722786213,3,ACYCLIC::80dc4560121225b3
OCNT-1755345,CYP3A4,5.005361857,3.9410598460866337,2,MURCKO::O=C(Nc1ccc(N2CCOCC2)nc1)c1cccc(-c2ccccc2)c1
OCNT-1871132,CYP3A4,2.36673856,5.0943952761981395,4,MURCKO::c1ccc(-c2ccccc2)cc1
OCNT-1965886,CYP3A4,1.921832463,3.2218830682902024,3,ACYCLIC::92a84ef0e459a8f2
OCNT-2308460,CYP3A4,4.770343345,4.179314398172474,0,MURCKO::O=C(Nc1cccc(-c2ncco2)c1)c1ccc2[nH]nnc2c1
OCNT-2308462,CYP3A4,4.51366385,4.3829766451056695,4,MURCKO::O=C1NCCCN(C(=O)c2cc[nH]c2C2CC2)C1Cc1ccccc1
OCNT-2308464,CYP3A4,4.552812463,4.485352763409729,1,MURCKO::O=C(Cc1ccccc1)NC1CCN(C2CCCCC2)C1=O
OCNT-2308470,CYP3A4,5.643419205,3.3934342144848104,4,MURCKO::c1ccc(-c2cn(Cc3nccs3)nn2)cc1
OCNT-2308473,CYP3A4,3.36519394,3.848698426606479,0,MURCKO::O=C(NC1CCN(C(=O)c2ccc3c(c2)OCCCO3)CC1)c1ccsc1
OCNT-2308475,CYP3A4,5.860377495,4.176698640959289,0,MURCKO::O=S(=O)(Nc1cccc2[nH]ccc12)c1sccc1C1CC1
OCNT-2308479,CYP3A4,3.65400295,4.630806651156435,2,MURCKO::O=C(CCC1CC1)NC1CCCN(C(=O)Cc2cc(C3CC3)on2)CC1
OCNT-2308492,CYP3A4,4.83706575,5.115120882260001,3,MURCKO::O=C1CN(S(=O)(=O)c2ccccc2)CCN1
OCNT-2308494,CYP3A4,4.33245308,4.814359127505785,3,MURCKO::O=C(Nc1ccc(OCc2ccncc2)cc1)c1c[nH]nn1
OCNT-2308501,CYP3A4,3.177186508,4.265818104231766,2,MURCKO::O=C(c1ccn(-c2ccccc2)n1)N1CCC(N2CCNCC2)CC1
OCNT-2308502,CYP3A4,3.2337988,3.692080868598667,3,MURCKO::O=c1c2ccccc2ncn1Cc1ncn[nH]1
OCNT-2308504,CYP3A4,4.163376835,4.454891862082995,1,MURCKO::O=C(c1ccccc1)N1CCN(c2cc(N3CCCC3)ncn2)CC1
OCNT-2308511,CYP3A4,1.982874425,4.0347976540520065,0,MURCKO::O=C1NC(=O)C(CNC(=O)c2ccc3ccc(=O)[nH]c3c2)(c2ncc[nH]2)N1
OCNT-2308512,CYP3A4,4.404983815,3.5889107480390443,1,MURCKO::O=C(Nc1ccc(Nc2ncccn2)cc1)c1cnn2ccncc12
OCNT-2308531,CYP3A4,4.95944273,4.419177479747175,1,MURCKO::O=C(c1ccncc1)N1CCCc2ccccc21
OCNT-2308537,CYP3A4,3.689226253,4.128391978651423,1,MURCKO::c1ccc2oc(C3CCCCN3Cc3nnc4n3CCCCC4)nc2c1
OCNT-2308550,CYP3A4,4.216524775,4.483136266135311,1,MURCKO::O=C(c1nn[nH]c1NC(=O)N1CCCC1c1nc2ccccc2[nH]1)N1CCCC1
OCNT-2308556,CYP3A4,2.4324844,4.020113369576227,0,MURCKO::O=C1CCC(C(=O)Nc2cccc(-c3nnn[nH]3)c2)C(c2cn[nH]c2)N1
OCNT-2308557,CYP3A4,3.099472117,4.176185175781569,0,MURCKO::O=C(NC1CCCOC1c1ncc[nH]1)c1ccccn1
OCNT-2308560,CYP3A4,4.55159178,3.8707136981426604,1,MURCKO::c1ccc(-c2nnc3n2CCN(c2ncccn2)C3)cc1
OCNT-2308562,CYP3A4,3.697792612,4.424811851101648,0,MURCKO::O=C(Nc1nc2ccccc2s1)C1CCCOC1
OCNT-2308576,CYP3A4,4.777893155,4.0671325222535035,2,MURCKO::O=C(Nc1ccc(-c2nccs2)cc1)c1ccccc1
OCNT-2308583,CYP3A4,4.884097395,3.9860972247048494,1,MURCKO::c1coc(CCCNc2ccn3nccc3n2)c1
OCNT-2308584,CYP3A4,5.52949192,4.878922725171828,1,MURCKO::O=C(Cc1cccnc1)N1CCC(COc2ccccc2)C1
OCNT-2308588,CYP3A4,4.594022655,4.3490763959909335,2,MURCKO::c1ccc(Oc2ccnc(N3CCCNCC3)n2)cc1
OCNT-2308592,CYP3A4,2.86790216,3.607139935565458,1,MURCKO::O=C(CCC1CCOCC1)Nc1n[nH]c2ccccc12
OCNT-2308601,CYP3A4,4.686252178,4.8519221831871695,2,MURCKO::O=C(Nc1cccc(COC2CCCCC2)c1)c1nn[nH]c1C1CC1
OCNT-2308604,CYP3A4,3.902369885,3.9411007410904952,4,MURCKO::O=C(Cn1cc(C(=O)N2CCOc3ccccc32)cn1)NC1CCCCC1
OCNT-2308614,CYP3A4,2.010199325,3.8539657573157386,1,MURCKO::c1ccc(Cn2cnc(CNC3CC4CCCC4C3)n2)cc1
OCNT-2308645,CYP3A4,3.98228713,3.6149338284259995,1,MURCKO::O=C(c1cnn2c1CCCC2)N1CC(c2nc(-c3ccccc3)no2)C1
OCNT-2308646,CYP3A4,5.498045242,4.365686327998624,2,MURCKO::O=C1CNC(=O)N1CCc1c[nH]c2ccccc12
OCNT-2308649,CYP3A4,5.569357062,4.720791593050796,4,MURCKO::O=C(Cc1ccccc1)NCc1ccccc1-n1ccnc1
OCNT-2308656,CYP3A4,3.467917395,4.038776583564246,3,MURCKO::O=C(Nc1ccccc1)c1ccnc(Oc2ccccc2)c1
OCNT-2308664,CYP3A4,1.98367122,4.7414553855260415,0,MURCKO::O=C(Nc1c[nH]nc1-c1cn[nH]c1)c1ccccc1
OCNT-2308667,CYP3A4,2.715260445,4.026996612108664,4,MURCKO::c1ccc(Oc2ccnc(N3CCCCC3)n2)cc1
OCNT-2308674,CYP3A4,5.075595437,4.407572247773457,4,MURCKO::O=C(Nc1ccc2[nH]c(-c3ccccc3)nc2c1)c1cccnc1
OCNT-2308680,CYP3A4,4.578000367,4.759373115609517,2,MURCKO::O=C(COc1ccccc1)N1CCN(C(=O)c2ccccc2)CC1
OCNT-2308684,CYP3A4,5.639553692,4.879098569717304,1,MURCKO::O=C(NCCc1ccccc1)c1cc(-c2ccncc2)nc2ccccc12
OCNT-2308687,CYP3A4,4.54065294,4.399306408660458,1,MURCKO::O=C(Cc1ccccc1)NCc1ccccc1
OCNT-2308689,CYP3A4,3.717727417,4.139573888513255,0,MURCKO::O=C1CCc2cc(C(=O)NC3(c4ncc[nH]4)CCC3)ccc2N1
OCNT-2308690,CYP3A4,2.206256075,3.396989221140526,1,MURCKO::O=C(Cn1ccccc1=O)Nc1cccc(N2C(=O)CCCC2=O)c1
OCNT-2308695,CYP3A4,2.527693255,4.390928620879181,4,MURCKO::O=C(NCC1CCSC1)N1CCc2[nH]c(=O)ccc2C1
OCNT-2308698,CYP3A4,5.585976282,4.351621666147061,1,MURCKO::O=c1cccnn1Cc1coc(-c2ccccc2)n1
OCNT-2308711,CYP3A4,3.76069906,3.720674863332632,1,MURCKO::O=C(Nc1ccccc1)N1CCn2c(nnc2-c2ccccc2)C1
OCNT-2308715,CYP3A4,4.636115595,4.435087631957635,1,MURCKO::O=C(NC1CCC(Cn2cccn2)C1)c1ccc2cn[nH]c2n1
OCNT-2308723,CYP3A4,5.500174805,4.200024762788134,2,MURCKO::c1ccc2c(CCNc3ncnc4[nH]cnc34)c[nH]c2c1
OCNT-2308739,CYP3A4,5.172229145,3.934652884661404,3,MURCKO::O=C(Nc1n[nH]c2ccccc12)N1CCC(c2ccccc2)C1
OCNT-2308744,CYP3A4,4.488014915,4.1329768043924275,3,MURCKO::O=C(Nc1ccccc1)c1cccc(C(=O)N2CCN(c3ccccn3)CC2)c1
OCNT-2308748,CYP3A4,4.79551855,4.689520706571806,0,MURCKO::O=C(Cc1ccccc1)N1CCN(c2ncccn2)CC1
OCNT-2308759,CYP3A4,5.646787395,4.7409010574251225,1,MURCKO::O=C(c1ccccc1Oc1ccccc1)N1CCCCC1
OCNT-2308760,CYP3A4,4.543412782,3.913037913094813,2,MURCKO::O=C1CSc2ccc(C(=O)NCC3CCOC3c3ccccc3)cc2N1
OCNT-2308773,CYP3A4,4.31170627,4.451388447328278,0,MURCKO::O=C(Cc1cnc2ncnn2c1)Nc1cccc(Cc2ccccc2)c1
OCNT-2308783,CYP3A4,4.46958539,4.507235582377192,4,MURCKO::O=C(NCc1ccon1)NC1CCc2ccccc21
OCNT-2308798,CYP3A4,3.846268418,4.098104846252311,0,MURCKO::O=C(Nc1cccnc1C1CC1)c1cn(-c2ccccc2)nn1
OCNT-2308811,CYP3A4,3.606692095,3.869372472748545,3,MURCKO::O=C(Cc1ccccc1)N1CCC(c2cnc[nH]2)C1
OCNT-2308814,CYP3A4,3.466839982,4.240037896864884,2,MURCKO::c1cc(-c2nc(-c3ccc4c(c3)CCO4)no2)c2cn[nH]c2n1
OCNT-2308817,CYP3A4,4.764848807,4.338486961920564,1,MURCKO::O=C(c1cc2ccccc2[nH]1)N1CCN(c2ccncn2)CC1
OCNT-2308822,CYP3A4,2.898475525,4.344414779457978,4,MURCKO::O=C(NC1CCC(Cn2cccn2)C1)c1cccnc1
OCNT-2308838,CYP3A4,3.32502246,3.6152724831913385,2,MURCKO::O=C(Nc1cnoc1)c1ccc2nncn2c1
OCNT-2308840,CYP3A4,3.061471862,3.70838395794528,1,MURCKO::O=C(Cc1noc2ccccc12)NC1(c2ncccn2)CCOCC1
OCNT-2308847,CYP3A4,3.789451435,3.6152271481803178,2,MURCKO::O=C(NCC1CCNCC1)c1ccnc(N2CCCC2)n1
OCNT-2308850,CYP3A4,4.550130438,4.181845400567642,0,MURCKO::O=C(c1cn[nH]c1)N1CCCC1c1ccccc1
OCNT-2308852,CYP3A4,4.739666975,4.3120607412939265,1,MURCKO::O=C(NCCC(=O)N1CCCCC1)Nc1ccncc1
OCNT-2308855,CYP3A4,3.119296237,4.456385708007145,3,MURCKO::O=C(Nc1ccncc1)NC(c1ccccn1)C1CC1
OCNT-2308857,CYP3A4,5.196504013,4.233539692505063,0,MURCKO::O=C(Nc1ccc2c(c1)C(=O)NCC2)c1cccc(S(=O)(=O)Nc2ccccc2)c1
OCNT-2308860,CYP3A4,3.621380278,3.4230746079687053,4,MURCKO::O=C(Nc1ccccc1)c1ccccn1
OCNT-2308873,CYP3A4,4.07606824,4.130713424489317,2,MURCKO::c1ccc(Cc2cn(Cc3cn[nH]c3)nn2)cc1
OCNT-2308874,CYP3A4,2.587130662,3.70047351143355,3,MURCKO::O=C(c1c[nH]c(-c2ccccc2)n1)N1CCN(CC2CCCO2)CC1
OCNT-2308876,CYP3A4,4.282762248,3.634531980764508,1,MURCKO::O=c1[nH]nc(C2CCCN2c2cnc3ccccc3n2)[nH]1
OCNT-2308884,CYP3A4,2.23144827,4.003225087283363,0,MURCKO::O=C(c1ccc(N2CCCC2)nc1)N1CCCC(N2CCNC2=O)C1
OCNT-2308894,CYP3A4,1.963648993,3.8013976178081794,1,MURCKO::O=C(Nc1ccccc1)c1ccc2c(c1)OCO2
OCNT-2308938,CYP3A4,3.691492082,4.0510153301838,3,MURCKO::O=C(Nc1cn[nH]c1)c1cc(-c2ccc3ccccc3c2)[nH]n1
OCNT-2308951,CYP3A4,3.479948305,4.619784721719194,0,MURCKO::O=C1CC(NC(=O)c2ccccc2Oc2ccccc2)CN1
OCNT-2308953,CYP3A4,3.29423693,3.6227802680107772,0,MURCKO::O=C(Nc1nc[nH]n1)C1CCN(c2ccccc2)C1
OCNT-2308964,CYP3A4,4.78983324,4.791146611433302,2,MURCKO::O=C(CCc1ccccc1)N1CCOc2ccccc21
OCNT-2308965,CYP3A4,2.053682982,3.6184863926621476,3,MURCKO::c1nc(N2CCCC2)cc(N2CCCC2)n1
OCNT-2308967,CYP3A4,4.80801563,4.23361569242979,0,MURCKO::O=C(Nc1cnn2cccnc12)C(=O)N1CCCCC1c1ccccc1
OCNT-2308972,CYP3A4,3.030799528,4.050632500408938,3,MURCKO::O=c1[nH]c2ccc(S(=O)(=O)Nc3cncnc3)cc2o1
OCNT-2308975,CYP3A4,3.79643806,3.9357198351385367,2,MURCKO::O=C1CN(S(=O)(=O)c2c[nH]c3ncccc23)CCN1
OCNT-2308982,CYP3A4,4.282106348,4.432597327717177,3,MURCKO::O=C(NCC12CNCC1C2)c1ccn[nH]1
OCNT-2308997,CYP3A4,5.470328972,3.738753266108148,2,MURCKO::c1ccc(NC(c2ccccc2)c2nnc[nH]2)cc1
OCNT-2309000,CYP3A4,3.736996632,4.659022476974397,0,MURCKO::O=C(COC1CCCCC1)NCC1CCN(CCc2ccccc2)C1
OCNT-2309001,CYP3A4,3.577908428,4.551872828197193,0,MURCKO::O=C(NCc1ccsc1)C1CCN(C(=O)c2ccccc2)CC1
OCNT-2309005,CYP3A4,3.866611273,3.9723161586419007,4,MURCKO::O=C(c1nnc(C2CC2)o1)N1CCC(c2ccccc2)C1
OCNT-2309012,CYP3A4,2.226776045,3.3499158568926775,0,MURCKO::c1ccc2c(N3CCNCC3)ncnc2c1
OCNT-2309014,CYP3A4,4.337483833,4.022809714274026,4,MURCKO::O=C(NC1CCCc2ccccc21)c1cccc2[nH]c(=O)oc12
OCNT-2309016,CYP3A4,2.547484273,3.674891441888246,0,MURCKO::O=C1NCCN1C1CCN(Cc2ncco2)CC1
OCNT-2309019,CYP3A4,4.970041317,3.801372119893765,1,MURCKO::O=S(=O)(Nc1ccc(-c2ncon2)cc1)c1ccccc1
OCNT-2309024,CYP3A4,2.180249755,3.8102986230800306,2,MURCKO::O=C(Nc1ccccc1)C1CCC1
OCNT-2309025,CYP3A4,3.914125675,3.9407346136827286,1,MURCKO::c1cc(N2CCCC2c2nnc[nH]2)nc(-n2cnc3ccccc32)c1
OCNT-2309028,CYP3A4,3.926984765,4.03585987744332,3,MURCKO::O=c1[nH]c2ccc(S(=O)(=O)N3CCCCC3)cc2[nH]1
OCNT-2309034,CYP3A4,4.88168079,4.208754119765972,1,MURCKO::O=C(Cc1c[nH]c2ccccc12)NC1CCc2ncccc2C1
OCNT-2309038,CYP3A4,3.29505238,3.813327446933251,0,MURCKO::O=C(c1n[nH]c2ccccc12)N1CCOC2CCNCC21
OCNT-2309039,CYP3A4,4.680828975,4.187828531896641,0,MURCKO::O=C(NCCN1CCN(c2ccccn2)CC1)c1c[nH]c2cccnc12
OCNT-2309042,CYP3A4,3.29203998,3.426278943082852,3,MURCKO::O=C(Nc1nnc[nH]1)c1ccn(-c2ccccc2)n1
OCNT-2309054,CYP3A4,4.734992907,4.241577656868081,3,MURCKO::O=C(c1cccnc1)N1CCc2[nH]c3ccccc3c2C1
OCNT-2309062,CYP3A4,6.650677757,4.562644002252236,3,MURCKO::O=S(=O)(NCc1ccccc1)c1ccccc1
OCNT-2309075,CYP3A4,4.580574243,4.039791279261748,1,MURCKO::O=C(CSc1ccccc1)N1CCCN(C(=O)c2ccccc2)CC1
OCNT-2309102,CYP3A4,4.48511985,5.16431063745253,3,MURCKO::O=C(NCc1ccccc1)NCC1CCOC1
OCNT-2309111,CYP3A4,3.622686865,3.8435976767564797,0,MURCKO::O=C(c1coc(C2CC2)n1)N1CCCc2cnccc21
OCNT-2309114,CYP3A4,4.45277884,4.524940398340757,3,MURCKO::O=C(Cc1ccccc1)N1CCc2ccccc2CC1
OCNT-2309115,CYP3A4,4.381841257,4.273958223722904,3,MURCKO::O=C(c1ccc(N2CCC=N2)cc1)N1CCOCC1c1ccco1
OCNT-2309134,CYP3A4,2.029039945,4.430782416972761,2,MURCKO::O=C(c1ccccc1)N1CCNCC1
OCNT-2309137,CYP3A4,2.644012105,3.444257437009175,1,MURCKO::O=C(NCCc1ccccc1)c1c[nH]nc1C1CCCCC1
OCNT-2309151,CYP3A4,4.415683742,4.317564408303656,0,MURCKO::O=C(NCc1cn[nH]c1)C1CCCc2ccccc21
OCNT-2309156,CYP3A4,2.024335245,3.605989323654706,2,MURCKO::O=C(c1ccccc1)N1CCc2nc[nH]c(=O)c2C1
OCNT-2309158,CYP3A4,4.094013043,4.174518245893247,4,MURCKO::O=C1CCc2ccc(NC(=O)c3cccc4[nH]ccc34)cc2N1
OCNT-2309164,CYP3A4,4.061077265,3.674202772591105,4,MURCKO::O=C(NCCN1CCOCC1)Nc1ccnc(-c2ccccc2)c1
OCNT-2309173,CYP3A4,3.624866728,3.567812134501253,1,MURCKO::O=C(c1ccccc1-n1cnnc1)N1CCCCC1
OCNT-2309175,CYP3A4,4.622459463,4.359655420536815,0,MURCKO::O=C1CCCCN1CC1CCN(C(=O)c2c[nH]cc2-c2ccccc2)CC1
OCNT-2309176,CYP3A4,5.248874218,4.6283215546200625,4,MURCKO::O=C(NCCc1cscn1)C(c1ccccc1)N1CCOCC1
OCNT-2309177,CYP3A4,2.247989647,4.0867315879089405,0,MURCKO::O=C(Nc1cn[nH]c1)C1CCCN1C(=O)c1ccccc1
OCNT-2309185,CYP3A4,3.936863152,3.6171797654364237,4,MURCKO::O=C(c1cscn1)N1CCCC1c1ccccc1
OCNT-2309190,CYP3A4,2.21060679,3.7473412001893154,4,MURCKO::O=C(COc1ccccc1)N1CCN(c2nnc[nH]2)CC1
OCNT-2309191,CYP3A4,4.187814177,4.256045061150706,3,MURCKO::O=C(CCn1cccn1)N1CCCN(C(=O)c2ccccc2)CC1
OCNT-2309196,CYP3A4,5.43996689,4.241555635546185,0,MURCKO::O=C(c1ccccc1)N1CCN(S(=O)(=O)c2ccccc2)CC1
OCNT-2309200,CYP3A4,4.672194613,3.5959409318482956,0,MURCKO::c1ccc(CCc2cn(Cc3ccccc3)nn2)cc1
OCNT-2309209,CYP3A4,4.248313008,3.558667188431219,2,MURCKO::O=C(Cc1ccc2cn[nH]c2c1)N1CCC(c2ccn[nH]2)CC1
OCNT-2309225,CYP3A4,4.222455027,4.028012967025358,4,MURCKO::O=C(c1ccccc1)N1CCCCC1
OCNT-2309234,CYP3A4,3.836663758,4.4595656488830135,4,MURCKO::O=S(=O)(CCc1ccccc1)Nc1ccn[nH]1
OCNT-2309238,CYP3A4,4.17669487,4.2816809144517745,3,MURCKO::c1ncc(C2CCNCC2)[nH]1
OCNT-2309241,CYP3A4,2.2069258,3.6126206570567083,2,MURCKO::O=C(Cc1cn[nH]c1)N1CCCc2ccccc21
OCNT-2309242,CYP3A4,3.671888055,4.000407222427216,0,MURCKO::O=C(NC1CCNCC1)NC1CCN(c2ccccc2)C1
OCNT-2309248,CYP3A4,4.76428286,4.341786888898935,2,MURCKO::c1cnc(-c2noc(C3CC3c3ccc4c(c3)OCCO4)n2)nc1
OCNT-2309262,CYP3A4,5.13412217,3.4447536731938597,3,MURCKO::O=S(=O)(Nc1ccc(-n2cccn2)cc1)c1ccccc1
OCNT-2309265,CYP3A4,5.188347138,4.700760965046904,0,MURCKO::c1cc(CCN2CCN(c3ncnc4[nH]ncc34)CC2)ccn1
OCNT-2309266,CYP3A4,1.939983672,3.9114578172885848,1,MURCKO::O=C(Cc1ccccc1)Nc1cccnn1
OCNT-2309274,CYP3A4,5.26182954,4.603401534888469,3,MURCKO::O=C(NCc1[nH]nc2c1CCCC2)NC1(c2ccccc2)CCC1
OCNT-2309276,CYP3A4,2.552482262,3.868678236060582,1,MURCKO::O=C(C1CCc2cccnc21)N1CCN(c2cnccn2)CC1
OCNT-2309279,CYP3A4,2.182149505,3.402244785456435,0,MURCKO::O=C(NCCN1CCOCC1)Nc1ccncc1
OCNT-2309286,CYP3A4,4.838466442,3.8576734030114666,0,MURCKO::O=C(CNc1cccc(-n2cnnn2)c1)Nc1ccccc1
OCNT-2309290,CYP3A4,4.7267301,3.8944627685347775,0,MURCKO::O=C(c1cc(-c2ccccn2)no1)N1CCN(c2ccccc2)CC1
OCNT-2309294,CYP3A4,2.099843542,3.624202573662144,2,MURCKO::O=C(Nc1cccc(-c2nc[nH]n2)c1)N1CCCC1
OCNT-2309299,CYP3A4,4.26519794,3.9777937378119477,1,MURCKO::O=C(NCc1ccccc1)N1CCCC1
OCNT-2309303,CYP3A4,4.869078457,3.722316604512577,2,MURCKO::c1ccc(-c2nc(CN3CCCC3c3nc[nH]n3)co2)cc1
OCNT-2309319,CYP3A4,4.336416673,4.362701005755655,0,MURCKO::O=C(c1cnc(-c2ccco2)s1)N1C2C=CCC1CC2
OCNT-2309324,CYP3A4,4.06128849,4.727729016768176,0,MURCKO::c1ccc(OC2CCCN(c3ncnc4[nH]ncc34)C2)cc1
OCNT-2309325,CYP3A4,3.916030493,3.8134634550211666,3,MURCKO::O=C(CCc1ccccc1)N1CCOCC1
OCNT-2309340,CYP3A4,1.987554438,4.214177890417752,1,MURCKO::O=C(NCc1cn[nH]c1)N1CCC2COCC21
OCNT-2309342,CYP3A4,3.87546239,3.561423853469559,3,MURCKO::c1ccc2[nH]c(NCC3(N4CCOCC4)CCC3)nc2c1
OCNT-2309343,CYP3A4,3.763739442,4.575672167370594,0,MURCKO::O=C(NCc1ccn(Cc2ccccc2)n1)N1CCN(C2CC2)CC1
OCNT-2309346,CYP3A4,4.526252835,3.7381736315553673,3,MURCKO::O=S(=O)(CCc1ccccc1)Nc1cc(C2CCCCC2)n[nH]1
OCNT-2309351,CYP3A4,5.96637383,4.4442238950759165,3,MURCKO::O=C(NCC1(N2CCOCC2)CCCCC1)c1c[nH]cc1-c1cccs1
OCNT-2309355,CYP3A4,3.724375873,3.876205539078953,3,MURCKO::O=C(c1cccnc1)N1CCCC1c1nc2ccccc2[nH]1
OCNT-2309356,CYP3A4,5.431020372,4.822882122137113,3,MURCKO::O=C(C1CC12CCc1ccccc12)N1CCCc2ccccc21
OCNT-2309366,CYP3A4,4.470959247,3.7731552465251244,0,MURCKO::O=C(c1cnc(-c2ccccc2)s1)N1CCc2n[nH]c(=O)cc2C1
OCNT-2309377,CYP3A4,5.733716787,3.7033096496123123,4,MURCKO::O=C(CCc1ccccc1)N1CCC(Cc2cccnc2)CC1
OCNT-2309378,CYP3A4,2.211780667,4.540946312412383,2,MURCKO::O=C(Nc1ccccc1)c1cccnc1
OCNT-2309395,CYP3A4,2.042630627,3.583226070601211,2,MURCKO::O=C(Cn1cccn1)N1CCC(c2ncno2)CC1
OCNT-2309396,CYP3A4,5.053744907,4.0728534231786115,1,MURCKO::O=C1CCc2ccc(NC(=O)c3ccnc4[nH]ncc34)cc2N1
OCNT-2309399,CYP3A4,4.944421005,4.58675036718267,0,MURCKO::O=C(NCc1ccccc1)N1CCC(Cn2cccn2)CC1
OCNT-2309402,CYP3A4,4.658515383,4.206001455074014,0,MURCKO::O=C(c1coc2ccccc12)N1CCN(Cc2ncc[nH]2)CC1
OCNT-2309415,CYP3A4,4.37168324,4.417554418111543,4,MURCKO::O=C(CCc1cccnc1)N1CCOc2[nH]ncc21
OCNT-2309418,CYP3A4,4.681046027,4.605360779484496,3,MURCKO::O=C(Nc1ccc2c(c1)CCC(=O)N2Cc1ccccc1)NC1CCn2ccnc2C1
OCNT-2309420,CYP3A4,2.03019643,3.743957725373294,2,MURCKO::O=C(Nc1ccccc1)c1ccc2[nH]ncc2c1
OCNT-2309424,CYP3A4,4.410240222,3.5751313230434674,2,MURCKO::c1ccc(CCn2cc(CN3CCCC3)nn2)cc1
OCNT-2309425,CYP3A4,3.82393098,3.848207872921156,1,MURCKO::O=C(CCc1nc2ccccc2c(=O)[nH]1)N1CC(Oc2ccccc2)C1
OCNT-2309426,CYP3A4,2.579478153,4.360840072847525,1,MURCKO::O=C(COc1ccccc1)N1CCC(N2CCCC2=O)CC1
OCNT-2309430,CYP3A4,3.717094888,3.881971664804305,1,MURCKO::O=C1CCCCN1Cc1nc(-c2ccccn2)no1
OCNT-2309431,CYP3A4,3.823852005,3.8126236048613276,4,MURCKO::O=C(Cc1csc(-c2ccccc2)n1)Nc1cc2n(n1)CCC2
OCNT-2309443,CYP3A4,4.832719388,4.118217052094165,3,MURCKO::O=C1NCCN(C(=O)Nc2ccccc2)C1c1ccccc1
OCNT-2309451,CYP3A4,2.024431085,4.724307035671414,3,MURCKO::O=C(Cc1c[nH]c2cnccc12)NCc1nnn[nH]1
OCNT-2309455,CYP3A4,5.086758292,3.5899135111338034,3,MURCKO::O=C(c1cc(=O)[nH]c2ccccc12)N1Cc2cc3c(cc2C2(CCCC2)C1)OCCO3
OCNT-2309459,CYP3A4,4.3840829,4.458915699676946,0,MURCKO::O=C(Nc1ccc(-n2ccnc2)cc1)c1c[nH]nn1
OCNT-2309469,CYP3A4,5.25815864,4.247811658761766,0,MURCKO::c1ccc(C2CC2c2nc(Cc3ccccn3)no2)cc1
OCNT-2309470,CYP3A4,2.177398278,3.6088020563650907,0,MURCKO::O=C(NCc1ccccc1Cn1cccn1)N1CCC1
OCNT-2309471,CYP3A4,4.866275922,3.7835928561281547,2,MURCKO::O=C(Cc1cnn(Cc2ccccc2)c1)Nc1ncc(C2CCCCC2)cn1
OCNT-2309492,CYP3A4,4.808987682,4.043405608629933,1,MURCKO::O=C(CCc1nc(-c2nnc[nH]2)no1)N1CCCC1c1ccccc1
OCNT-2309500,CYP3A4,1.95482815,3.802952353139573,1,MURCKO::O=C(CC1CCC1)Nc1ccc2c(c1)CCC(=O)N2
OCNT-2309502,CYP3A4,4.923353468,3.9378314939987336,1,MURCKO::O=C1CCc2cc(-c3ccccc3)cc3c2N1CCC3
OCNT-2309505,CYP3A4,5.664234612,3.985034289461536,3,MURCKO::O=C(COc1cccnc1)NC1CC2(CCOCC2)Oc2ccccc21
OCNT-2309506,CYP3A4,4.526692223,4.700816288521522,0,MURCKO::O=C(c1ccccc1)N1CCN(S(=O)(=O)c2ccccc2)CC1
OCNT-2309509,CYP3A4,2.368360845,3.9369083377874485,2,MURCKO::O=C(Cc1cn2c(n1)CCCC2)Nc1cc[nH]n1
OCNT-2309515,CYP3A4,2.948431848,4.315291839078283,2,MURCKO::O=C(Nc1ccccc1)N1CCN(C(=O)c2ccco2)CC1
OCNT-2309518,CYP3A4,5.356649293,4.369079038654315,0,MURCKO::O=C(Nc1ccccc1)N1CCN(c2cnccn2)CC1
OCNT-2309524,CYP3A4,4.649680508,4.69145629235812,4,MURCKO::O=C(NCCc1ccncc1)N1CC2(CCC2)C1C1CCOCC1
OCNT-2309544,CYP3A4,4.051491175,3.4986792533414612,3,MURCKO::O=C(Cc1cnn(-c2ccccc2)n1)NCc1cccnc1
OCNT-2309546,CYP3A4,4.855531348,4.266548806870507,0,MURCKO::O=C(NCc1ccccc1-c1ccc(Cn2cccn2)cc1)N1CC2CC1C2
OCNT-2309551,CYP3A4,2.093231042,3.3531965531344667,1,MURCKO::O=c1[nH]c(-c2ccccc2)cs1
OCNT-2309560,CYP3A4,3.823460068,4.171240204240927,2,MURCKO::O=S(=O)(c1cnn2ncccc12)N1CCCC(c2ccn[nH]2)C1
OCNT-2309567,CYP3A4,5.865022967,4.53151672872761,3,MURCKO::c1ccc2c(C3CCN(c4ncnc5[nH]ncc45)CC3)c[nH]c2c1
OCNT-2309572,CYP3A4,5.914312052,4.329197289344272,3,MURCKO::O=C(Nc1nc(-c2ccc3c(c2)OCO3)cs1)c1ccn(-c2ccccc2)n1
OCNT-2309578,CYP3A4,4.731289415,4.149808451905998,0,MURCKO::O=C(Cc1cnn2ccccc12)N1CCCC1Cc1ccccc1
OCNT-2309583,CYP3A4,3.690696482,3.86243142915711,1,MURCKO::O=C(c1ccc(NCc2nnc3[nH]c(=O)c4ccccc4n23)cc1)N1CCOCC1
OCNT-2309597,CYP3A4,2.090999372,3.23029788506671,4,MURCKO::O=C(NCc1cccnc1)c1ccno1
OCNT-2309599,CYP3A4,4.955952498,4.473806397123266,1,MURCKO::O=C(Nc1[nH]ncc1-c1ccc2c(c1)OCCO2)c1ccn(-c2ccccc2)n1
OCNT-2309604,CYP3A4,4.632807945,4.547228838239595,2,MURCKO::O=S(=O)(c1ccccc1)N1CC(Oc2ccccc2)C1
OCNT-2309606,CYP3A4,5.182924228,4.265127591110208,3,MURCKO::O=C(C1CC(c2ccccn2)=NO1)N1CCCC(Nc2ccccc2)C1
OCNT-2309613,CYP3A4,3.624592112,3.8278770541079292,3,MURCKO::O=C(Cc1n[nH]c(=O)c2ccccc12)N1CCc2ncccc2C1
OCNT-2309615,CYP3A4,3.865637308,4.095396311439996,1,MURCKO::O=C(NS(=O)(=O)c1ccccc1)c1ccsc1
OCNT-2309624,CYP3A4,2.709846152,3.7957935404759002,1,MURCKO::O=C(c1ccnc2ccccc12)N1CCCNCC1
OCNT-2309628,CYP3A4,3.96068925,3.7826630251924875,1,MURCKO::O=S(=O)(Nc1cn[nH]c1)c1ccccc1
OCNT-2309630,CYP3A4,4.629011913,3.7970665120734512,2,MURCKO::O=C(NCc1ccccn1)Nc1ccc(Oc2ccccc2)cc1
OCNT-2309641,CYP3A4,4.984762537,3.7001425514158472,3,MURCKO::O=C(Cc1cnn(-c2ccccc2)c1)N1CCc2ccccc21
OCNT-2309645,CYP3A4,2.789160905,4.140498461126938,0,MURCKO::O=C(c1ccnc2ccnn12)N1CCOCC1C1CC1
OCNT-2309663,CYP3A4,5.528186045,4.575485520496631,0,MURCKO::O=C(Nc1ccc2[nH]ncc2c1)c1ccccc1Sc1ccccc1
OCNT-2309670,CYP3A4,5.861414615,4.423928488666648,2,MURCKO::O=C(c1cccc(Nc2ccccc2)c1)N1CCN(C2=NS(=O)(=O)c3ccccc32)CC1
OCNT-2309671,CYP3A4,2.408528185,3.538513055931973,2,MURCKO::O=C(NCc1ccccn1)c1cnc2[nH][nH]c(=O)c2c1
OCNT-2309676,CYP3A4,4.39705679,3.6647509250962482,1,MURCKO::O=C(Nc1cccc(-n2cnnn2)c1)C1CCCNC1
OCNT-2309684,CYP3A4,2.581972495,3.8107426034409135,1,MURCKO::c1cc(OCC2CC2)ncc1-c1noc(C23CCCN(CCC2)C3)n1
OCNT-2309686,CYP3A4,4.94025483,4.246379861160261,0,MURCKO::O=C(Nc1ccccc1)c1cnn2c1CCCC2
OCNT-2309689,CYP3A4,5.395813947,3.764343956253446,3,MURCKO::O=C(NCc1coc(-c2ccccc2)n1)c1cc(-c2ccccc2)nc2[nH]ncc12
OCNT-2309704,CYP3A4,3.612767242,4.030713352396107,3,MURCKO::O=C(NS(=O)(=O)c1ccccc1)c1ccc2nn[nH]c2c1
OCNT-2309705,CYP3A4,3.302121712,4.0045438986454425,3,MURCKO::c1nc(N2CCC(Cc3nnc[nH]3)CC2)c2ncsc2n1
OCNT-2309711,CYP3A4,2.028918637,4.38059244974518,4,MURCKO::O=C(c1cncc(N2CCOCC2)c1)N1CCCC(c2cc[nH]n2)C1
OCNT-2309713,CYP3A4,2.20583836,4.066934952275477,2,MURCKO::O=C1CC(Cn2cc(CNC(=O)c3ccccc3)nn2)CN1
OCNT-2309715,CYP3A4,4.55709736,4.016988373264017,2,MURCKO::O=C(Nc1cn[nH]c1)c1ccc(N2CCCCCC2)cc1
OCNT-2309719,CYP3A4,4.068564775,4.014083396427849,2,MURCKO::O=C(Cc1ccc2[nH]c(=O)[nH]c2c1)N1CCOC(c2ccccc2)C1
OCNT-2309724,CYP3A4,3.74052281,4.082572967063405,4,MURCKO::O=C(CSc1nc2ccccc2s1)N1CCN(C(=O)c2ccc(=O)[nH]c2)CC1
OCNT-2309728,CYP3A4,6.051158075,3.968767476109389,1,MURCKO::O=C1Cc2cc(NS(=O)(=O)c3cccc(-c4ccccc4)c3)ccc2N1
OCNT-2309730,CYP3A4,4.627266935,3.8962641343977,0,MURCKO::O=C(c1cncc(-c2ccc3c(c2)CCO3)c1)N1c2ccccc2C2CNCCC21
OCNT-2309732,CYP3A4,4.253647843,3.6876969535973148,1,MURCKO::O=S(=O)(Nc1cn[nH]c1)c1ccccc1
OCNT-2309746,CYP3A4,2.298208105,4.4979566561074575,0,MURCKO::O=C(Cc1ccccc1)Nc1cccnc1
OCNT-2309747,CYP3A4,4.68190131,4.14854700217499,0,MURCKO::O=C(NCc1ccc(-c2ccc3c(c2)CCO3)cc1)C1Cc2ccccc2CN1
OCNT-2309757,CYP3A4,5.411355087,3.7481113190829864,2,MURCKO::c1ccc(NCc2ncn3c2CCCC3)nc1
OCNT-2309763,CYP3A4,5.100720335,4.189378893106207,0,MURCKO::O=C(Nc1ccn(Cc2ccccc2)n1)c1cnnc(C2CC2)c1
OCNT-2309767,CYP3A4,3.21659364,3.7919629926031573,0,MURCKO::O=C(Nc1ccccc1)c1cnn2ccccc12
OCNT-2309768,CYP3A4,2.091183545,3.9531510052345897,1,MURCKO::O=C(NCCc1nccc(C2CC2)n1)c1cc2nccn2c(=O)[nH]1
OCNT-2309769,CYP3A4,3.626002505,3.758062090981972,1,MURCKO::O=C(Cc1cscn1)N1CCCC1c1ccccc1
OCNT-2309776,CYP3A4,3.67145394,4.455130763351574,2,MURCKO::c1ccc(-c2n[nH]cc2CN2CCN(C3CCOCC3)CC2)cc1
OCNT-2309792,CYP3A4,2.467173532,3.979611091063649,0,MURCKO::O=C(NCc1ccc(N2CCCCC2)cc1)N1CCCC1
OCNT-2309800,CYP3A4,4.441259253,3.887419270608943,0,MURCKO::O=C1CCCc2ccc(C(=O)Nc3c(-c4ccccc4)nc4ccccn34)cc2N1
OCNT-2309806,CYP3A4,5.173216105,4.115447917310422,0,MURCKO::O=C(NC1CCOc2ccccc21)c1ccc2c(c1)CC(c1ccccc1)OC2=O
OCNT-2309809,CYP3A4,5.208452513,4.086651595247854,3,MURCKO::O=C(Cc1c[nH]c2ccccc12)N1CCc2oc(-c3ccccc3)cc2C1
OCNT-2309810,CYP3A4,5.258509235,4.4440419638381154,3,MURCKO::O=C(C1CCN(c2nc3ccccc3o2)CC1)N1CCCC2(CCCc3ccccc32)C1
OCNT-2309813,CYP3A4,4.42198301,4.158719935636376,4,MURCKO::O=C(NC1CCN(c2ccccc2)C1)c1cnn2cccnc12
OCNT-2309819,CYP3A4,6.29576257,4.756019499393028,1,MURCKO::O=C(NCC1Cc2ccccc2O1)Nc1ccncc1
OCNT-2309844,CYP3A4,6.04559205,5.266088456960245,4,MURCKO::O=C(Nc1ccccc1)N1CCCC(n2ccnc2)C1
OCNT-2309846,CYP3A4,6.69209685,4.8938007251926665,4,MURCKO::O=C(CNC(=O)c1ccccc1)Nc1ccc(Cn2ccnc2)cc1
OCNT-2309858,CYP3A4,4.859908095,4.370445948511306,4,MURCKO::O=C(CCc1c(-c2ccccc2)[nH]c2ccccc12)NC1CCn2ncnc2C1
OCNT-2309859,CYP3A4,4.131585155,4.289781277675726,4,MURCKO::O=C(Nc1ccccc1)c1ccccc1
OCNT-2309860,CYP3A4,5.150775183,4.4552345358399235,1,MURCKO::O=C(NCc1cnc2ccccn12)Nc1cccc(S(=O)(=O)N2CCCCC2)c1
OCNT-2309873,CYP3A4,2.829589687,3.820663674961312,0,MURCKO::O=C1CCC(NCc2ccccn2)C(c2ccccc2)N1
OCNT-2309877,CYP3A4,4.663993425,3.8017794490765286,1,MURCKO::O=C(NC1CCN(C(=O)CCc2ccccc2)CC1)c1cccc2nn[nH]c12
OCNT-2309878,CYP3A4,4.13016765,3.681474277434836,3,MURCKO::O=C(Nc1ccccc1)C(=O)N1CCNCC1
OCNT-2309882,CYP3A4,3.669333762,5.023708956218373,4,MURCKO::O=C(COC1CC1)Nc1ccc(-n2cnc3ccccc32)nc1
OCNT-2309896,CYP3A4,5.32587753,4.118995884384626,0,MURCKO::O=C(c1ccc2[nH]c(=O)[nH]c2c1)N(Cc1ccco1)Cc1cc2ccccc2o1
OCNT-2309900,CYP3A4,4.788579197,4.32908077593453,3,MURCKO::O=C(Nc1ccnn1C1CCC1)N1CCc2ccccc2C1
OCNT-2309901,CYP3A4,5.452919655,4.298413358644074,0,MURCKO::O=C(NCCc1c[nH]c2ccccc12)c1cncc2[nH]ccc12
OCNT-2309920,CYP3A4,4.722611342,3.672203503374003,0,MURCKO::O=S(=O)(Nc1ccn[nH]1)c1ccccc1
OCNT-2309929,CYP3A4,5.375375893,4.212119092538133,4,MURCKO::O=C(Cc1c[nH]c2ccccc12)Nc1ccccc1
OCNT-2309933,CYP3A4,5.228164608,4.225573998117319,3,MURCKO::O=C(NC1CCCc2c1cnn2Cc1ccccc1)c1cnccn1
OCNT-2309955,CYP3A4,3.94284675,3.6670068679911862,4,MURCKO::O=C(Nc1nccs1)N1CCOC(C2CCC2)C1
OCNT-2309957,CYP3A4,2.02041593,3.595205968258998,3,MURCKO::O=C(c1ccncn1)N1CCC(c2cccnc2)CC1
OCNT-2309967,CYP3A4,5.337629942,4.2368950492956285,4,MURCKO::O=C(NCc1cn[nH]c1)NCc1cnc(-c2ccccc2)s1
OCNT-2309989,CYP3A4,3.860223255,3.465928903754007,0,MURCKO::O=C(Nc1ncn(C2CCCCC2)n1)c1c[nH]c2ccccc2c1=O
OCNT-2309997,CYP3A4,5.75675987,4.07970675733252,3,MURCKO::O=S(=O)(c1ccc(NCCc2ccccc2)nc1)N1CC2CCC2C1
OCNT-2310006,CYP3A4,5.55603187,4.442499063975771,0,MURCKO::O=C(CCNC(=O)c1c[nH]c2ccccc12)Nc1ccc(-n2cnc3ccccc32)cc1
OCNT-2310010,CYP3A4,5.14452858,4.279140479541029,4,MURCKO::O=C(CN1CCc2ccccc2CC1)NC(c1ccccc1)c1nccs1
OCNT-2310016,CYP3A4,2.83212149,4.316612389513219,3,MURCKO::O=c1[nH]c2ccc(S(=O)(=O)N3CCCC3)cc2[nH]1
OCNT-2310019,CYP3A4,5.37132473,4.482198485031438,2,MURCKO::O=C(COc1ccccc1)OCc1cc(=O)oc2ccccc12
OCNT-2310021,CYP3A4,4.262344103,4.373149649522874,2,MURCKO::c1cc(Cc2nc(-c3ccsc3)no2)n[nH]1
OCNT-2310023,CYP3A4,5.239640683,4.004683987799202,0,MURCKO::O=C(CN1CCN(c2ccccc2)CC1)Nc1ccccc1
OCNT-2310043,CYP3A4,3.751983045,3.5933093054516387,4,MURCKO::O=C(NCc1ccccc1)NC1CCCCCC1
OCNT-2310045,CYP3A4,5.0768823,3.6423480931631183,2,MURCKO::O=C(Cc1ccccc1)Nc1cc[nH]n1
OCNT-2310052,CYP3A4,4.517411932,4.586256553946271,0,MURCKO::O=C(Nc1cccc(-c2ncc[nH]2)c1)c1cc2ccccc2c(=O)[nH]1
OCNT-2310056,CYP3A4,4.994229285,4.690956237078133,2,MURCKO::O=C(COc1ccccc1)N1CCC(c2nnc[nH]2)CC1
OCNT-2310059,CYP3A4,2.090409895,4.75412179272538,4,MURCKO::O=C1NCCN(C(=O)c2ccc(=O)[nH]c2)C1c1ccccc1
OCNT-2310067,CYP3A4,5.332954717,4.376543418759292,1,MURCKO::O=S(=O)(c1ccccc1-c1ccccc1)N1CCC(c2ccno2)CC1
OCNT-2310087,CYP3A4,1.955119468,4.098906380757377,2,MURCKO::c1ccc(-c2nc(-c3cccnc3)no2)cc1
OCNT-2310097,CYP3A4,4.300932767,3.9116444984476866,1,MURCKO::O=C(Nc1cnn2cccnc12)N1CCC(c2ccccc2)CC1
OCNT-2310098,CYP3A4,3.159824378,4.149239255604276,1,MURCKO::O=C(Nc1cc2c3c(c1)CCC(=O)N3CCC2)c1ccco1
OCNT-2310101,CYP3A4,3.84640374,4.036698212716233,3,MURCKO::O=C1NCC2CCC1N2S(=O)(=O)c1ccccc1
OCNT-2310104,CYP3A4,3.978649387,4.031679421846294,0,MURCKO::O=C(Nc1cnn(-c2ccccc2)c1)c1cc2ccc(=O)[nH]c2o1
OCNT-2310117,CYP3A4,4.545574832,4.4736728529318235,3,MURCKO::O=C(Nc1cccnc1)c1cncc(-c2ccccc2)c1
OCNT-2310120,CYP3A4,4.81260784,4.442499084195723,4,MURCKO::O=C(c1ccnc(NCc2ccco2)n1)N1CCc2sccc2C1
OCNT-2310121,CYP3A4,2.790967568,4.214646511217026,3,MURCKO::O=C1NCC2CCC1N2S(=O)(=O)c1ccccc1
OCNT-2310122,CYP3A4,1.966218385,3.54542808937716,4,MURCKO::O=C(Cc1ccccc1)Nc1ccccc1
OCNT-2310123,CYP3A4,4.84846385,4.246507475118191,4,MURCKO::O=C(NC1(Cc2ccccc2)CCOC1)c1ccn(-c2ccon2)c1
OCNT-2310131,CYP3A4,2.11773605,4.459655581297082,0,MURCKO::O=C(c1ccccc1)N1CCN(Cc2ncno2)CC1
OCNT-2310137,CYP3A4,5.461775043,5.258404451772328,1,MURCKO::O=C(NCc1ccccc1N1CCCCC1)c1cn[nH]c1Cc1ccccc1
OCNT-2310167,CYP3A4,5.572514315,3.6928855417133186,0,MURCKO::O=C(NCCCc1ccccc1)Nc1ccccc1
OCNT-2310172,CYP3A4,6.619647975,5.13095844582703,0,MURCKO::O=C(Cn1ccnc1)NCc1nc2ccccc2[nH]1
OCNT-2310191,CYP3A4,2.141555135,4.014195061712435,0,MURCKO::O=C(NCC1=NOC2OCCC12)c1cccc2c1OCC2
OCNT-2310192,CYP3A4,2.13248211,3.944967454521038,4,MURCKO::O=C(NCCc1ccccc1)C1CCN(c2ccc3nncn3n2)CC1
OCNT-2310199,CYP3A4,5.539790922,4.323291226161027,0,MURCKO::O=C(Cc1cccc2c1OCOC2)Nc1ccc2nc[nH]c2n1
OCNT-2310212,CYP3A4,4.988303825,4.849775209614852,0,MURCKO::O=C(NCc1cccnc1)c1c[nH]nc1-c1ccccc1
OCNT-2310220,CYP3A4,2.225750435,3.63780683286579,4,MURCKO::O=C(Cn1cccn1)NC1CCCc2occc21
OCNT-2310225,CYP3A4,1.96408744,3.999986667198,1,MURCKO::O=C(NC1CCCOCC1)c1ccccc1
OCNT-2310237,CYP3A4,3.814395395,4.296810931165778,2,MURCKO::O=C(c1ccccc1)N1CCN(S(=O)(=O)c2[nH]nc3c2COCC3)CC1
OCNT-2310248,CYP3A4,4.112927565,3.888810538260995,4,MURCKO::O=C(Nc1ccc(N2CCOCC2)nc1)c1cccnc1
OCNT-2310249,CYP3A4,2.433856025,3.79006923467488,0,MURCKO::O=c1[nH]c2cccc(-c3ccc(N4CCCC4)nc3)c2[nH]1
OCNT-2310250,CYP3A4,5.719062883,4.517265416175842,3,MURCKO::O=C(CCc1c(-c2ccccc2)[nH]c2ccccc12)Nc1ccon1
OCNT-2310251,CYP3A4,3.552159,3.912407575101585,2,MURCKO::O=C(NC1CCCOCC1)c1c[nH]cc1-c1cn[nH]c1
OCNT-2310261,CYP3A4,5.03215361,4.396618766279967,0,MURCKO::O=C(Nc1ccccc1)c1conc1-c1ccccc1
OCNT-2310262,CYP3A4,4.88311627,4.061608387602134,1,MURCKO::O=C(c1ccccc1)N1CCN(c2ccccn2)CC1
OCNT-2310264,CYP3A4,4.77881633,4.017849168760641,3,MURCKO::O=C(Cc1ccccc1)N1CCc2ccccc2CC1
OCNT-2310265,CYP3A4,2.871120612,4.148936471534524,4,MURCKO::O=C(Cn1ccc(C2CC2)n1)N1CCN(C(=O)c2ccccc2)CC1
OCNT-2310279,CYP3A4,4.457833147,4.694701113736935,3,MURCKO::O=S(=O)(c1ccccc1)N1CCC(n2cccn2)CC1
OCNT-2310283,CYP3A4,3.033616223,3.5491311252691875,0,MURCKO::O=C(Cn1nnc2ccccc21)N1CCn2cccc2C1
OCNT-2310286,CYP3A4,4.06697716,5.015092204213375,4,MURCKO::O=C(CC1=CCCCC1)NCc1nc2ccccc2[nH]1
OCNT-2310289,CYP3A4,3.934902302,3.975583523952154,1,MURCKO::O=C(c1ccc(Cc2ccccc2)cn1)N1CCCC2(CCOCC2)C1
OCNT-2310291,CYP3A4,6.330775717,3.7146078392386617,2,MURCKO::O=C(NCc1cc(-c2ccccc2)on1)c1coc2ccccc12
OCNT-2310319,CYP3A4,4.696104287,4.347110720831302,1,MURCKO::O=C(NCc1nccn1Cc1ccccc1)Nc1ccccc1
OCNT-2310322,CYP3A4,4.226493735,4.222599428830878,0,MURCKO::O=C1CCNC(=O)N1CCc1ccccc1
OCNT-2310323,CYP3A4,3.558299795,3.94016776267705,4,MURCKO::c1cc(N2CCCCC2)ccn1
OCNT-2310324,CYP3A4,5.495719175,4.63891453610569,0,MURCKO::O=C(NCc1ccc(C2CC2)cc1)c1cc2occc2[nH]1
OCNT-2310332,CYP3A4,3.034982053,3.999825119697391,1,MURCKO::O=C1NCCC1NC(=O)N1CCCC(c2ccccc2)C1
OCNT-2310337,CYP3A4,5.435582467,4.834108683565528,1,MURCKO::O=C(NCC1CCCN1c1ccncn1)c1cc2ccccc2[nH]1
OCNT-2310341,CYP3A4,5.137646755,4.383728093593299,1,MURCKO::c1cnc2[nH]c(CSc3nc4ccccc4c4ncnn34)nc2c1
OCNT-2310343,CYP3A4,4.01074426,3.959039265632989,4,MURCKO::O=C(NCc1cncnc1)C1C2CCC1(c1ccn[nH]1)C2
OCNT-2310350,CYP3A4,2.610752995,3.94883930790718,1,MURCKO::O=S(=O)(NCCc1ccccc1)c1ccccc1
OCNT-2310353,CYP3A4,4.99666658,3.9740940814944556,1,MURCKO::O=C(Nc1ccc2nc[nH]c2c1)c1ccc(C2CC2)cc1
OCNT-2310383,CYP3A4,2.509015773,4.175336919312854,4,MURCKO::O=C(NCc1ncc[nH]1)Nc1cccnc1
OCNT-2310389,CYP3A4,2.741962335,4.343949203115798,3,MURCKO::O=C(NCC1CCNCC1)c1cnoc1
OCNT-2310404,CYP3A4,4.893396052,4.445732859858385,3,MURCKO::O=C(Cc1ccccc1)NC1CC(c2ccccc2)C1
OCNT-2310409,CYP3A4,3.597721745,3.692056248417033,0,MURCKO::O=C(Nc1nc(C2CCOCC2)cs1)c1cc2n(n1)CCCC2
OCNT-2310421,CYP3A4,2.509168762,4.620559392507985,3,MURCKO::O=C(NC(c1ccccc1)c1nnc[nH]1)c1ccccc1
OCNT-2310427,CYP3A4,4.102454097,4.517309420289799,4,MURCKO::c1ccc(CCn2nnnc2N2CCCC2)cc1
OCNT-2310431,CYP3A4,4.785578425,3.6102707151995785,1,MURCKO::O=C(Nc1cccc(-c2nnc[nH]2)c1)c1cc(Cn2cccn2)on1
OCNT-2310432,CYP3A4,2.454188187,4.307465379668662,1,MURCKO::O=C(NC1(c2ccccc2)CCOCC1)c1ccc2ncoc2c1
OCNT-2310438,CYP3A4,3.853686657,3.8724306419596752,4,MURCKO::O=c1[nH]c2c(cc1-c1noc(C3CCN(c4nc5ccccc5o4)CC3)n1)CNCC2
OCNT-2310439,CYP3A4,3.03787798,3.5756894666119368,0,MURCKO::c1cc(N2CCNCC2)cc(-c2ncon2)n1
OCNT-2310445,CYP3A4,4.317430135,3.7552416096162817,2,MURCKO::O=C(NC1CCCc2ccccc21)c1cc2n(n1)CCO2
OCNT-2310448,CYP3A4,4.645771458,3.4262152948977818,1,MURCKO::O=C(Cn1nnc(-c2ccccc2)n1)Nc1cccc(-c2nnn[nH]2)c1
OCNT-2310449,CYP3A4,4.27965316,3.940936963804553,3,MURCKO::O=C(Nc1cccc(-c2nc[nH]n2)c1)c1ccccn1
OCNT-2310455,CYP3A4,3.656923358,3.9089006423778203,4,MURCKO::O=C1CC(C(=O)NC2CCCc3ccccc32)c2ccccc2N1
OCNT-2310461,CYP3A4,2.224645945,3.7859874979121733,1,MURCKO::O=C(NCc1ccccc1)C1CCn2ccnc2C1
OCNT-2310471,CYP3A4,2.812038865,3.863056788804956,2,MURCKO::O=C(Nc1n[nH]c2ccccc12)C1CCNCC1
OCNT-2310473,CYP3A4,3.759346945,3.549508325112907,3,MURCKO::c1ccc(-c2noc(C3CCN(Cc4ncccn4)CC3)n2)cc1
OCNT-2310479,CYP3A4,3.447156023,3.961151943622681,3,MURCKO::O=C(Nc1ccccn1)C1CCCN(Cc2ncn[nH]2)C1
OCNT-2310481,CYP3A4,6.130037083,4.964026931983502,1,MURCKO::O=C(NCc1ccc(-n2ccnc2)cc1)NCc1cn[nH]c1
OCNT-2310482,CYP3A4,4.77079698,4.4427407048396885,2,MURCKO::O=c1[nH]c2cccc(-c3cnc4[nH]ccc4c3)c2[nH]1
OCNT-2310489,CYP3A4,1.996908568,4.024099771667387,1,MURCKO::O=C(Nc1cccc(-c2nnc[nH]2)c1)c1ccc2[nH]c(=O)c(=O)[nH]c2c1
OCNT-2310497,CYP3A4,5.014968643,4.280890268211997,4,MURCKO::O=C1CC(C(=O)Nc2cc3c(s2)CCCC3)c2ccccc2N1
OCNT-2310499,CYP3A4,4.03235718,4.048026960971062,4,MURCKO::O=C(NC1CCN(c2ccccc2)CC1)c1cnc2ccccn2c1=O
OCNT-2310506,CYP3A4,3.654552397,4.505214163426293,2,MURCKO::O=C(NCc1nc2ccccc2[nH]1)c1ccccc1
OCNT-2310512,CYP3A4,2.620137807,4.516964998282791,2,MURCKO::c1ccc(-c2noc(NCc3nnc4n3CCC4)n2)cc1
OCNT-2310513,CYP3A4,5.248705098,4.367487621497659,3,MURCKO::O=C(NCc1cccnc1-n1ccnc1)C1CC(=O)N(c2ccccc2)C1
OCNT-2310515,CYP3A4,5.0718178,5.280003332521491,0,MURCKO::O=C(NCCc1ccccc1)N1C2CCC1CC1(CC1)C2
OCNT-2310519,CYP3A4,2.035744302,4.282648683081489,0,MURCKO::O=C(NC1CCCCC1)NC1CCNCC1
OCNT-2310522,CYP3A4,4.190882708,3.4924087304686373,0,MURCKO::O=C(NC1CCCN(C(=O)c2ccccc2)C1)c1cn[nH]c1
OCNT-2310526,CYP3A4,2.96073134,4.094141162385309,3,MURCKO::O=C1NCCN1CC1CCN(C(=O)c2cc3cccnc3[nH]2)CC1
OCNT-2310532,CYP3A4,4.059785025,4.145381113954869,2,MURCKO::O=C(NC1CCC(c2ccccc2)CC1)c1ccccc1
OCNT-2310534,CYP3A4,4.914309425,3.944232381156449,1,MURCKO::O=C(NCc1ccc2[nH]c(=O)[nH]c2c1)c1cccc(-c2cccs2)n1
OCNT-2310549,CYP3A4,4.600903527,4.485673308619505,1,MURCKO::O=C(NCc1ccncc1)c1ccc2c(c1)[nH]c(=O)n2C1CC1
OCNT-2310555,CYP3A4,4.900167553,4.538372342918873,3,MURCKO::O=C(Cc1n[nH]c(=O)c2ccccc12)NCc1ccnc(-n2ccnc2)c1
OCNT-2310565,CYP3A4,4.825178802,3.664302774972485,3,MURCKO::O=C(NC1CCN(c2ccccc2)C1)c1cnn(Cc2ccccc2)c1
OCNT-2310569,CYP3A4,4.275799225,3.930529429726807,2,MURCKO::O=C(NCCCc1nc2c(s1)CCCC2)c1ccn[nH]1
OCNT-2310599,CYP3A4,3.875375725,3.8141402187975135,4,MURCKO::O=C(c1ccccc1)N1CCC(c2ccn[nH]2)CC1
OCNT-2310600,CYP3A4,5.534017057,4.593518059527741,4,MURCKO::O=C(C1Cc2ccccc2N1)N1CCOC(c2ccccc2)C1
OCNT-2310603,CYP3A4,3.4456522,4.898333084689145,2,MURCKO::O=C(CN1CCOCC1)NC1(c2ccccc2)CCOCC1
OCNT-2310606,CYP3A4,5.955765657,3.973151842492878,1,MURCKO::O=C(NCCc1ccn(-c2ccccc2)n1)c1ccccc1
OCNT-2310611,CYP3A4,4.965954425,4.2554672096122355,1,MURCKO::O=C(CNC(=O)c1ccccc1)NC1CCOc2ccccc21
OCNT-2310612,CYP3A4,4.026235223,3.6867509809725556,1,MURCKO::O=C(NCCc1ccn(-c2ccccc2)n1)c1cn[nH]c1
OCNT-2310615,CYP3A4,3.208682465,4.359926333508433,2,MURCKO::O=C(CNC(=O)Nc1ccccc1)NC1CNCc2ccccc21
OCNT-2310620,CYP3A4,3.379489842,3.7743584770633802,2,MURCKO::O=C(Nc1ccccc1)C(=O)N1CCCCC1
OCNT-2310621,CYP3A4,3.739102985,4.559416919664019,1,MURCKO::O=C(C1CCCN1)N1CCCN(c2nccs2)CC1
OCNT-2310629,CYP3A4,4.156398017,4.064413409033253,0,MURCKO::O=C(Cc1ccccc1)Nc1ccc(-c2nc[nH]n2)cc1
OCNT-2310630,CYP3A4,4.039998015,4.280351148714588,2,MURCKO::O=c1[nH]c(NCc2ccncc2)nc2[nH]ncc12
OCNT-2310637,CYP3A4,3.873931203,3.8655040962360663,0,MURCKO::O=C(NC1CCc2ccccc21)c1cnc2sccn2c1=O
OCNT-2310640,CYP3A4,2.88122542,4.408362228496974,4,MURCKO::O=C1OCCC1CCn1cc(-c2cnc3[nH]ccc3c2)nn1
OCNT-2310641,CYP3A4,3.49645816,3.9641498563769955,0,MURCKO::O=C(Nc1cn[nH]c1)C1COc2ccccc2C1
OCNT-2310643,CYP3A4,2.078993408,3.5864966419279174,1,MURCKO::c1ccc(COCc2nnc3n2CCCC3)cc1
OCNT-2310653,CYP3A4,2.121280367,3.740697231380704,2,MURCKO::O=C(Cn1c(=O)[nH]c2ccccc2c1=O)N1CCC(N2CCCC2)C1
OCNT-2310657,CYP3A4,2.61695506,4.054180740177678,3,MURCKO::O=C(Cc1cn[nH]c1)NC1CC2(CCNCC2)Oc2ccccc21
OCNT-2310658,CYP3A4,3.39420639,3.6354644759202186,1,MURCKO::O=C(NC1CCCc2sccc21)c1cnn2c1CCCC2
OCNT-2310662,CYP3A4,4.238793732,4.059267073081321,3,MURCKO::O=C(CN1CCc2ccccc2C1=O)Nc1nccs1
OCNT-2310667,CYP3A4,3.162989765,4.040495407721752,4,MURCKO::O=C(NCC(=O)N1CCCCC1c1ccc[nH]1)c1cc2ccccc2[nH]1
OCNT-2310673,CYP3A4,4.70724697,3.9885731794037964,4,MURCKO::O=C(Nc1ccns1)c1cc(C2CC2)nc2[nH]ncc12
OCNT-2310677,CYP3A4,5.131701908,4.0973168302042975,3,MURCKO::O=S(=O)(Nc1cnn(C2CCCC2)c1)c1ccccc1
OCNT-2310690,CYP3A4,5.069097875,4.476041083834641,2,MURCKO::O=C(NC1CCCN(S(=O)(=O)C2CC2)C1)c1cc2ccccc2[nH]1
OCNT-2310692,CYP3A4,3.6074426,4.244361112397693,4,MURCKO::O=C(NCC1CCOc2ccccc21)c1ccn[nH]1
OCNT-2310693,CYP3A4,3.568803318,4.043431564849558,4,MURCKO::O=C(Nc1ccc2cn[nH]c2c1)C1CNCCO1
OCNT-2310696,CYP3A4,4.43262481,3.946799874430421,4,MURCKO::O=C(NCc1ccccc1)N1CCCC1c1ncon1
OCNT-2310697,CYP3A4,4.36625595,4.084155829062521,1,MURCKO::O=C(NC1CCCCC1)c1ccccc1
OCNT-2310698,CYP3A4,2.799867685,3.653939021768073,4,MURCKO::O=C(NC1CCc2ccccc21)N1CCCCC1
OCNT-2310707,CYP3A4,3.37408487,4.211715030069908,2,MURCKO::O=C(NCC1(N2CCOCC2)CC1)NC1CCCNC1=O
OCNT-2310721,CYP3A4,4.1319632,3.9367094984291127,2,MURCKO::O=C(NCc1nc2ccccc2[nH]1)c1ccc2[nH]c(=O)[nH]c2c1
OCNT-2310722,CYP3A4,2.124743468,3.3943383982164783,3,MURCKO::O=S(=O)(Nc1ccccc1)c1cn[nH]n1
OCNT-2310724,CYP3A4,2.100754382,3.521734779767669,3,MURCKO::O=C(Cn1cccn1)Nc1ccc2c(c1)C(=O)NCC2
OCNT-2310726,CYP3A4,4.009024315,4.4044594628801095,4,MURCKO::O=C(NCc1ccnc2ccccc12)c1ccccc1
OCNT-2310732,CYP3A4,4.493550495,4.081545710692273,0,MURCKO::O=C(C1CCC(=O)N1Cc1ccccc1)N1CCC(c2ncno2)CC1
OCNT-2310733,CYP3A4,2.09012465,3.921066652876511,2,MURCKO::O=C(c1ccccn1)N1CCC(N2CCCNC2=O)CC1
OCNT-2310735,CYP3A4,2.41579948,3.380987094310215,1,MURCKO::O=C(Cc1ccc(-n2cnnn2)cc1)NC1CCCN(c2cc[nH]n2)C1=O
OCNT-2310737,CYP3A4,2.31576097,4.3945979152467105,2,MURCKO::O=C(CCC(=O)N1CCN(c2ccccn2)CC1)N1CCOCC1
OCNT-2310742,CYP3A4,5.14380517,4.375106155962162,1,MURCKO::O=C(CN1CCC(c2ccccn2)CC1)NC(=O)Nc1ccc2c(c1)OCO2
OCNT-2310745,CYP3A4,4.952322975,4.203432796091748,1,MURCKO::O=C(CNC(=O)c1ccccc1)NCc1cccc(-n2cncn2)c1
OCNT-2310747,CYP3A4,4.970871237,4.181887591702324,0,MURCKO::O=C(c1ccn(-c2ccccc2)n1)N1CCN(c2ncccn2)CC1
OCNT-2310758,CYP3A4,4.693371322,4.403530847669295,0,MURCKO::O=c1[nH]ccnc1N1CCN(c2ccccn2)CC1
OCNT-2310764,CYP3A4,4.30025153,4.134241667056993,2,MURCKO::O=C(c1ccn[nH]1)N1CCC(COc2ccccc2)CC1
OCNT-2310776,CYP3A4,4.436124355,3.9078477360697197,3,MURCKO::O=C(CN1Cc2ccccc2C1=O)N1CCN(c2ccccc2)CC1
OCNT-2310782,CYP3A4,4.560168555,3.8401558860477025,0,MURCKO::O=C(Nc1ccc2c(c1)CNCC2)c1ccccc1
OCNT-2310795,CYP3A4,5.876030575,3.9047950301242436,1,MURCKO::O=C1COc2c(cccc2NC(=O)c2ccccc2)N1
OCNT-2310797,CYP3A4,2.227404855,4.189566750763284,0,MURCKO::O=C(Nc1cccc(C(=O)N2CCOCC2)c1)c1cccc2ncnn12
OCNT-2310798,CYP3A4,4.605632335,4.068497615943496,4,MURCKO::O=C(NCC1(c2ccccc2)CC1)N1CCC(c2ccn[nH]2)CC1
OCNT-2310802,CYP3A4,3.851475855,4.174608422938102,4,MURCKO::O=C(NCc1ccc(-c2ccccc2)cc1)N1CCN2C(=O)NCC2C1
OCNT-2310813,CYP3A4,4.230479823,4.368552044253159,4,MURCKO::O=C(Nc1cccc(CC(=O)N2CCNCC2)c1)c1conc1C1CC1
OCNT-2310815,CYP3A4,3.626193213,3.613696956553241,4,MURCKO::O=C(c1ccccc1)N1CCN(c2nncs2)CC1
OCNT-2310817,CYP3A4,5.592928675,4.069783474283165,1,MURCKO::O=S(=O)(NC1CNCC1c1ccccc1)c1cccc2ncccc12
OCNT-2310822,CYP3A4,4.965897785,3.9756788400563265,0,MURCKO::O=C(Cc1ccccc1)N1CCN(c2ccccn2)CC1
OCNT-2310823,CYP3A4,3.206591363,4.237540354499586,1,MURCKO::O=C(Nc1cc[nH]n1)NC1(c2ncon2)CCCC1
OCNT-2310824,CYP3A4,5.207925708,3.714696178371037,4,MURCKO::O=C(CN1CCCC1c1ccccc1)Nc1ccccc1
OCNT-2310826,CYP3A4,4.214249813,3.475671702927927,0,MURCKO::O=C(c1cc2ccccc2[nH]1)N1CCN(C2CCOCC2)CC1
OCNT-2310831,CYP3A4,5.22367581,4.444764689289581,4,MURCKO::O=C(Nc1ccccn1)C1CCN(c2ccncn2)CC1
OCNT-2310833,CYP3A4,4.522788958,5.412516305218053,1,MURCKO::O=C(NCc1ccccc1-c1cn[nH]c1)NC1CCc2ccccc21
OCNT-2310834,CYP3A4,4.574048023,4.213332855273184,2,MURCKO::O=C(c1cc2ccccc2[nH]1)N1CCC(N2CCS(=O)(=O)CC2)CC1
OCNT-2310837,CYP3A4,4.657391845,3.71401295683492,4,MURCKO::c1ccc(-c2nc(C3CCCN(c4ccncn4)C3)n[nH]2)cc1
OCNT-2310839,CYP3A4,4.221361153,4.1871867233237055,4,MURCKO::O=S(=O)(NCCc1ncccn1)c1ccccc1
OCNT-2310845,CYP3A4,4.87844303,4.305959536389703,2,MURCKO::O=S(=O)(Nc1ccc2c(c1)CCN2)c1ccccc1
OCNT-2310851,CYP3A4,3.836926565,4.084612970242372,1,MURCKO::O=C(Cc1ccccc1)N1CCC(c2nnc3ccccn23)CC1
OCNT-2310854,CYP3A4,4.37040202,3.88119743884592,1,MURCKO::O=C(CNc1ccccc1)N1CCC(c2noc3ccccc23)CC1
OCNT-2310858,CYP3A4,4.336435115,3.699577016227702,3,MURCKO::O=C(Nc1cccc(N2CCOCC2)c1)c1cnc(OCC2CC2)cn1
OCNT-2310859,CYP3A4,4.883709977,4.49853154260257,1,MURCKO::c1ccc(N2CCN(c3ncnc4c3CCCC4)CC2)cc1
OCNT-2310867,CYP3A4,4.257986495,4.084035590442452,2,MURCKO::O=C(NCc1ccccc1)c1ccn[nH]1
OCNT-2310868,CYP3A4,4.08054416,4.17516988757146,0,MURCKO::O=C(NS(=O)(=O)c1cccnc1)C1CC=CCC1
OCNT-2310885,CYP3A4,4.342342805,4.161176103804456,2,MURCKO::O=C(CN1CCN(c2ccccn2)CC1)N1CCN(c2cnccn2)CC1
OCNT-2310893,CYP3A4,2.130210358,4.245391054966176,2,MURCKO::O=C1NCCCC1C(=O)Nc1cnn(CC2CCCO2)c1
OCNT-2310899,CYP3A4,5.14142942,4.6830807374599805,0,MURCKO::O=C(NCc1c[nH]nn1)N1CCC(Cc2ccccc2)CC1
OCNT-2310901,CYP3A4,5.774263255,5.24843290790759,0,MURCKO::O=C(Nc1ccccc1)c1nc2cnccc2s1
OCNT-2310904,CYP3A4,2.25979485,4.297527374038981,4,MURCKO::O=C(c1ccc2c(c1)[nH]c(=O)n2C1CC1)N1CCS(=O)(=O)C2CCCC21
OCNT-2310907,CYP3A4,3.65180618,3.972152009474225,3,MURCKO::O=C1NCCc2ccc(NC(=O)c3coc4ccccc34)cc21
OCNT-2310910,CYP3A4,3.572555593,3.635929533946047,3,MURCKO::O=C(NC1CCN(C(=O)c2ccccc2)CC1)c1ccoc1
OCNT-2310911,CYP3A4,3.502739865,3.8914790175134684,1,MURCKO::O=C1COc2c(cccc2C(=O)N2CCCC(n3cncn3)C2)N1
OCNT-2310917,CYP3A4,4.301574933,3.5352779549772233,4,MURCKO::O=C(Nc1ccc2[nH]ncc2c1)c1nccc2ccccc12
OCNT-2310927,CYP3A4,4.532240928,3.7881001114890602,3,MURCKO::O=C(c1ccco1)N1CCC(Nc2ncnc3ccccc23)CC1
OCNT-2310928,CYP3A4,3.966478497,3.529773237320448,3,MURCKO::O=C(Nc1ccccc1)c1ccc(-n2cnnc2)cc1
OCNT-2310932,CYP3A4,3.700532,4.381793164550062,4,MURCKO::O=C(Nc1cccnc1)c1ccccc1
OCNT-2310935,CYP3A4,5.10643106,3.800831564108189,1,MURCKO::O=S(=O)(Nc1c[nH]nc1C1CCCCC1)c1ccc2c(c1)CCC2
OCNT-2310939,CYP3A4,4.137529103,3.688176167763416,2,MURCKO::O=C(Cc1ccccc1)N1CCN(Cc2cn(-c3ccccc3)nn2)CC1
OCNT-2310945,CYP3A4,6.337594522,4.4949654588249475,2,MURCKO::c1ccc(CCN2CCN(c3ccncn3)CC2)cc1
OCNT-2310946,CYP3A4,4.994726167,3.959928746364271,3,MURCKO::O=C(c1ccc(NC2CC2)nc1)N1CCN(c2ccncn2)CC1
OCNT-2310952,CYP3A4,2.03758533,5.733972471221614,3,MURCKO::O=C(NC1CN(C(=O)NCc2ccccc2)C1)C1CC1
OCNT-2310953,CYP3A4,5.87039775,4.032126424060937,1,MURCKO::O=C(c1cccc2[nH]cnc12)N1Cc2ccccc2C2(CC2)C1
OCNT-2310967,CYP3A4,5.543811235,4.345549797252615,0,MURCKO::O=C(NCc1ccncc1)c1cnc2cccnn12
OCNT-2310968,CYP3A4,3.902560783,4.516773109083987,4,MURCKO::O=C(NCc1ccc(Cn2cncn2)cc1)N1CCCC2(CCOCC2)C1
OCNT-2310969,CYP3A4,4.077384698,4.693837006999747,1,MURCKO::c1ccc(Cn2cnc(CNc3ncnc4[nH]cnc34)n2)cc1
OCNT-2310970,CYP3A4,2.319412293,4.361099046557978,0,MURCKO::O=C(C1CCCCN1C(=O)c1ccccc1)N1CCOCC1
OCNT-2310974,CYP3A4,4.97559505,3.497046710797998,3,MURCKO::O=C(Nc1ccc2[nH]ncc2c1)c1ccn(-c2ccccc2)n1
OCNT-2310979,CYP3A4,5.824724083,3.7585686629329706,0,MURCKO::O=C(Nc1cnn(-c2ccccc2)c1)c1ccc(-n2cncn2)cc1
OCNT-2310987,CYP3A4,4.017989577,4.18823801252947,4,MURCKO::O=C(NC1(c2ccccc2)CCOCC1)c1cc(C2CC2)[nH]n1
OCNT-2310988,CYP3A4,7.186665953,4.54030519259536,0,MURCKO::O=C(Cc1c[nH]c2ncccc12)NCc1ccc(-n2ccnc2)cc1
OCNT-2310989,CYP3A4,5.552376012,4.759883302135769,3,MURCKO::O=C(Cc1ccccc1)NCCc1c[nH]cn1
OCNT-2311004,CYP3A4,3.618248025,3.8172400184174826,1,MURCKO::O=C(NC1CCCCC1)c1ccccc1
OCNT-2311009,CYP3A4,2.68710448,3.473760787681414,2,MURCKO::O=C(Nc1ccc(N2CCOCC2)cn1)c1cn(-c2ccccc2)nn1
OCNT-2311016,CYP3A4,4.572986923,4.182761727940292,1,MURCKO::O=C(Cc1c[nH]c2ccccc12)N1CCc2ccccc21
OCNT-2311018,CYP3A4,2.030110115,3.9856671779164405,3,MURCKO::O=C(Nc1nnc[nH]1)c1ccnc(N2CCCC2)n1
OCNT-2311024,CYP3A4,2.251027623,4.084713802207318,2,MURCKO::O=C(Cc1cn[nH]c1)Nc1ccc2c(c1)CCC(=O)N2
OCNT-2311028,CYP3A4,4.133092572,4.46682788365341,3,MURCKO::O=C(NCCc1cccnc1)C1CCN(C(=O)N2CCCC2)CC1
OCNT-2311031,CYP3A4,1.973443305,4.254865165569228,2,MURCKO::O=C(CCc1nccs1)Nc1nnc[nH]1
OCNT-2311032,CYP3A4,5.19111785,4.361466181386103,3,MURCKO::c1ccc2c(NC3CCN(c4ccncn4)CC3)ncnc2c1
OCNT-2311034,CYP3A4,3.810000637,3.406742099629588,0,MURCKO::O=C(NCc1nccs1)c1cn[nH]c1
OCNT-2311042,CYP3A4,4.665653545,4.2543776290909365,1,MURCKO::O=C(Nc1cccc2[nH]ccc12)C1CCCN1C(=O)Cc1ccccc1
OCNT-2311050,CYP3A4,3.165842103,4.0674495044744825,1,MURCKO::O=C(NC1CCCC1)c1ccc(NC(=O)c2ccc[nH]c2=O)cc1
OCNT-2311055,CYP3A4,2.767265615,3.6765766498044443,3,MURCKO::O=C(NC1CNC1)c1ccc(-c2ccccc2)[nH]1
OCNT-2311060,CYP3A4,4.433826547,3.571551103063658,0,MURCKO::c1cc(N2CCN(c3ccc4nccnc4n3)CC2)ncn1
OCNT-2311075,CYP3A4,2.484979553,3.779922170955852,2,MURCKO::O=C(c1ccc2cccnc2c1)N1CCC1
OCNT-2311081,CYP3A4,4.553555337,4.404606432605927,3,MURCKO::O=c1[nH]c2ccc(S(=O)(=O)NCCc3nccc(C4CC4)n3)cc2[nH]1
OCNT-2311087,CYP3A4,4.020250362,3.7173424274786093,4,MURCKO::O=C(CCn1c(=O)[nH]c2ccccc21)Nc1ccncc1
OCNT-2311088,CYP3A4,5.15852155,3.7683987365146328,2,MURCKO::c1ccc2[nH]c(-c3noc(C4CC5CCC4O5)n3)cc2c1
OCNT-2311090,CYP3A4,4.322184425,3.6723711502667835,0,MURCKO::c1ccc(-n2nnc3c2CCN(CCc2ccc4c(c2)CCO4)C3)cc1
OCNT-2311092,CYP3A4,5.711437672,4.087084800365451,4,MURCKO::O=C(Nc1ccccc1)c1cnn(-c2cccnc2)c1
OCNT-2311094,CYP3A4,5.159339423,3.7654519607983037,2,MURCKO::c1cncc(CNc2ncnc3c2CCCC3)c1
OCNT-2311095,CYP3A4,5.01656615,4.742896559204248,2,MURCKO::O=C(Cc1cc2ccccc2[nH]1)NS(=O)(=O)c1ccccc1
OCNT-2311097,CYP3A4,4.69557903,4.069074171450317,4,MURCKO::O=C(Nc1cccc(-c2cn3ccccc3n2)c1)Nc1cc[nH]n1
OCNT-2311107,CYP3A4,4.053108553,3.7444757063028917,0,MURCKO::O=C(NCc1cc[nH]n1)c1ccc(-c2cc[nH]n2)s1
OCNT-2311117,CYP3A4,5.746158982,4.595298313339251,1,MURCKO::O=C(NC1CCNCC1)C1CCCCC1
OCNT-2311128,CYP3A4,3.580244055,3.8699920481208405,2,MURCKO::O=C(NC1CCOC1c1cccnc1)c1cc[nH]c(=O)c1
OCNT-2311132,CYP3A4,4.428010695,3.7298380852611865,1,MURCKO::O=C(c1cccc2ccoc12)N1CCC(c2nnn[nH]2)CC1
OCNT-2311134,CYP3A4,4.987116077,4.649727388141361,0,MURCKO::O=C(c1coc2ccccc12)N1CCOC2(CCc3ccccc32)C1
OCNT-2311135,CYP3A4,4.903122243,3.6049025896390234,0,MURCKO::c1ccc(-n2cc(Cn3cccn3)cn2)cc1
OCNT-2311150,CYP3A4,3.98819806,4.34570623025634,4,MURCKO::O=C(Nc1cc(C2CCOCC2)[nH]n1)c1ccc(S(=O)(=O)C2CCC2)cc1
OCNT-2311152,CYP3A4,4.89535215,3.530445482011396,0,MURCKO::O=C(Cn1cnc2cncnc21)Nc1nccs1
OCNT-2311155,CYP3A4,4.945423975,4.698302322263885,2,MURCKO::c1ccc(-c2nc(CNCc3ccn[nH]3)cs2)cc1
OCNT-2311162,CYP3A4,3.55631041,3.915137439530466,1,MURCKO::O=C1CCc2ccc(NS(=O)(=O)c3ccnn3C3CCC3)cc2N1
OCNT-2311164,CYP3A4,2.523636012,3.6319207312107595,4,MURCKO::O=C(Nc1[nH]nc2c1CCCC2)c1cc[nH]n1
OCNT-2311166,CYP3A4,3.655340798,3.8389749216209212,2,MURCKO::O=C(Nc1cccc(-c2nnc[nH]2)c1)c1cc[nH]n1
OCNT-2311175,CYP3A4,4.199997547,3.8800637631882124,0,MURCKO::O=C(NCc1ccccc1)c1ccnc(N2CCOCC2)n1
OCNT-2311178,CYP3A4,3.541061135,4.31904689610647,4,MURCKO::O=C(c1cc2cccnc2s1)N1CCN(c2ccncn2)CC1
OCNT-2311180,CYP3A4,4.370502635,3.8841488698196263,3,MURCKO::O=C1CCCN1c1ccc(NS(=O)(=O)c2cccnc2)cc1
OCNT-2311182,CYP3A4,4.033958317,4.064777687299815,1,MURCKO::O=C(Nc1cn[nH]c1)c1ccc(-c2ccco2)nc1
OCNT-2311185,CYP3A4,3.71226643,3.973155921527923,3,MURCKO::O=C(Cc1ccc2c(c1)COCC2)NS(=O)(=O)c1ccccc1
OCNT-2311187,CYP3A4,5.8484545,4.160481226986427,3,MURCKO::O=S(=O)(NCCc1cccc2ccccc12)c1ccccc1
OCNT-2311197,CYP3A4,2.02771489,3.63855461296811,4,MURCKO::O=c1[nH]ccc2ccccc12
OCNT-2311199,CYP3A4,3.277311865,3.938394377984341,3,MURCKO::O=C(Nc1ccc(-n2nc[nH]c2=O)cc1)c1ccc(CN2CCCC2=O)cc1
OCNT-2311200,CYP3A4,2.809871705,3.945058093428498,3,MURCKO::O=C(Nc1cccnc1)c1cc[nH]c(=O)c1
OCNT-2311215,CYP3A4,5.012589525,3.8942123227043965,0,MURCKO::O=C(Nc1ccc(-c2nc3ccccc3[nH]2)cc1)c1ccccc1
OCNT-2311220,CYP3A4,3.745900537,3.8458406174393227,4,MURCKO::O=C1CN(C(=O)NCc2cccc(-c3ccccn3)c2)C2CCCCC2N1
OCNT-2311235,CYP3A4,4.2927049,4.709218471376177,0,MURCKO::O=C(Nc1cnn(Cc2ccncc2)c1)c1cnc2n1CCCC2
OCNT-2311239,CYP3A4,4.08648127,4.358731499883271,0,MURCKO::O=C(C1CCCN1C(=O)c1ccccc1)N1CCC(Oc2cccnc2)C1
OCNT-2311249,CYP3A4,5.348730325,4.458882832072668,1,MURCKO::O=C(Nc1cccc(-n2nnnc2C2CC2)c1)C(=O)N1CC2CCCC1C2
OCNT-2311250,CYP3A4,4.370416048,4.423886398155561,1,MURCKO::O=C(NC1CCCC1Oc1cn[nH]c1)c1ncoc1C1CC1
OCNT-2311252,CYP3A4,4.144754125,3.841732698211462,0,MURCKO::c1ccc2c(N3CCN(CCc4cnccn4)CC3)ncnc2c1
OCNT-2311255,CYP3A4,4.963333955,4.295341415608203,0,MURCKO::O=C(COc1ccccc1)NCCc1ccncc1
OCNT-2311259,CYP3A4,2.81226268,4.007157321522074,3,MURCKO::O=C(CCN1C(=O)CCC1=O)N1CCC(Cc2ccccc2)CC1
OCNT-2311263,CYP3A4,2.061155022,3.9363994069537327,2,MURCKO::O=C(CNC(=O)Nc1ccccc1)NC1CCCn2ncnc21
OCNT-2311268,CYP3A4,4.732893935,3.579871807871106,4,MURCKO::O=C(Nc1ccn[nH]1)c1cc(-c2ccccc2)n(-c2ccccc2)n1
OCNT-2311289,CYP3A4,4.06602255,4.445661629470907,0,MURCKO::O=C(Cc1coc2ccccc12)NCC1CCS(=O)(=O)C1
OCNT-2311291,CYP3A4,4.25505698,4.493347763613443,0,MURCKO::O=C(c1sccc1C1CC1)N1CCC(C(=O)N2CCCCC2)CC1
OCNT-2311293,CYP3A4,2.159839322,4.727098849254,2,MURCKO::c1nc(N2CCC(C3CCCO3)CC2)c2cn[nH]c2n1
OCNT-2311294,CYP3A4,2.033033305,3.958776959737716,0,MURCKO::O=C(c1c[nH]c(=O)[nH]c1=O)N1CCNCC1
OCNT-2311303,CYP3A4,2.237064005,3.725233009675256,0,MURCKO::O=C(NCC1CCC(c2ncn[nH]2)O1)c1cccnc1C1CC1
OCNT-2311306,CYP3A4,3.529890103,3.9891572807170563,4,MURCKO::O=C(CN1Cc2ccccc2C1=O)NCc1cnn(CC2CCC2)c1
OCNT-2311309,CYP3A4,2.771526065,4.404017582481333,0,MURCKO::O=C1CCC(NC(=O)c2cc(C3CC3)nc3ccccc23)CN1
OCNT-2311310,CYP3A4,2.839482715,4.23596166934144,1,MURCKO::O=C(NCc1c[nH]cn1)C1CCC(=O)N1Cc1ccccc1
OCNT-2311316,CYP3A4,4.993338912,3.9226483914110135,2,MURCKO::O=C(NCc1nccn1-c1ccccc1)NCC1CCCC12CC2
OCNT-2311320,CYP3A4,5.38287681,5.3077789019686605,3,MURCKO::O=C(Cc1n[nH]c2c1CCCC2)N1CCc2ccccc21
OCNT-2311328,CYP3A4,4.91464548,3.795006715078744,0,MURCKO::O=C(c1cnc2ccoc2c1)N(Cc1ccccn1)Cc1ccccn1
OCNT-2311337,CYP3A4,2.119669222,3.473878024019913,2,MURCKO::O=C(c1ccccc1)N1CCNCC1
OCNT-2311376,CYP3A4,4.95506759,3.9488416007282927,2,MURCKO::O=c1[nH]c2ccccc2c(=O)n1Cc1ccccc1
OCNT-2311379,CYP3A4,2.00208499,3.5677715970030914,0,MURCKO::O=C(NCC1CCCC1)c1ccc(=O)[nH]n1
OCNT-2311381,CYP3A4,3.731261645,3.886582433202482,0,MURCKO::O=C1CCC(=O)N1CCCNc1ccnc(C2CCC2)n1
OCNT-2311382,CYP3A4,4.516093178,3.768150484870474,4,MURCKO::O=C(Cn1ccc2ccccc21)Nc1cccc(N2C(=O)CNC2=O)c1
OCNT-2311392,CYP3A4,5.003049945,3.669865294905533,0,MURCKO::O=C(c1cnn2cccnc12)N1CCCC(n2ccnn2)C1
OCNT-2311402,CYP3A4,3.483314305,3.3291150817452704,3,MURCKO::O=C1NC(=O)C(c2cccc(C(=O)NC3CC=CCC3)c2)N1
OCNT-2311403,CYP3A4,4.494065735,3.9606932568593556,0,MURCKO::O=C(NCCc1nc2c(s1)COCC2)c1c[nH]c2ccccc12
OCNT-2311419,CYP3A4,4.402646615,4.285663316838187,4,MURCKO::O=C(OCc1cc(=O)oc2ccccc12)c1cc2[nH]c(-c3ccccc3)cc(=O)n2n1
OCNT-2311435,CYP3A4,4.409767783,4.24369164323453,0,MURCKO::O=C(c1ccccn1)N1CCOc2ccccc2C1
OCNT-2311437,CYP3A4,5.39512529,4.054146899593719,0,MURCKO::O=C(CCCOc1ccc2c(c1)CCC(=O)N2)Nc1cccc(Oc2ccccc2)c1
OCNT-2311447,CYP3A4,4.38444001,3.5611274657273846,4,MURCKO::O=C(c1ccccc1)N1CCCC(c2ncon2)C1
OCNT-2311457,CYP3A4,3.867359603,4.226400914301902,3,MURCKO::O=C(c1ccc[nH]c1=O)N1CCC(Oc2ccccc2)CC1
OCNT-2311461,CYP3A4,4.197104865,3.9207000478543073,4,MURCKO::O=C(Cc1cc[nH]n1)Nc1ccc2cc[nH]c2c1
OCNT-2311474,CYP3A4,4.02577647,3.6483815659103436,3,MURCKO::O=C(Nc1ccccc1)c1cn[nH]c1
OCNT-2311488,CYP3A4,2.17315635,3.459956367495713,2,MURCKO::c1ccc(N2CCN(CC3CC3)CC2)cc1
OCNT-2311489,CYP3A4,2.22195716,4.086981877862014,3,MURCKO::c1ccc(-c2cn(-c3ccccc3)nn2)cc1
OCNT-2311490,CYP3A4,2.4064333,3.994268865893866,4,MURCKO::O=C(c1ccccc1)N1CCCCC1
OCNT-2311498,CYP3A4,3.367505035,4.29873159424267,2,MURCKO::O=C(c1cc[nH]n1)N1CCC(Cc2ccccc2)CC1
OCNT-2311500,CYP3A4,4.425468122,3.922000021067036,1,MURCKO::O=C(NCc1ccc2[nH]c(=O)[nH]c2c1)c1cn(-c2ccccc2)nn1
OCNT-2311501,CYP3A4,4.983913897,4.213580084493318,3,MURCKO::O=C1Cc2ccccc2C(=O)N1Cc1cnoc1
OCNT-2311502,CYP3A4,2.21678377,3.7955006795210036,4,MURCKO::O=C(Nc1cc[nH]c1)C1CCCCC1C(=O)N1CCCC1
OCNT-2311507,CYP3A4,2.052655422,3.5465050298309486,0,MURCKO::O=C(Cn1cccn1)NCc1ccccc1
OCNT-2311516,CYP3A4,2.528821815,3.762157602420742,1,MURCKO::O=C(NCCc1ccccc1)c1cnc2n1CCCC2
OCNT-2311517,CYP3A4,4.990687795,4.060606106345928,3,MURCKO::O=C(c1c[nH]cn1)N1CCC(Oc2ccccc2)CC1
OCNT-2311533,CYP3A4,2.588934455,3.6139569851120035,1,MURCKO::O=C(C1CCCN1)N1CCCC1c1ccccc1
OCNT-2311534,CYP3A4,5.297393805,3.5262601773331386,0,MURCKO::O=C(Cc1ccc(-n2cnnn2)cc1)NC1CCCc2ccccc21
OCNT-2311537,CYP3A4,3.35037278,3.5694025190408585,2,MURCKO::O=C(Cc1cc2ccccc2o1)N1CCC(C2CCCO2)CC1
OCNT-2311540,CYP3A4,4.538519843,3.886645614644353,1,MURCKO::O=C(Cc1cn[nH]c1)N1CCC1c1ccccc1
OCNT-2311552,CYP3A4,4.661321928,3.88265474591613,0,MURCKO::O=C(NCc1nc2c([nH]1)CCCC2)c1conc1-c1ccccn1
OCNT-2311556,CYP3A4,2.893924045,4.228527961433221,3,MURCKO::O=C(NCc1ccncc1)N1CCCCC1
OCNT-2311569,CYP3A4,3.121036838,3.7347781777327977,4,MURCKO::O=C(c1cccc2[nH]ccc12)N1CCCCC1
OCNT-2311571,CYP3A4,1.918085225,4.1056694577014055,2,MURCKO::O=C1C(n2ccnn2)CCCN1c1cn[nH]c1
OCNT-2311573,CYP3A4,5.579058435,4.295279945080849,0,MURCKO::c1ccc(CC2CCCN2c2ccncn2)cc1
OCNT-2311596,CYP3A4,5.323711023,4.523977780467521,2,MURCKO::O=C(c1cccnc1N1CCC(c2nc3ccccc3[nH]2)CC1)N1CCc2ccccc21
OCNT-2311600,CYP3A4,4.434909635,4.230924199599444,2,MURCKO::O=C(c1cc[nH]n1)N1CCC(Oc2cnccn2)CC1
OCNT-2311615,CYP3A4,4.299874642,4.047270889797469,4,MURCKO::O=C(c1cccs1)N1CC(c2ccccc2)C2CCCC21
OCNT-2311619,CYP3A4,3.419543963,3.875766549814558,2,MURCKO::O=c1[nH]nc(CNCC2=NOCC2)c2ccccc12
OCNT-2311620,CYP3A4,2.886437125,4.546374414224092,3,MURCKO::O=C(Cc1ccccc1)NCC1CCS(=O)(=O)C1
OCNT-2311630,CYP3A4,3.92657747,4.480608967496983,1,MURCKO::O=C(c1cnco1)N1CCCC2(CCOCC2)C1
OCNT-2311635,CYP3A4,5.785632915,4.476239353478262,1,MURCKO::O=C(Nc1nc(-c2cc[nH]c2)cs1)c1ccccc1
OCNT-2311637,CYP3A4,5.205857342,3.9951124678674055,0,MURCKO::O=C(c1ccc2noc(-c3ccccc3)c2c1)N1CCOC(c2ccccc2)C1
OCNT-2311656,CYP3A4,3.88967099,3.8040526792105176,1,MURCKO::N=S1(=O)CCC(NC(=O)c2cn[nH]c2Cc2ccccc2)c2ccccc21
OCNT-2311664,CYP3A4,3.4912619,4.452480975059496,4,MURCKO::O=C(Nc1ccc(-n2ccnc2)cc1)C1CC=NO1
OCNT-2311665,CYP3A4,4.69983508,4.345824988496976,1,MURCKO::O=C(NCCN1CCNC1=O)Nc1ccc(NC(=O)c2ccc3c(c2)OCO3)cc1
OCNT-2311681,CYP3A4,4.866574908,3.5463216252933294,3,MURCKO::O=C(NCCNC(=O)c1c[nH]nc1-c1ccccc1)c1ccccc1
OCNT-2311688,CYP3A4,4.433561283,4.153666472594684,0,MURCKO::O=C(Nc1cn[nH]c1)c1ccc2ccnn2c1
OCNT-2311697,CYP3A4,6.006745022,4.797268993419323,4,MURCKO::O=C(Nc1ccncc1)N1CCCCC1Cc1ccccc1
OCNT-2311721,CYP3A4,5.291962068,4.730299416183147,0,MURCKO::O=C1CCCc2cc(NCc3csc(COc4ccccc4)n3)ccc2N1
OCNT-2311722,CYP3A4,4.345515533,4.4255411053046565,3,MURCKO::O=C(NCc1ccccc1)N1CCN(c2nncs2)CC1
OCNT-2311731,CYP3A4,5.580164198,5.67756848141263,2,MURCKO::O=C(NC1CCC(Cn2ccnc2)C1)c1ccc(C2=CCCC2)cc1
OCNT-2311732,CYP3A4,5.876757645,4.339179294002597,4,MURCKO::O=C(NC(Cc1ccccc1)C1CC1)c1nn[nH]c1C1CC1
OCNT-2311737,CYP3A4,4.48398643,3.81698112468707,0,MURCKO::O=C(NC1CC=C(c2ccccc2)CC1)C1CSCN1
OCNT-2311751,CYP3A4,4.934695963,4.124403969665558,2,MURCKO::O=C(Nc1n[nH]c2ccccc12)c1csc(CC2CCNC2)n1
OCNT-2311752,CYP3A4,5.089682045,4.4792628597438835,1,MURCKO::O=S(=O)(Nc1cccnc1)c1cccc2cccnc12
OCNT-2311756,CYP3A4,5.120539805,3.6719064594566397,1,MURCKO::O=C(NCCc1coc(-c2ccccc2)n1)c1ccc[nH]c1=O
OCNT-2311758,CYP3A4,2.835372463,3.6837580951008557,3,MURCKO::O=C(c1nn[nH]c1C1CC1)N1CCc2ncncc2C1
OCNT-2311762,CYP3A4,4.15447882,4.216056671853858,3,MURCKO::c1ccc2c(N3CCCC(c4cc[nH]n4)C3)ncnc2c1
OCNT-2311771,CYP3A4,2.299154908,4.073672816871102,1,MURCKO::O=C(Nc1nccs1)N1CCCC1c1cn[nH]c1
OCNT-2311773,CYP3A4,3.756496772,4.526234246145348,4,MURCKO::O=C(NCCC1CN(c2ncnc3[nH]ncc23)c2ccccc21)c1cccn2c(=O)[nH]nc12
OCNT-2311781,CYP3A4,3.376836547,3.758959352530023,2,MURCKO::O=C(Cc1cccnc1)NCc1nc(-c2ccco2)n[nH]1
OCNT-2311782,CYP3A4,4.329659763,4.571362419375041,1,MURCKO::O=C(NC1CCCCC1)N1CCN(Cc2ccccc2)CC1
OCNT-2311786,CYP3A4,2.21112831,3.5993250770347007,2,MURCKO::O=c1[nH]ncc2ccccc12
OCNT-2311790,CYP3A4,5.290832133,4.770982291686207,4,MURCKO::O=C(Nc1ccccc1)c1cccc2c1NCCC2
OCNT-2311792,CYP3A4,2.941186973,4.286423252872435,0,MURCKO::O=S(=O)(NC1CC1)c1ccc(-n2cccn2)cc1
OCNT-2311800,CYP3A4,5.051168503,3.5768322680481313,3,MURCKO::c1ccc(-c2n[nH]cc2CN2CCOC3(CCC3)C2)cc1
OCNT-2311803,CYP3A4,2.272256023,3.5842475610768774,0,MURCKO::O=C1NCCCn2cc(C(=O)N3c4ccccc4C4CNCCC43)cc21
OCNT-2311806,CYP3A4,5.222497227,4.543258889685754,4,MURCKO::c1ccc(NCC2CCC2)cc1
OCNT-2311818,CYP3A4,2.355650435,3.7611317976492535,0,MURCKO::O=C(COC(=O)Cc1n[nH]c(=O)c2ccccc12)NCC1CCOC1
OCNT-2311819,CYP3A4,6.050932363,4.691676506908486,3,MURCKO::O=C(Nc1ccccc1)c1ccc(NS(=O)(=O)c2ccccc2)cc1
OCNT-2311823,CYP3A4,4.683888738,4.9179979617494585,2,MURCKO::O=C1NCc2cc(C(=O)NC3CCC(Cn4ccnc4)C3)ccc2N1
OCNT-2311826,CYP3A4,2.872159712,3.7835415368956795,2,MURCKO::O=C(NC1CCN(c2ccccc2)C1=O)c1n[nH]c(=O)c2ccccc12
OCNT-2311829,CYP3A4,2.11320451,3.968067467294744,1,MURCKO::O=C(NCC1COCCN1)c1ccc2nc[nH]c(=O)c2c1
OCNT-2311832,CYP3A4,5.849145293,4.408933692631346,1,MURCKO::O=C(CCc1c(-c2ccccc2)[nH]c2ccccc12)N1CCCC(n2cccn2)C1
OCNT-2311834,CYP3A4,5.128671577,3.860147126051601,0,MURCKO::O=C(CCc1c[nH]c2ccccc12)N1CC(c2ccccc2)C1
OCNT-2311846,CYP3A4,2.257770208,4.412676422211402,1,MURCKO::O=C(c1cc2ncccc2[nH]1)N1CCCC1
OCNT-2311862,CYP3A4,4.332681897,4.014962511932718,0,MURCKO::O=C(NCc1ncno1)N1CCC(c2cccc3ccccc23)CC1
OCNT-2311864,CYP3A4,4.80070957,4.097750770644189,1,MURCKO::c1ccc(N2CCC3(CCC3)C2)cc1
OCNT-2311886,CYP3A4,3.721936057,3.8152334291501626,4,MURCKO::O=C(NC1CCC1)NC1CCCN(c2ccn[nH]2)C1=O
OCNT-2311887,CYP3A4,4.851009367,3.869105769295683,3,MURCKO::O=C(c1ccc2c(=O)[nH]cnc2c1)N1CCC(c2c[nH]c3ccccc23)CC1
OCNT-2311888,CYP3A4,2.163000795,3.8656305067762675,1,MURCKO::O=C(NC1CCSc2ccccc21)c1ccccc1
OCNT-2311890,CYP3A4,5.317936325,3.67413518949021,2,MURCKO::c1ccc(-c2nc3ccccc3[nH]2)cc1
OCNT-2311902,CYP3A4,3.813084453,4.7712657971772385,0,MURCKO::O=C(NCc1ccccc1-c1ccncc1)N1CCCC1
OCNT-2311915,CYP3A4,2.375981097,3.8803671467329126,2,MURCKO::O=C1NCC2(CCN(C(=O)c3ccc4nncn4c3)CC2)Oc2ccccc21
OCNT-2311918,CYP3A4,5.073868098,5.053959066207554,0,MURCKO::O=C(NCC1CCN(c2ccccc2)C1)N1CCCCC1
OCNT-2311920,CYP3A4,5.403068218,3.98768603477761,4,MURCKO::O=S(=O)(Nc1cc[nH]n1)c1c[nH]c2ccccc12
OCNT-2311925,CYP3A4,2.992970592,4.740218077574747,1,MURCKO::O=C(c1ccc(-c2ccncc2)[nH]c1=O)N1CC2(CCOCC2)C2CCCC21
OCNT-2311934,CYP3A4,3.889417665,4.368002970387073,4,MURCKO::O=C(NCCc1ccccc1)Nc1ccccc1
OCNT-2311938,CYP3A4,2.518610175,4.251981314848195,2,MURCKO::O=C(CCCOc1ccccc1)N1CCCC1
OCNT-2311955,CYP3A4,3.655085287,4.053011573020858,2,MURCKO::O=C(Nc1ccc(-n2nccn2)nc1)N1CCCC(Cc2ncc[nH]2)C1
OCNT-2311958,CYP3A4,3.642061443,4.041981652115972,4,MURCKO::O=C(Cc1cnn(CC2CC2)c1)Nc1cc[nH]n1
OCNT-2311961,CYP3A4,4.343044185,4.196161792604654,1,MURCKO::O=C(Nc1cccc(N2CCNCC2)c1)c1cccc2cn[nH]c12
OCNT-2311976,CYP3A4,3.785388597,3.9689416005305724,3,MURCKO::O=C(NCCc1coc(-c2ccccc2)n1)C12CCC(CC1)C2
OCNT-2311984,CYP3A4,4.08936284,4.046936872421057,0,MURCKO::O=C(Nc1cn[nH]c1)c1cc2ccccc2[nH]1
OCNT-2311985,CYP3A4,5.19923446,3.798496285151964,0,MURCKO::c1ccc(Cn2cc(-c3cccnc3)nn2)cc1
OCNT-2311993,CYP3A4,4.578677465,4.493087319988392,2,MURCKO::O=C(NCc1ccccc1)N1CCC(c2nc3ccccc3[nH]2)CC1
OCNT-2311995,CYP3A4,3.43191598,3.779442313552275,3,MURCKO::O=C(c1c[nH]cn1)N1CCN(c2ccccc2)CC1
OCNT-2312000,CYP3A4,4.596328095,4.29703959820545,4,MURCKO::O=C(Cc1cc(C2CC2)on1)N1CC(c2ccccc2)C1
OCNT-2312002,CYP3A4,4.431101178,3.713043509348391,2,MURCKO::O=S(=O)(c1ccccc1-c1ccccc1)N1CCC2CC21
OCNT-2312009,CYP3A4,5.61093729,4.356580247015036,2,MURCKO::c1ccc(-n2ccc(Cn3cc(C4CC4)nn3)n2)cc1
OCNT-2312027,CYP3A4,4.25994229,3.8105669533951643,4,MURCKO::O=C(Cc1c[nH]c2ccccc12)Nc1cc(N2CCNCC2)ccn1
OCNT-2312029,CYP3A4,5.223583302,3.950087134821068,2,MURCKO::O=C(NCCc1ccccc1)c1cc2cccnc2s1
OCNT-2312045,CYP3A4,2.66553864,4.150995879779441,1,MURCKO::O=C1CN(C(=O)C(c2cccnc2)C2CCCCC2)CN1
OCNT-2312046,CYP3A4,3.273931933,3.8229590595976424,2,MURCKO::O=C(NCC1Cc2ccccc2O1)c1ccccc1
OCNT-2312053,CYP3A4,5.011346778,3.702795361489609,1,MURCKO::c1ccc(-c2nc3cncnc3[nH]2)cc1
OCNT-2312083,CYP3A4,4.436093993,4.234670076147722,3,MURCKO::c1cc2c(c(-c3cn(Cc4cn[nH]c4)nn3)c1)CCCC2
OCNT-2312087,CYP3A4,3.194845533,3.7994686848690864,3,MURCKO::c1ccc(Cn2ccnn2)cc1
OCNT-2312106,CYP3A4,3.82609471,4.8126172326757715,3,MURCKO::O=C(NCCn1ccnc1)c1nc2cnccc2s1
OCNT-2312107,CYP3A4,2.464019985,3.896802374060687,0,MURCKO::c1ncc(-c2cn(CC3COC3)nn2)cn1
OCNT-2312118,CYP3A4,4.218859603,5.4130469752602215,0,MURCKO::O=C(c1ccc(-c2ccncc2)[nH]c1=O)N1CCNCC1c1ccccc1
OCNT-2312145,CYP3A4,6.227752448,4.773141057230882,3,MURCKO::O=C(NCCc1cccnc1)C1(c2ccccc2)CC1
OCNT-2312148,CYP3A4,5.942586037,4.558368714935835,3,MURCKO::O=C(c1ccc(-c2c[nH]cn2)cc1)N1CCNC(Cc2ccccc2)C1
OCNT-2312156,CYP3A4,5.433437555,5.047003407528722,3,MURCKO::O=C(Nc1ncc(C2CC2)s1)c1cccn1C1CCCC1
OCNT-2312161,CYP3A4,5.445329992,4.591728119713869,4,MURCKO::O=C(N1CCC(Cn2cncn2)CC1)C1(c2ccccc2)CCCC1
OCNT-2312168,CYP3A4,4.55161762,3.611633895206838,2,MURCKO::O=C(NCc1ccc(NC(=O)c2ccccc2)cc1)c1ccc(CN2CCCC2=O)cc1
OCNT-2312173,CYP3A4,4.467026628,4.587183920674834,0,MURCKO::O=S1(=O)CCCC(c2cn(Cc3ccccc3)nn2)C1
OCNT-2312218,CYP3A4,3.92157747,3.6149356973489417,0,MURCKO::c1ccc(Cn2cc(-c3cn[nH]c3)nn2)cc1
OCNT-2312227,CYP3A4,5.31885993,4.246003567613496,1,MURCKO::c1ccc(Oc2ccccn2)cc1
OCNT-2312233,CYP3A4,2.955284793,4.54610577533253,3,MURCKO::O=S1(=O)CCC(Nc2nnc(-c3c[nH]c4ccccc34)o2)C1
OCNT-2312236,CYP3A4,4.105142895,3.803772784827894,0,MURCKO::O=C(COc1ccccc1)NS(=O)(=O)c1csc(-c2ccccc2)n1
OCNT-2312237,CYP3A4,4.87490824,3.543992245363903,2,MURCKO::O=C(Cc1nc2ncccn2n1)N1CCN(C2CC2)c2ccccc21
OCNT-2312239,CYP3A4,5.008325502,3.780977697072999,3,MURCKO::c1ccc(NCC2(C3CCCCO3)CC2)cc1
OCNT-2312252,CYP3A4,2.031538242,3.273015423305939,3,MURCKO::c1ccc(Cc2cn(Cc3ccccc3)nn2)cc1
OCNT-2312267,CYP3A4,3.836820278,3.5419853550960507,2,MURCKO::c1ccc(CCN2CCN(c3ccncn3)CC2)cc1
OCNT-2312280,CYP3A4,4.692955035,4.452108731516952,2,MURCKO::O=C(NCc1cccc2c1OCC2)c1ccccc1
OCNT-2312288,CYP3A4,5.484399145,4.161180500988744,3,MURCKO::c1ccc(Cn2cc(Cn3cnc(-c4ccccc4)c3)nn2)cc1
OCNT-2312293,CYP3A4,5.29286125,4.843552343229176,0,MURCKO::O=C(Nc1c[nH]nc1-c1nccs1)C1CC(c2ccccc2)C1
OCNT-2312301,CYP3A4,4.19880174,3.70529234315068,0,MURCKO::O=S(=O)(Nc1cccc(Sc2ccccc2)c1)c1cn[nH]n1
OCNT-2312303,CYP3A4,4.724450505,3.852685135653722,2,MURCKO::O=C1CCc2cc(NCc3ccccc3)ccc2N1
OCNT-2312305,CYP3A4,3.74995955,3.936550582306771,3,MURCKO::O=C(NCc1ccc(Oc2ccccc2)nc1)C1OCC2CCCC21
OCNT-2312311,CYP3A4,2.136561533,3.4603549529126045,2,MURCKO::O=C(c1cccn2nnnc12)N1CCCC2(CCOCC2)C1
OCNT-2312317,CYP3A4,2.96482114,3.646856478669058,2,MURCKO::O=C(NCc1n[nH]c(=O)n1C1CC1)c1cccc2cccnc12
OCNT-2312322,CYP3A4,4.952473562,3.464632080222055,3,MURCKO::O=C(c1cc(-c2ccccc2)[nH]n1)N1CCN(c2ccccc2)CC1
OCNT-2312331,CYP3A4,4.235373165,4.237072080443926,2,MURCKO::O=C(NC1CCc2ncccc2C1)c1ccccc1
OCNT-2312337,CYP3A4,5.675257702,4.647360649005435,4,MURCKO::O=C(Cc1cccnc1)NCCc1c[nH]c2ccccc12
OCNT-2312338,CYP3A4,5.198271852,3.8008332943238097,1,MURCKO::O=C(NCC1CCOc2ccccc21)N1CCC(C2CCNC2)CC1
OCNT-2312348,CYP3A4,6.06245664,4.56571554903351,2,MURCKO::O=C(C1Cc2ccccc21)N1CCN(c2ncnc3ccsc23)CC1
OCNT-2312367,CYP3A4,3.21024772,4.098822057636879,2,MURCKO::O=C(c1cccs1)N1CCCCC1c1ncc[nH]1
OCNT-2312368,CYP3A4,4.813022092,4.171399675149451,1,MURCKO::c1ccc2c(N3CCC(Oc4cnccn4)CC3)ccnc2c1
OCNT-2312384,CYP3A4,5.61840484,4.472421882128067,3,MURCKO::O=C(COc1ccccc1)N1CCN(Cc2nc(COc3ccccc3)no2)CC1
OCNT-2312402,CYP3A4,4.263427642,3.826347600254226,1,MURCKO::O=C(NCc1ccc2c(c1)CCO2)NCc1nc(-c2ccco2)n[nH]1
OCNT-2312409,CYP3A4,4.84322006,3.34479757934347,4,MURCKO::O=C(c1ccccc1-n1cnnn1)N1CCC(Cc2ccccc2)C1
OCNT-2312418,CYP3A4,4.71810331,3.955830289655621,1,MURCKO::O=C(NCCc1csc(-c2ccccc2)n1)c1cc(C2CC2)[nH]n1
OCNT-2312427,CYP3A4,3.36999116,3.6954086156838715,1,MURCKO::O=S(=O)(c1ccc2c(c1)NCC2)N1CCNCC1
OCNT-2312434,CYP3A4,4.000060308,3.6451004723521923,2,MURCKO::O=C(Cn1ccc2ccccc21)N1CCc2ccccc2C1
OCNT-2312435,CYP3A4,6.251219898,4.360803003315542,3,MURCKO::O=C(Nc1ccc2oc(=O)n(CC(=O)N3CCCCC3)c2c1)c1ccn[nH]1
OCNT-2312437,CYP3A4,4.785654193,3.8625837279643673,3,MURCKO::O=C1CCC(c2cccc(NC(=O)c3cc(-c4ccccc4)ccn3)c2)N1
OCNT-2312441,CYP3A4,3.910460825,5.054572422452154,4,MURCKO::O=C(CC1CCC1)N1CCCCC1Cc1ccccc1
OCNT-2312444,CYP3A4,4.710454785,3.7466963956319272,1,MURCKO::O=C(NCc1ccccc1)c1ccc2nnc(-c3ccccc3)n2c1
OCNT-2312445,CYP3A4,5.28338795,3.7945887640198386,1,MURCKO::O=C(c1cc(-c2ccccc2)n[nH]1)N1CCOC(c2ccsc2)C1
OCNT-2312449,CYP3A4,3.897178307,4.2480318193581175,2,MURCKO::O=C(Nc1ccccc1)C1CCN(C(=O)C2CCCN2)CC1
OCNT-2312454,CYP3A4,4.313959628,4.439794062979319,3,MURCKO::O=C1NC(=O)C(CNC(=O)c2ccc(Cn3cccn3)s2)(c2ncc[nH]2)N1
OCNT-2312456,CYP3A4,5.17296535,4.23636910636938,0,MURCKO::O=C(Cc1ccccc1)Nc1cccnc1
OCNT-2312460,CYP3A4,3.747001085,5.068154409170825,2,MURCKO::O=C(CN1C(=O)CCOc2ccccc21)Nc1cccnc1
OCNT-2312462,CYP3A4,5.8101924,4.207969723469466,2,MURCKO::O=C(NCc1cnccn1)c1ccccc1-c1ccccc1
OCNT-2312465,CYP3A4,4.662518838,3.9055455317360503,3,MURCKO::O=c1[nH]c2ccc(NS(=O)(=O)c3ccccc3)cc2o1
OCNT-2312466,CYP3A4,2.746786435,4.017064338282368,0,MURCKO::O=C1NC(=O)C2(CCCN(C(=O)CN3C(=O)NC(c4ccccc4)C3=O)C2)N1
OCNT-2312478,CYP3A4,4.653348517,3.9058588420896605,2,MURCKO::O=C(Nc1ccc(-c2cc(=O)[nH]cn2)cc1)N1CC(c2ccccc2)C2CCCC21
OCNT-2312486,CYP3A4,5.166347952,4.536777880377376,4,MURCKO::O=C(NC1CCCN(C(=O)C2Cc3ccccc32)C1)c1ccc2ccccc2c1
OCNT-2312495,CYP3A4,4.787617433,3.7292271037585816,0,MURCKO::O=C(Nc1n[nH]c2ccccc12)c1cnn(-c2ccccc2)c1
OCNT-2312504,CYP3A4,4.982057725,3.58548300163366,3,MURCKO::O=C1NC(=O)C(c2cccc(NC(=O)c3cc4ccccc4[nH]3)c2)N1
OCNT-2312506,CYP3A4,5.61961092,4.058021377427963,1,MURCKO::O=C(NCc1ccccc1)c1ccc2noc(-c3ccccc3)c2c1
OCNT-2312511,CYP3A4,3.84602739,3.8037110832986727,2,MURCKO::O=C(C1CC1c1ccccc1)N1CCC(c2nnn[nH]2)CC1
OCNT-2312522,CYP3A4,4.993356617,4.260747201909085,2,MURCKO::c1ccc(-c2ccnc(N3CCN(CCc4cnccn4)CC3)n2)cc1
OCNT-2312542,CYP3A4,4.82513654,4.4786107635036005,0,MURCKO::O=C(c1ccccc1)N1CCCN(C(=O)c2ccccc2)CC1
OCNT-2312554,CYP3A4,6.936491525,5.149103335468612,2,MURCKO::O=C(NCC1CCc2ccccc21)c1ccnc(-n2ccnc2)c1
OCNT-2312555,CYP3A4,3.5822512,4.144120658519779,0,MURCKO::O=C(Nc1ccc(Oc2ccccc2)nc1)c1ccn[nH]1
OCNT-2312558,CYP3A4,2.66668324,3.729365062943851,3,MURCKO::O=C(NC1CCN(C(=O)c2ccccc2)C1)c1ccn[nH]1
OCNT-2312563,CYP3A4,5.501483087,4.136875664417685,4,MURCKO::O=S(=O)(c1cnn(-c2ccccc2)c1)N1CCCc2ccccc21
OCNT-2312567,CYP3A4,4.345370665,3.8860903064940073,1,MURCKO::O=C(CN1CCOC(c2ccccc2)C1)NCc1ccccn1
OCNT-2312581,CYP3A4,4.665833745,4.356186992599518,0,MURCKO::O=C(NC1CCc2[nH]ncc2C1)c1cnn(Cc2ccccc2)c1
OCNT-2312595,CYP3A4,5.021583918,4.24429336768001,3,MURCKO::O=C(Nc1ccccc1)N1CCCC(c2nc3ccccc3[nH]2)C1
OCNT-2312598,CYP3A4,4.574394202,3.7235216091055,2,MURCKO::O=C1NC(=O)C2(CCCN(C(=O)Cn3c(-c4ccccc4)cc4ccccc43)C2)N1
OCNT-2312601,CYP3A4,2.089793428,4.35506052677561,2,MURCKO::c1nc(Nc2cn[nH]c2)c2nnn(C3CC3)c2n1
OCNT-2312603,CYP3A4,4.166984115,4.043414785877985,2,MURCKO::O=C(Cc1ccccc1)NCC1(c2cn[nH]c2)CCCO1
OCNT-2312604,CYP3A4,5.248214565,3.4868027628304405,4,MURCKO::O=C(NCCc1ccccc1)c1cnn2ccccc12
OCNT-2312606,CYP3A4,5.09727303,4.047561768679417,1,MURCKO::O=C(c1c[nH]c2ccccc12)N1CCC(n2c(=O)[nH]c3ccccc32)CC1
OCNT-2312612,CYP3A4,5.053911242,4.528738406473735,3,MURCKO::O=C(Nc1cc(-c2ccccc2)n[nH]1)c1cccc(-c2cn[nH]c2)c1
OCNT-2312616,CYP3A4,3.97058453,3.9793949157731676,1,MURCKO::O=C(Nc1cccc2c1CCC2)N1CCC(C2CCC2)CC1
OCNT-2312617,CYP3A4,2.13615695,4.351058890750351,1,MURCKO::O=C(Nc1ccccn1)C1CCNCC1
OCNT-2312624,CYP3A4,2.453434783,4.422388328992185,0,MURCKO::O=C(CCCc1nccs1)N1CCC(c2cn[nH]c2)C1
OCNT-2312626,CYP3A4,5.07521693,4.465711410903612,2,MURCKO::O=C(NCc1cn[nH]c1)c1nsc2ccccc12
OCNT-2312630,CYP3A4,4.169420973,3.717261147912496,1,MURCKO::O=C(c1ccc(Oc2cccnc2)cc1)N1CCCC1
OCNT-2312638,CYP3A4,3.589565958,4.456489157205661,3,MURCKO::O=C(Nc1cc(C2CC2)n[nH]1)c1cc2n(n1)CCCO2
OCNT-2312654,CYP3A4,3.077856338,4.067442881522953,0,MURCKO::O=C1CN(C(=O)c2cnn(C3CCC3)c2)c2ccccc2N1
OCNT-2312656,CYP3A4,3.516112773,4.349895856673617,0,MURCKO::O=C(NC1CCOC1)c1ccccc1OCC1CC1
OCNT-2312658,CYP3A4,4.912909038,4.571516590693267,1,MURCKO::O=C(c1nccc2cccnc12)N1CCCC1Cn1ccnc1
OCNT-2312662,CYP3A4,4.65893179,4.346371190249315,1,MURCKO::O=C(CNC1CCCC1)NCCc1c[nH]c2ccccc12
OCNT-2312663,CYP3A4,5.54733069,4.575838565273793,3,MURCKO::O=C(Cc1coc2ccccc12)NC1CCCC1n1ccnc1
OCNT-2312668,CYP3A4,4.414266543,4.15151829573675,2,MURCKO::O=C(NCc1c[nH]cn1)c1ccc(-n2cccn2)cc1
OCNT-2312674,CYP3A4,3.6589752,4.157215549616859,1,MURCKO::O=C1CN(C(=O)CCc2ccccc2)CCCN1
OCNT-2312691,CYP3A4,2.011759725,3.803994517787573,2,MURCKO::O=C(NCc1nnc2n1CCC2)NCc1cnc2ccccn12
OCNT-2312701,CYP3A4,4.72071526,4.239478462828892,2,MURCKO::O=C(NCCC1CCCCC1)c1cccc(-c2cn[nH]c2)c1
OCNT-2312706,CYP3A4,3.98440303,4.175530709683901,2,MURCKO::O=C(Cc1ccccc1)N1CCN(C(=O)c2cccc3c2CCC3)CC1
OCNT-2312707,CYP3A4,4.598900168,4.1141489534906,3,MURCKO::O=C(NCc1ccccc1)N1CCOC(Cn2cccn2)C1
OCNT-2312716,CYP3A4,4.614776755,4.244469175798551,4,MURCKO::O=C(c1ccccc1)N1CCCC(Cc2ccccc2)C1
OCNT-2312720,CYP3A4,4.729411482,4.680452779278488,0,MURCKO::c1cc(-c2noc(C3CC34CCOC4)n2)cc(N2CCCC2)c1
OCNT-2312726,CYP3A4,3.570273268,3.6481157214766293,1,MURCKO::O=C(NC1CCCCC1)c1ccccc1
OCNT-2312728,CYP3A4,3.853981043,4.0007819864442205,3,MURCKO::O=C(CN1CCC(CCN2CCOCC2)CC1)NCc1ccccc1
OCNT-2312729,CYP3A4,2.102803447,3.9369512181176733,3,MURCKO::O=C(NCc1ccc2c(c1)CCCC2)C1CCC1
OCNT-2312731,CYP3A4,1.948410522,3.5000664525027343,1,MURCKO::O=C(CC1COCCN1)NS(=O)(=O)c1cccc2ncccc12
OCNT-2312732,CYP3A4,4.07472714,4.459918593781756,1,MURCKO::O=C(c1ccccc1)N1CCN(c2nccs2)CC1
OCNT-2312740,CYP3A4,3.7607239,3.7371515667532016,4,MURCKO::c1cc(-c2noc(C3CCCO3)n2)cc(-c2nnc[nH]2)c1
OCNT-2312742,CYP3A4,3.63856798,3.773583186032421,4,MURCKO::O=C(NCc1ccc(N2CCCC2)nc1)N1CCOCC1
OCNT-2312746,CYP3A4,3.450019785,4.310910603225895,1,MURCKO::O=C1CN(C(=O)NCCc2cnoc2)CN1CC1CC1
OCNT-2312754,CYP3A4,5.50840485,4.061697984088541,3,MURCKO::c1ccc2[nH]c(CNCc3nc4ccccc4[nH]3)nc2c1
OCNT-2312755,CYP3A4,4.713501417,4.355933779040858,4,MURCKO::O=C(NC1CCN(c2ccccc2)C1)c1cnoc1
OCNT-2312757,CYP3A4,2.600097542,4.1854231715338965,0,MURCKO::O=C(c1cnc2ccccc2c1)N1CCN(C(=O)C2CC2)C1
OCNT-2312769,CYP3A4,4.371734838,4.4491118455128085,3,MURCKO::O=C(NCc1cccnc1)NC1(c2ccccc2)CC1
OCNT-2312772,CYP3A4,2.706600332,3.6466671561170743,0,MURCKO::O=C(c1ccccn1)N1CCCC(Oc2ccccc2)C1
OCNT-2312773,CYP3A4,3.033108745,4.351484082194305,4,MURCKO::O=C(Cc1cn(-c2ccccc2)nn1)N1CCOCC1CC1CC1
OCNT-2312776,CYP3A4,3.682257762,4.215537475639899,1,MURCKO::O=C(Nc1cnccn1)C1CCc2ccccc21
OCNT-2312779,CYP3A4,3.803329245,5.009318770916504,3,MURCKO::O=C(c1ccoc1)N1CCN(C(=O)C2CC2)CC1
OCNT-2312780,CYP3A4,2.504521725,3.680930000941953,2,MURCKO::O=C(c1ccccn1)N1CCOCC1c1ccco1
OCNT-2312783,CYP3A4,3.977199077,4.3890232502815705,2,MURCKO::O=C(NCc1csc(-c2ccco2)n1)c1cn[nH]c1
OCNT-2312791,CYP3A4,4.687758525,4.230207431099569,0,MURCKO::c1n[nH]cc1CCc1nc(-c2ccc3c(c2)CCO3)no1
OCNT-2312800,CYP3A4,4.64335551,3.8646050701013257,2,MURCKO::O=C(NC1CCN(CCc2ccccc2)CC1)c1cccs1
OCNT-2312801,CYP3A4,5.793987925,4.174398603788699,2,MURCKO::O=C(NC1CC1c1ccccc1)c1cc(C2CC2)[nH]n1
OCNT-2312805,CYP3A4,4.542753272,4.077521402708926,2,MURCKO::O=C(Nc1ccon1)N1CCC2(C=Nc3ccccc32)CC1
OCNT-2312807,CYP3A4,4.113231225,4.0231733103546725,4,MURCKO::O=C(c1cn2ccccc2n1)N1CCC(Cc2ccccc2)CC1
OCNT-2312808,CYP3A4,2.008084975,4.187510168261448,4,MURCKO::O=C(NCc1cn[nH]c1)C1COCCN1C1CCCC1
OCNT-2312818,CYP3A4,3.137748022,4.157660852479303,1,MURCKO::O=C(Nc1cnn(C2CCC2)c1)C1CC(=O)N(C2CCCC2)C1
OCNT-2312822,CYP3A4,3.6951886,3.940816482745477,3,MURCKO::O=S(=O)(NC1CCNCC1)c1ccccc1
OCNT-2312833,CYP3A4,4.698830915,4.3295777676782246,4,MURCKO::O=C(NCc1cc(-c2ccccc2)no1)C1OCC2CCCC21
OCNT-2312846,CYP3A4,3.614910297,3.9385900508369125,3,MURCKO::O=C(c1ccccc1)N1CCC(C2CCCO2)CC1
OCNT-2312847,CYP3A4,5.275000722,4.624468816615778,2,MURCKO::O=S(=O)(c1ccc2c(c1)OCO2)N(CC1CC1)CC1CC1
OCNT-2312851,CYP3A4,4.405505878,4.2073044245085125,3,MURCKO::O=S(=O)(c1ccc2c(c1)CCCO2)N(CC1CC1)CC1CNCCO1
OCNT-2312853,CYP3A4,4.623078142,3.8631817963527215,1,MURCKO::O=C(c1cc(-c2ccccc2)ccn1)N1CCCC(c2cn[nH]c2)C1
OCNT-2312856,CYP3A4,2.93698273,4.3715027542715825,1,MURCKO::c1ccc(Cn2nnnc2N2CCCCC2)cc1
OCNT-2312862,CYP3A4,3.849639655,3.8063484749632073,4,MURCKO::O=C(Nc1ccc(-n2nn[nH]c2=O)cc1)c1ccccc1
OCNT-2312865,CYP3A4,5.335482225,4.400779392892449,3,MURCKO::O=S(=O)(c1cccc2cccnc12)N1CCC=C(c2cn[nH]c2)C1
OCNT-2312870,CYP3A4,2.076084757,4.8820438929697945,4,MURCKO::O=C(NCc1ccccc1)NC1CCOc2ccccc21
OCNT-2312874,CYP3A4,4.43482326,4.642263317018567,4,MURCKO::c1cn2cncc2cc1-c1noc(C2CC23CCOC3)n1
OCNT-2312880,CYP3A4,6.117137813,4.509465135284731,4,MURCKO::O=S(=O)(NCCc1ccccc1)c1ccccc1-c1ccno1
OCNT-2312882,CYP3A4,4.398702007,4.070445489609071,3,MURCKO::O=C(Nc1[nH]nc2c1CCCC2)c1cc2ccccn2c1
OCNT-2312892,CYP3A4,3.78657058,3.770874792975011,1,MURCKO::O=C(Cc1ccon1)N1CCC(c2ccccc2)CC1
OCNT-2312900,CYP3A4,4.217491097,4.348841938156034,1,MURCKO::O=C(c1coc2ccccc12)N1CCOC(c2cn[nH]c2)C1
OCNT-2312913,CYP3A4,3.709615847,3.5872489981417752,4,MURCKO::O=C(NCCc1ccccc1)C1CC(=O)N(Cc2ccccn2)C1
OCNT-2312918,CYP3A4,5.390363585,4.240427777959659,2,MURCKO::O=C(Nc1cccc(C(=O)N2CCC(c3ccccc3)CC2)c1)c1ccccc1
OCNT-2312924,CYP3A4,3.73684695,3.710744504749475,4,MURCKO::O=C(c1nccc2ccccc12)N1CCn2nccc2C1
OCNT-2312925,CYP3A4,4.669072857,4.152404743452188,0,MURCKO::c1ccc2c(N3CCCC3CN3CCCC3)ncnc2c1
OCNT-2312929,CYP3A4,2.47539676,3.9033982390315147,2,MURCKO::O=C(NCc1cn[nH]c1)C1CCOC1c1ccn[nH]1
OCNT-2312931,CYP3A4,4.528305637,3.954592958979736,0,MURCKO::O=C(c1nccc2occc12)N1CCCC1c1ccccc1
OCNT-2312958,CYP3A4,2.49815474,3.9540725356398747,2,MURCKO::O=C(c1ccccc1)N1CCN(CC2CC2)CC1
OCNT-2312959,CYP3A4,5.109494788,3.738497450188124,1,MURCKO::c1ccc(N2CCC(Nc3ccncn3)C2)cc1
OCNT-2312961,CYP3A4,4.655252147,4.420561748030948,4,MURCKO::O=C(NC1CCN(c2ccccn2)C1)c1ccccc1
OCNT-2312974,CYP3A4,4.168835715,4.179791294019602,2,MURCKO::O=C(NCC1(c2ccccc2)CCC1)Nc1nnc(C2CC2)s1
OCNT-2312980,CYP3A4,1.948869072,3.6466009579011622,4,MURCKO::O=C(c1ccccc1)N1CCn2cnnc2C1
OCNT-2312986,CYP3A4,3.74292473,3.7249654266069467,0,MURCKO::O=C1Cc2ccccc2C(=O)N1Cc1ncon1
OCNT-2312988,CYP3A4,4.619517248,4.4092381067225075,0,MURCKO::O=C(c1ccoc1)N1CCc2[nH]cnc2C1
OCNT-2312994,CYP3A4,5.322390977,4.515134458031316,4,MURCKO::O=S(=O)(c1ccccc1)N1CC=C(c2c[nH]c3ncccc23)CC1
OCNT-2312996,CYP3A4,4.80337406,4.1867116280749626,1,MURCKO::O=C(Cc1ccccc1)NCCCNc1ccccn1
OCNT-2313003,CYP3A4,4.97790941,4.003654360058495,1,MURCKO::O=S(=O)(NCC1CC1)Nc1ccccc1
OCNT-2313008,CYP3A4,4.350963965,3.5976314688535576,4,MURCKO::c1c(-c2nnc(N3CCCNCC3)[nH]2)sc2c1CCCC2
OCNT-2313012,CYP3A4,3.953533618,3.561182374842633,2,MURCKO::O=C(Nc1cccc(-n2cnnn2)c1)c1ccccc1-n1ccnn1
OCNT-2313013,CYP3A4,3.048572295,3.45539574261779,0,MURCKO::O=C(NCc1ccc(-c2ccn[nH]2)cc1)c1ccccc1
OCNT-2313014,CYP3A4,4.273543913,4.0887683113818944,0,MURCKO::O=C(NCc1ccnc(-n2cccn2)c1)c1cc(-c2ccsc2)nc2oncc12
OCNT-2313018,CYP3A4,2.191223905,4.132813681266732,1,MURCKO::c1ccc(Cn2cc(C3CCNCC3)nn2)cc1
OCNT-2313031,CYP3A4,4.587192055,4.469837820399437,4,MURCKO::O=C1CCN(C(=O)c2cccc(S(=O)(=O)N3CCCCCC3)c2)c2cnccc2N1
OCNT-2313037,CYP3A4,4.940161857,4.257168637479177,2,MURCKO::O=C(Nc1n[nH]c2ccccc12)c1ccn(-c2ccccc2)n1
OCNT-2313040,CYP3A4,4.18503508,4.03666539858426,4,MURCKO::O=C(Nc1ccn(-c2ccccn2)n1)c1ccccc1
OCNT-2313047,CYP3A4,2.977944008,3.858166047816071,2,MURCKO::O=C1CCC(NC(=O)c2c3c(nc4ccccc24)CCCC3)C(=O)N1
OCNT-2313052,CYP3A4,2.494400348,3.298376310336291,1,MURCKO::O=C1CCc2cc(NS(=O)(=O)c3ccccc3)ccc2N1
OCNT-2313058,CYP3A4,5.121493932,4.034432835785884,0,MURCKO::O=C(CCC1CCNCC1)Nc1ccc(-n2ccnc2)cc1
OCNT-2313065,CYP3A4,4.827659123,4.718164630641107,3,MURCKO::O=C(CN1CCCC1Cn1cncn1)NCc1ccccc1
OCNT-2313067,CYP3A4,2.509033335,4.414115673011641,4,MURCKO::c1coc(CN2CCCCC2)n1
OCNT-2313078,CYP3A4,1.915662495,4.3743611265600055,0,MURCKO::c1cc(-c2nc(Cn3cc(CN4CCCCC4)nn3)cs2)co1
OCNT-2313087,CYP3A4,3.885736442,4.158429507092894,0,MURCKO::O=C(Cc1ccccc1)NCC(=O)Nc1ccccc1
OCNT-2313094,CYP3A4,3.193913503,3.6107243157557307,3,MURCKO::O=C1CN(C(=O)c2[nH]nc3c2CCOC3)Cc2ccccc2N1
OCNT-2313096,CYP3A4,3.715800537,4.233928416037875,3,MURCKO::c1ccc(-c2cn(CC3COC3)nn2)nc1
OCNT-2313097,CYP3A4,2.149771208,3.5169681813372677,3,MURCKO::O=C(CN1CCN(c2cccnn2)CC1)N1CCCCC1
OCNT-2313099,CYP3A4,4.318785842,4.100291241145652,0,MURCKO::O=C(Nc1nccnc1C1CC1)c1ccccc1
OCNT-2313103,CYP3A4,3.950815683,3.5144374449794586,2,MURCKO::O=C(Nc1ccc[nH]c1=O)N1CCCCCC1
OCNT-2313109,CYP3A4,2.142141725,4.054191191546657,3,MURCKO::O=C(Nc1cccc(N2CCNCC2)c1)c1nn[nH]c1-c1ccccc1
OCNT-2313111,CYP3A4,4.391219565,4.0742441667584535,4,MURCKO::O=C(NCc1cc(C2CC2)[nH]n1)Nc1cccnc1-c1ccccc1
OCNT-2313118,CYP3A4,4.117966995,4.402016928026646,1,MURCKO::O=C(Nc1ccccc1)N1CCN(C(=O)c2cnc3sncc3c2)CC1
OCNT-2313119,CYP3A4,4.572688002,4.149510773346993,3,MURCKO::O=C(NC1CCCN(c2cn[nH]c2)C1)c1ccccc1
OCNT-2313120,CYP3A4,4.96253782,3.880886910673949,1,MURCKO::O=C(Nc1ccnn1Cc1ccccc1)c1cnc2sncc2c1
OCNT-2313121,CYP3A4,4.798132707,3.9197470404484607,4,MURCKO::O=C(NC1CCN(c2ccccc2)C1)c1cc[nH]c(=O)c1
OCNT-2313122,CYP3A4,5.879786,5.070220919126903,1,MURCKO::O=C(Cc1ccccc1)NCc1ccccc1-c1ccncc1
OCNT-2313128,CYP3A4,3.83959974,4.332538425387432,4,MURCKO::O=S(=O)(Nc1cnc2[nH]ncc2c1)c1cccnc1
OCNT-2313133,CYP3A4,4.363863925,3.774898871203986,3,MURCKO::c1ccc(-c2nn[nH]n2)cc1
OCNT-2313134,CYP3A4,2.472731802,3.7071316471528455,4,MURCKO::O=C(c1cn(-c2cccc3ncccc23)nn1)N1CCCCC1
OCNT-2313147,CYP3A4,5.13874227,5.261400333846768,2,MURCKO::O=C(NCC1(c2ccccc2)CCC1)N1CCCN(C(=O)C2CC2)CC1
OCNT-2313151,CYP3A4,4.10103707,4.143679586859648,3,MURCKO::O=C(c1ccccc1)N1CCN(C(=O)c2cscn2)CC1
OCNT-2313164,CYP3A4,5.590621373,4.320410397624714,1,MURCKO::O=C(c1cc(-c2ccccn2)ns1)N1CCCC(c2ccccc2)C1
OCNT-2313165,CYP3A4,4.50062413,4.011852848345971,0,MURCKO::O=C(COc1ccc(S(=O)(=O)NC(=O)Cc2ccccc2)cc1)NCc1ccccc1
OCNT-2313174,CYP3A4,5.199354095,4.380761605514865,0,MURCKO::O=C(Cc1ccccc1)NCc1nc2ccccc2c(=O)[nH]1
OCNT-2313177,CYP3A4,4.972708687,4.400233419562633,0,MURCKO::O=C(NCc1cscn1)c1cncc(-c2ccccc2)c1
OCNT-2313179,CYP3A4,3.867745165,3.850106830097139,1,MURCKO::O=C(NCc1ccccn1)C1CN(C(=O)C2CCCCC2)C1
OCNT-2313184,CYP3A4,4.731188185,4.433199576445128,4,MURCKO::O=C(NCc1ccccc1)Nc1nnc(-c2ccccn2)s1
OCNT-2313192,CYP3A4,1.97476065,3.7284868495897947,0,MURCKO::O=C1CN(C(=O)c2cc3[nH]c(-c4ccccc4)cc(=O)n3n2)CCN1
OCNT-2313193,CYP3A4,4.651616657,3.619208468848133,2,MURCKO::O=C(NCc1ncon1)c1cnn2ccccc12
OCNT-2313203,CYP3A4,3.151742175,4.026196570309895,4,MURCKO::O=C(Cc1ccccc1)N1CCc2c(nc[nH]c2=O)C1
OCNT-2313206,CYP3A4,3.902099,4.165150805560662,2,MURCKO::O=C1CN(C(=O)CCC(=O)N2CCC2c2ccccc2)c2ccccc2N1
OCNT-2313213,CYP3A4,3.070356283,4.321666848327976,2,MURCKO::O=C(Cc1ccccc1)N1CCCC1c1cn[nH]c1
OCNT-2313219,CYP3A4,4.049433908,4.264901542790165,4,MURCKO::O=C(Cn1c(-c2ccccc2)csc1=O)Nc1cnn(CC(=O)NC2CC2)c1
OCNT-2313224,CYP3A4,3.486464575,3.2961235936647877,3,MURCKO::O=c1[nH]c(-c2cocn2)nc2ccccc12
OCNT-2313234,CYP3A4,5.020160455,4.625916937479432,1,MURCKO::O=C(COc1ccccc1)Nc1cncc2ccccc12
OCNT-2313237,CYP3A4,4.82542266,4.0948234440803715,4,MURCKO::O=C(Nc1ccccc1)C(c1ccccc1)N1CCC(c2nnc3ccccn23)CC1
OCNT-2313238,CYP3A4,4.402697055,3.792637718247267,1,MURCKO::O=C1CCc2cc(C(=O)Nc3ccn(Cc4ccccc4)n3)ccc2N1
OCNT-2313241,CYP3A4,5.687596183,4.380109027064623,2,MURCKO::O=C(Nc1ccccc1)c1cccc(Nc2cnccn2)c1
OCNT-2313248,CYP3A4,5.0041259,4.418710942132298,3,MURCKO::O=C(Nc1cccc(N2CCNC2=O)c1)N1Cc2ccccc2C(c2ccccc2)C1
OCNT-2313251,CYP3A4,4.31156113,3.4925711055761437,3,MURCKO::O=C(Nc1ccc(-n2cccn2)cc1)c1ccnn1-c1ccccc1
OCNT-2313254,CYP3A4,2.049795582,4.267685906685808,2,MURCKO::O=C(NC1CCN(C(=O)c2cnoc2)CC1)c1ccccc1
OCNT-2313267,CYP3A4,2.006495287,3.386731956555651,1,MURCKO::O=C(Nc1cc[nH]n1)C1CCCNC1
OCNT-2313273,CYP3A4,4.196689665,3.7307897180722973,2,MURCKO::O=C(Nc1cnc(-c2ccccc2)nc1)N1CCc2[nH]cnc2C1
OCNT-2313277,CYP3A4,4.784348923,3.8112914439714354,4,MURCKO::c1ccc(CNc2ccnc(C3CCC3)n2)cc1
OCNT-2313278,CYP3A4,5.477680473,5.017726814635124,1,MURCKO::O=C1CN(S(=O)(=O)c2ccccc2)c2ccccc2N1
OCNT-2313279,CYP3A4,4.900247812,4.40199813043562,2,MURCKO::O=C(Nc1c[nH]nc1C1CCCN(c2nccs2)C1)C1CCCC1
OCNT-2313281,CYP3A4,4.205970705,4.094697395393112,1,MURCKO::O=C1CC(CNC(=O)c2ccsc2)C(c2cn[nH]c2)N1
OCNT-2313287,CYP3A4,4.85689231,3.5549140054020527,3,MURCKO::O=C(NCc1ccn[nH]1)Nc1ccnnc1
OCNT-2313293,CYP3A4,5.366531287,4.233460426960212,3,MURCKO::O=S(=O)(Nc1ccccc1)c1ccccc1
OCNT-2313297,CYP3A4,3.572985558,3.9867947604192797,0,MURCKO::O=C(Nc1ccccc1)c1cc(N2CCOCC2)ncn1
OCNT-2313299,CYP3A4,2.033877163,3.887002898407326,4,MURCKO::O=C(CN1CCCC1)NC(=O)Nc1ccc2c(c1)OCCO2
OCNT-2313300,CYP3A4,6.296327448,5.143229188532512,1,MURCKO::O=C(Nc1ccc(-n2ccnc2)cc1)c1cc[nH]c1
OCNT-2313307,CYP3A4,4.71636974,4.160513742356587,3,MURCKO::O=C1CN(C(=O)C2CCCCCC2)Cc2ccccc2N1
OCNT-2313314,CYP3A4,4.192126372,4.689367698291976,2,MURCKO::O=C(NCCSc1ccccc1)c1cc[nH]c(=O)c1
OCNT-2313318,CYP3A4,4.60005939,3.798011290428877,4,MURCKO::O=C(c1ccc2c(c1)CCCN2)N1CCCCC1
OCNT-2313326,CYP3A4,4.099866582,4.210854378115673,4,MURCKO::O=C(Nc1ccc2[nH]ncc2c1)c1cn(Cc2ccccc2)nn1
OCNT-2313335,CYP3A4,3.472278307,4.186335856210513,2,MURCKO::O=C(Nc1n[nH]c2ccccc12)c1cc2c(=O)[nH]c(=O)[nH]c2[nH]1
OCNT-2313345,CYP3A4,4.498467292,3.792655165228573,4,MURCKO::O=C(Nc1cc[nH]c1)c1csc(C2CCCCC2)c1
OCNT-2313360,CYP3A4,4.232497217,4.727518605878288,3,MURCKO::O=S(=O)(c1ccc(CNC2CCC23CCC3)cc1)N1CCOCC1
OCNT-2313363,CYP3A4,4.23196836,4.285301304445312,4,MURCKO::O=C(NCC1(c2ccccc2)CCC1)c1c[nH]nc1C1CC1
OCNT-2313373,CYP3A4,5.016634348,4.062854377466083,4,MURCKO::O=S(=O)(Nc1cccnc1)c1ccccc1
OCNT-2313377,CYP3A4,4.891540345,4.297911890477854,3,MURCKO::O=c1[nH]c2cccc(N3CCN(c4ccncn4)CC3)c2[nH]1
OCNT-2313388,CYP3A4,5.467650543,4.539925532475635,3,MURCKO::O=C(NCCc1ccccc1)c1cc2ccncc2s1
OCNT-2313392,CYP3A4,4.390583823,3.6534620924978873,3,MURCKO::O=S(=O)(NCc1cnco1)c1cccc2c1OCCO2
OCNT-2313399,CYP3A4,4.47611362,3.9716785183596484,1,MURCKO::O=C1NCCN(C(=O)c2cc3ccccc3[nH]2)C1c1ccccc1
OCNT-2313401,CYP3A4,4.21125573,3.780688075164547,4,MURCKO::c1ccc(CC2CN(c3ccncn3)C2)cc1
OCNT-2313421,CYP3A4,4.36320036,3.9749581224766803,4,MURCKO::O=C(CNC(=O)c1ccccc1)Nc1cc(C2CC2)[nH]n1
OCNT-2313424,CYP3A4,3.799369833,4.177615752857507,4,MURCKO::O=S1(=O)CCC(Nc2ncnc3c2oc2ccccc23)CC1
OCNT-2313427,CYP3A4,4.731058982,3.523148651003138,0,MURCKO::O=C(NC1CC1c1ccccc1)c1cnn2ccncc12
OCNT-2313429,CYP3A4,6.120009353,3.940555884647251,0,MURCKO::O=C1CCCN1c1ccc(S(=O)(=O)Nc2ccccc2)cc1
OCNT-2313432,CYP3A4,2.16511723,4.088858064878675,4,MURCKO::O=C(CCC1NC(=O)NC1=O)NCc1coc(-c2ccccc2)n1
OCNT-2313435,CYP3A4,4.552269062,4.070202971879897,2,MURCKO::O=C(Nc1cccnc1)N1CCOC(c2ccccc2)C1
OCNT-2313438,CYP3A4,4.79947084,4.4304335260155705,4,MURCKO::O=C(NCCc1c[nH]c2ccccc12)c1ccccc1
OCNT-2313441,CYP3A4,4.932542547,3.6766112971221245,2,MURCKO::c1ccc(CNc2ncnc3c2oc2ccccc23)cc1
OCNT-2313447,CYP3A4,2.039378205,4.047783768641084,0,MURCKO::O=C(NC1CC1)C1CC2OCCC2N1C(=O)c1occ2c1CCC2
OCNT-2313448,CYP3A4,2.152932452,3.997165117795174,0,MURCKO::O=C1CCc2cc(CNC(=O)C3CCCCC3)ccc2N1
OCNT-2313450,CYP3A4,1.909049648,3.9083243413289956,2,MURCKO::O=C(NCCC1CC1)c1cc2ccccc2[nH]1
OCNT-2313451,CYP3A4,4.636018297,3.884969491027552,1,MURCKO::O=C(NC1CCN(C(=O)c2ccc(Nc3ccccc3)nc2)CC1)c1ccsc1
OCNT-2313459,CYP3A4,4.749361282,4.174979378508979,4,MURCKO::O=C(NCc1ccccc1)c1ccc2n[nH]c(=O)n2c1
OCNT-2313461,CYP3A4,5.08107991,4.357445601705394,2,MURCKO::O=C(NC1CC(c2ccccc2)C1)c1cnn2ccccc12
OCNT-2313470,CYP3A4,3.180861255,3.3474223576799425,2,MURCKO::O=C(c1cccnc1)N1CCN(c2ccncn2)CC1
OCNT-2313472,CYP3A4,2.129290123,3.883356985075515,3,MURCKO::O=C(NC1CCCC1)c1n[nH]c2nc[nH]c(=O)c12
OCNT-2313474,CYP3A4,4.215949635,4.583374610722217,0,MURCKO::O=C(NC1CCCN(c2ncccn2)C1)c1c[nH]nc1-c1ccccc1
OCNT-2313506,CYP3A4,5.017321528,4.035967778150846,3,MURCKO::O=S(=O)(NCc1cc(-c2ccccc2)[nH]n1)c1cn[nH]c1
OCNT-2313507,CYP3A4,4.73647948,4.062982178805168,1,MURCKO::O=C(Nc1cc[nH]n1)N1CCOc2ccccc2C1
OCNT-2313509,CYP3A4,3.082478023,3.728076871012835,2,MURCKO::O=C(NCCc1nc2c(s1)CCCC2)N1CCCC1
OCNT-2313512,CYP3A4,3.73107955,4.552136685778996,0,MURCKO::c1ccncc1
OCNT-2313514,CYP3A4,2.28030019,3.993269871445911,3,MURCKO::O=C(c1ccccc1)N1CCCN(C(=O)c2cc[nH]c(=O)c2)CC1
OCNT-2313515,CYP3A4,4.33482822,4.02801838144529,2,MURCKO::O=c1[nH]c(NC2CCOC2)nc2c1cnn2-c1ccccc1
OCNT-2313527,CYP3A4,1.960407922,3.6515187742212616,4,MURCKO::c1ccc(-c2ccccc2)cc1
OCNT-2313529,CYP3A4,5.790067677,3.4870099464541555,4,MURCKO::O=C(c1nc(-c2cccs2)n(-c2ccccc2)n1)N1CCc2[nH]cnc2C1
OCNT-2313537,CYP3A4,4.18748671,3.692476666308676,4,MURCKO::O=S(=O)(NCc1nccs1)c1cn[nH]c1
OCNT-2313539,CYP3A4,5.659422285,3.9357851175544063,2,MURCKO::O=C(c1cccnc1)N1CC(Cc2ccccc2)C1
OCNT-2313543,CYP3A4,3.129496105,3.8813821197256027,0,MURCKO::O=C(CNC(=O)c1cccs1)NCc1ccccc1
OCNT-2313551,CYP3A4,3.15698588,4.202428713514543,0,MURCKO::O=C(Cn1c(=O)oc2ccccc21)N1CCC(C(=O)N2CCCC2)CC1
OCNT-2313554,CYP3A4,3.92268027,3.8252517448326735,4,MURCKO::O=C1CC(CNc2ccccn2)C(c2cn[nH]c2)N1
OCNT-2313567,CYP3A4,3.68070092,3.840454961119991,4,MURCKO::O=C(Nc1c[nH]nc1-c1ccccn1)c1ccnc2[nH]cnc12
OCNT-2313574,CYP3A4,4.5297972,3.771056909550805,2,MURCKO::O=C(COc1ccccc1)NC1CCCCC1
OCNT-2313594,CYP3A4,2.543313735,3.5498336588870996,0,MURCKO::O=C1CNC(c2nc(-c3ccc(N4CCOCC4)nc3)no2)CN1
OCNT-2313596,CYP3A4,3.627796287,4.071355329642809,1,MURCKO::O=C(NCc1ccccn1)N1CCN(c2cc(N3CCOCC3)ncn2)CC1
OCNT-2313603,CYP3A4,4.36293801,3.8976778673409562,2,MURCKO::O=C(NCC(=O)N1CCc2ccccc21)N1CC=CCC1
OCNT-2313609,CYP3A4,5.23243486,4.195294930602975,3,MURCKO::O=S(=O)(Nc1ccccc1)c1ccccc1
OCNT-2313612,CYP3A4,2.29783854,3.5252086986903293,3,MURCKO::O=C(Cn1nc2ccccn2c1=O)NC1CCCc2cccnc21
OCNT-2313616,CYP3A4,4.46510702,4.428995087436368,1,MURCKO::O=C(c1cnn2ccccc12)N1CCCc2[nH]ncc2C1
OCNT-2313620,CYP3A4,3.982128397,4.073244679109302,2,MURCKO::O=C(CCc1ccccn1)NC1(c2ccccc2)COC1
OCNT-2313638,CYP3A4,3.623927055,3.887601439226736,4,MURCKO::O=C(Nc1cc(N2CCNCC2)ccn1)c1ccccn1
OCNT-2313641,CYP3A4,4.6176576,3.7683258310629255,3,MURCKO::O=C(c1cccc2c[nH]nc12)N1CCC(c2ccccc2)C1
OCNT-2313642,CYP3A4,4.784948885,3.4870496581217916,2,MURCKO::O=C(NCc1ccn[nH]1)c1ccnn1C1CCCC1
OCNT-2313643,CYP3A4,2.348734148,3.9192347928893327,3,MURCKO::O=C(CNC(=O)C1CC1)Nc1nc2ccccc2n1CCc1ccccn1
OCNT-2313644,CYP3A4,5.277013402,3.926559697529171,0,MURCKO::O=S(=O)(NCC1CCCc2ccccc21)c1cnn[nH]1
OCNT-2313667,CYP3A4,3.721186487,4.383506435244189,4,MURCKO::O=C(Nc1cccnc1)N1CCN(C2CCCNC2)CC1
OCNT-2313671,CYP3A4,4.22336144,4.284192630024721,3,MURCKO::O=C(CN1C(=O)COc2ccccc21)N1CCC(c2ccco2)C1
OCNT-2313673,CYP3A4,4.848011697,4.183644847664031,3,MURCKO::O=C(Cc1cscn1)N1CCCNc2ccccc21
OCNT-2313675,CYP3A4,3.339705603,3.9873662230059326,4,MURCKO::O=C(Nc1ccccc1)c1ccccc1
OCNT-2313679,CYP3A4,4.989170973,4.307302921528253,1,MURCKO::O=C(NCC(c1ccccc1)N1CCOCC1)c1cnn2cccnc12
OCNT-2313685,CYP3A4,4.201260333,4.001493867131808,1,MURCKO::O=C(NC1CCCc2[nH]ncc21)c1cc2cn[nH]c2s1
OCNT-2313693,CYP3A4,3.310591548,3.9458735175567847,2,MURCKO::O=C(Nc1ccc2[nH]ccc2c1)c1nc2n(n1)CCCN2
OCNT-2313694,CYP3A4,5.90317757,4.487787814236268,1,MURCKO::O=C(Cc1noc2ccccc12)NCc1cc(C2CC2)[nH]n1
OCNT-2313696,CYP3A4,4.118239693,4.28465084513695,3,MURCKO::O=C(NC1(c2ccccc2)COC1)c1c[nH]nc1C1CC1
OCNT-2313707,CYP3A4,4.09391884,4.466403732262302,3,MURCKO::O=C(Nc1cnn(-c2ccccc2)c1)N1CCS(=O)(=O)C2(CCCCC2)C1
OCNT-2313719,CYP3A4,3.908834795,3.909659910753658,2,MURCKO::O=C1CCc2cc(C(=O)Nc3cccnc3)ccc2N1
OCNT-2313720,CYP3A4,4.514640392,3.8816835706581756,4,MURCKO::O=C(NCc1nc2c(s1)CCCC2)c1cnc2[nH]ncc2c1
OCNT-2313732,CYP3A4,4.14580803,3.674529513416066,2,MURCKO::O=C(Cc1ccccn1)Nc1ccccc1
OCNT-2313736,CYP3A4,2.563085898,3.9441972304601505,1,MURCKO::O=C1CC(CC(=O)NC2CCOCC2)c2ccccc2N1
OCNT-2313740,CYP3A4,2.898912167,3.544766208814072,1,MURCKO::O=C(c1ccnc(-c2ccco2)c1)N1CC(c2ncn[nH]2)C1
OCNT-2313742,CYP3A4,3.540783025,4.8592614654951465,1,MURCKO::O=C(NCc1c[nH]c(=O)c2ccccc12)c1cnn(C2CCC2)c1
OCNT-2313747,CYP3A4,2.932106765,3.3966903433247384,3,MURCKO::O=C(NCc1cccc(=O)[nH]1)C(Cc1ccccc1)n1cnnn1
OCNT-2313749,CYP3A4,5.313172212,4.444234040102701,2,MURCKO::O=C(c1cc2ccccc2[nH]1)N1CCC(c2ccccc2)C1
OCNT-2313758,CYP3A4,3.51014128,3.725799692809237,4,MURCKO::O=C(c1ccccn1)N1CCc2ccccc21
OCNT-2313765,CYP3A4,4.369324348,4.379980680474975,4,MURCKO::O=C(NCc1cc2ccccc2[nH]c1=O)c1ccccn1
OCNT-2313771,CYP3A4,4.15287812,3.900455580758841,4,MURCKO::c1ccc(OC2CCN(c3cnccn3)CC2)nc1
OCNT-2313804,CYP3A4,2.06857737,3.6802212519121884,4,MURCKO::O=C(Nc1cnn(-c2ccccc2)c1)C1COCCO1
OCNT-2313807,CYP3A4,4.596748068,4.631012406677334,0,MURCKO::O=C(NCc1ccccc1)C1(c2ccccc2)CCCO1
OCNT-2313811,CYP3A4,3.45135129,4.135308206463627,0,MURCKO::O=S(=O)(CC1CCCCO1)c1ccc2c(c1)OCCCO2
OCNT-2313815,CYP3A4,4.1180029,4.934318219131981,1,MURCKO::O=C1N(CCc2c[nH]c3ccccc23)C(=O)C23CC(CN12)C3
OCNT-2313821,CYP3A4,2.022024903,3.6170247639073083,0,MURCKO::O=C(NC1CCC1)C1CCN(C(=O)CCc2ccccc2)CC1
OCNT-2313825,CYP3A4,5.166013292,4.845182616124301,0,MURCKO::O=C(c1coc(=O)c2ccccc12)N1CCCC2(CCCc3ccccc32)C1
OCNT-2313829,CYP3A4,4.251745728,4.5763126078595375,2,MURCKO::O=C(c1cncs1)N1CCC(Cc2nc3ccccc3[nH]2)CC1
OCNT-2313839,CYP3A4,4.54909255,4.100776526412314,4,MURCKO::O=C1CN(C(=O)NCc2ccccn2)C2CCCCC2N1
OCNT-2313842,CYP3A4,2.372585658,3.831878080783585,4,MURCKO::O=C(c1cnn2ccccc12)N1CCCC1
OCNT-2313846,CYP3A4,4.521543053,3.6639031194381304,0,MURCKO::O=C(CCn1cnc2ccccc2c1=O)N1CCCCC1
OCNT-2313858,CYP3A4,4.864202275,3.7003635245029423,0,MURCKO::O=C(Nc1cc(C2CCCCC2)n[nH]1)c1cccnc1
OCNT-2313859,CYP3A4,2.095021727,4.292032252219046,0,MURCKO::O=C(c1ccccc1)N1CCN(C(=O)C2CC2)CC1
OCNT-2313865,CYP3A4,5.196100575,3.765434575960905,3,MURCKO::O=C(Nc1cnn(Cc2ccccc2)c1)N1CCC(n2ccnc2)CC1
OCNT-2313869,CYP3A4,5.291513818,4.560455504356489,1,MURCKO::O=C(Cc1cccc2cnccc12)NC1CCOC12CCCC2
OCNT-2313875,CYP3A4,2.11736658,4.062993015418795,1,MURCKO::O=C1CCC(C(=O)N2CCN(c3cccc4[nH]c(=O)[nH]c34)CC2)N1
OCNT-2313880,CYP3A4,2.113175098,3.572414577173057,2,MURCKO::O=C(NC1CCC1)c1cc2ccccc2c(=O)[nH]1
OCNT-2313887,CYP3A4,4.432092192,4.040790794619353,3,MURCKO::O=C1C(Nc2ccccc2)CCN1c1ccccc1
OCNT-2313894,CYP3A4,3.530049412,4.52709193866566,1,MURCKO::O=C(NCC1CCN(c2ccncc2)CC1)N1CCNCC1
OCNT-2313897,CYP3A4,4.7326969,4.493769298942465,4,MURCKO::O=C(Cc1ccccc1)N1CCc2ncccc2C1
OCNT-2313901,CYP3A4,5.9941916,4.252906263438954,3,MURCKO::O=S(=O)(Nc1ccccc1)c1ccccc1
OCNT-2313909,CYP3A4,5.30634373,3.808909851619703,3,MURCKO::O=S(=O)(c1cccc(S(=O)(=O)n2cccn2)c1)n1cccn1
OCNT-2313910,CYP3A4,4.33313748,4.457125115129742,1,MURCKO::O=C(NCc1cnc(-c2ccccc2)s1)C1CCCN1
OCNT-2313921,CYP3A4,4.1690063,4.126232284382544,3,MURCKO::O=C(c1cccc(Oc2nccs2)c1)N1CCOCC1
OCNT-2313925,CYP3A4,1.990420455,3.969260758177724,0,MURCKO::O=C(Cc1cn[nH]c1)N1CC2CCCC2C1
OCNT-2313933,CYP3A4,5.673624075,4.572938322989286,2,MURCKO::c1nc(NCc2ccc3c(c2)OCO3)c2nnn(C3CC3)c2n1
OCNT-2313935,CYP3A4,2.066564797,3.7394474405357836,3,MURCKO::O=C(Cc1ccccc1)NCc1ncco1
OCNT-2313948,CYP3A4,2.75306095,3.887619232424635,4,MURCKO::O=C(Nc1nnc(-c2ccccn2)s1)c1ccccc1
OCNT-2313949,CYP3A4,4.543620233,3.4502379918532835,2,MURCKO::O=C(c1ncc2ccccn12)N1CCOCC1
OCNT-2313953,CYP3A4,4.007604807,3.6778493942935753,3,MURCKO::O=C(c1ccccc1)N1CCCC1
OCNT-2313965,CYP3A4,1.95935075,3.56265609195082,1,MURCKO::O=C(c1ccccc1)N1CCC(c2cc[nH]n2)C1
OCNT-2313972,CYP3A4,3.987420957,4.0058781924987725,0,MURCKO::O=C(c1ccc2cccnc2c1)N1CCC2(C1)CN(C(=O)c1cccnc1)C2
OCNT-2313985,CYP3A4,3.970082812,4.455925667434807,2,MURCKO::O=C(Nc1cccc(N2CCOCC2)c1)NC12CCCC1CNC2
OCNT-2313987,CYP3A4,4.425940018,4.382633397044639,3,MURCKO::O=C(c1ccccc1C1CC1)N1CCC(c2cn[nH]c2)C1
OCNT-2313992,CYP3A4,3.504104825,3.9606924186248915,0,MURCKO::O=C(c1cn(Cc2ccccc2)nn1)N1CCC2(CC2)C1
OCNT-2313996,CYP3A4,4.09443821,4.03910447472421,1,MURCKO::O=C(NCc1cc(-c2ccccc2)[nH]n1)c1cc(C2CC2)[nH]n1
OCNT-2313999,CYP3A4,4.796981957,4.11844724564608,1,MURCKO::O=C(COc1ccc2c(c1)CCCC2)NC1CCCCC1
OCNT-2314002,CYP3A4,4.391129627,4.618445990219504,3,MURCKO::O=C1NCC2(CCN(c3ncnc4[nH]ccc34)CC2)Oc2ccccc21
OCNT-2314010,CYP3A4,2.27816596,4.006487762313512,4,MURCKO::O=C1CC(C(=O)Nc2cccc3cc[nH]c23)CCN1
OCNT-2314011,CYP3A4,5.088045437,4.19077026917912,0,MURCKO::O=S(=O)(c1cccc(NCc2ccco2)n1)N1CCCC2CC21
OCNT-2314014,CYP3A4,2.87160388,3.757292053966669,1,MURCKO::c1ccc(-c2nccc(NCCCN3CCOCC3)n2)nc1
OCNT-2314015,CYP3A4,2.090711403,3.957704775790492,4,MURCKO::O=C(c1ccc(N2CCNC2=O)cc1)N1CCOCC1
OCNT-2314024,CYP3A4,2.74205837,3.7264546941464074,1,MURCKO::O=C(c1ccc[nH]c1=O)N1CCOc2ccccc2C1
OCNT-2314029,CYP3A4,4.767516247,4.342200411321423,4,MURCKO::O=C(c1cc(=O)[nH]c2ccccc12)N1CCN(S(=O)(=O)c2ccccc2)CC1
OCNT-2314033,CYP3A4,3.42603752,3.6852153381936708,2,MURCKO::O=C(NCC1CCCCC1)c1cc(=O)[nH]c2ccccc12
OCNT-2314041,CYP3A4,3.82154681,4.125564966355771,4,MURCKO::O=C(c1cc2ccccc2[nH]c1=O)N1CCCCC1c1cn[nH]c1
OCNT-2314044,CYP3A4,2.584018463,3.8530719177012007,3,MURCKO::O=C(NCCCC1CC1)c1ccc2ccncc2c1
OCNT-2314064,CYP3A4,4.533964183,3.8577537803828377,0,MURCKO::O=C(c1ccc2cc(-c3ccccc3)[nH]c2c1)N1CCCC1
OCNT-2314067,CYP3A4,5.79764719,3.950129453596625,0,MURCKO::O=C(c1cc(-c2ccc3ccccc3c2)[nH]n1)N1CCC(n2cc(C3CC3)nn2)C1
OCNT-2314069,CYP3A4,3.621849465,3.9648168425816968,2,MURCKO::O=C1NC(=O)C(c2cccc(-c3noc(C4CCCN(C(=O)N5CCCC5)C4)n3)c2)N1
OCNT-2314073,CYP3A4,3.25197329,4.686652108043242,3,MURCKO::O=S(=O)(c1ccccc1)N1CCN(Cc2cocn2)CC1
OCNT-2314074,CYP3A4,4.902988677,3.6021724784068727,2,MURCKO::O=S(=O)(c1cc2ccccc2o1)N1CCCCC1
OCNT-2314076,CYP3A4,2.477014355,4.3073513212280305,2,MURCKO::O=C(CCC1CCOCC1)Nc1ccnc2ccccc12
OCNT-2314079,CYP3A4,4.431569957,3.7521488551644664,2,MURCKO::O=C(Cn1ccc2ccccc21)NCC1CCC2(CCOCC2)O1
OCNT-2314083,CYP3A4,4.06354625,3.98590115883706,2,MURCKO::O=C(NCC1Cc2ccccc2O1)c1cnc2[nH]ncc2c1
OCNT-2314086,CYP3A4,3.923338353,3.8705825660113877,1,MURCKO::O=c1[nH]c2ccccc2cc1CNc1ccccn1
OCNT-2314087,CYP3A4,5.248056232,3.8372132233090697,3,MURCKO::O=C1CC(c2nc(-c3cccc(-c4nnc[nH]4)c3)no2)CN1c1ccc2c(c1)CCC2
OCNT-2314096,CYP3A4,1.935252555,3.9565596433063726,0,MURCKO::O=C(NCC=CCNC(=O)C1CCCN1)c1ccc[nH]1
OCNT-2314101,CYP3A4,3.143717265,4.697107114523343,1,MURCKO::c1ccc(-c2ccncc2)cc1
OCNT-2314113,CYP3A4,3.000241968,4.069998112953563,3,MURCKO::O=C(c1ccccc1)N1CCN(C(=O)c2cccnn2)CC1
OCNT-2314117,CYP3A4,2.171114993,3.8856124075079768,2,MURCKO::O=C(Cn1cnc2[nH]ncc2c1=O)NC1CCOc2ccccc21
OCNT-2314118,CYP3A4,4.391379602,5.063717978110614,0,MURCKO::O=C(CC1CCCCC1)NC1CCC(C(=O)NCc2c[nH]cn2)CC1
OCNT-2314127,CYP3A4,3.702537373,3.6026191823397364,3,MURCKO::c1ccc(NC2CCC(Cn3cccn3)C2)nc1
OCNT-2314135,CYP3A4,6.095481985,4.827361296866634,4,MURCKO::O=C(Nc1ccc(Cc2ccncc2)cc1)c1cn[nH]c1
OCNT-2314137,CYP3A4,4.0408311,3.637717606157492,0,MURCKO::O=C(Cn1cnc2sccc2c1=O)Nc1cnn(C2CCCC2)c1
OCNT-2314140,CYP3A4,2.455774487,3.9546933558646966,1,MURCKO::O=C(Nc1cnn(-c2ncccn2)c1)NC12CCCC1CNC2
OCNT-2314141,CYP3A4,3.529544772,4.479720473329061,2,MURCKO::O=C1CCC(NC(=O)c2cnn(Cc3ccccc3)c2)C(C2CCCO2)N1
OCNT-2314143,CYP3A4,3.694489105,3.8187604881328348,4,MURCKO::O=C(Nc1cnn(-c2ccccc2)c1)c1ccc2[nH]cnc2c1
OCNT-2314145,CYP3A4,2.675900078,3.8414559952553105,3,MURCKO::O=C(Nc1cncnc1)c1cccc2[nH]c(=O)oc12
OCNT-2314148,CYP3A4,5.07529613,4.443298271517634,3,MURCKO::O=C(Cc1ccccc1)N1CCC(c2ccccc2)C1
OCNT-2314176,CYP3A4,5.433292397,4.921491857541935,1,MURCKO::c1ccc(Cn2cc(Cn3ccnc3)nn2)cc1
OCNT-2314178,CYP3A4,5.081942127,4.429453375789686,2,MURCKO::c1ccc(C2CCN(c3ncnc4c3CCCC4)C2)cc1
OCNT-2314180,CYP3A4,3.872928003,4.326524669036944,0,MURCKO::c1ccc(OCC2CCCN2c2ncnc3[nH]cnc23)cc1
OCNT-2314187,CYP3A4,4.709928452,4.128436600001647,1,MURCKO::O=C(NCC1CSCCN1C(=O)c1cccc2[nH]ccc12)c1cccc2[nH]ccc12
OCNT-2314190,CYP3A4,2.811746218,4.003215773567098,0,MURCKO::O=C(NCc1ccc(C(=O)N2CCOCC2)cc1)N1CCc2c(nnn2-c2ccccc2)C1
OCNT-2314193,CYP3A4,4.33964827,3.9237505099759513,4,MURCKO::O=C(C1CCCc2cccnc21)N1CC(c2ccccc2)C1
OCNT-2314201,CYP3A4,4.610624227,3.686023652963895,1,MURCKO::O=C(CCC(=O)Nc1ccc2[nH]c(=O)[nH]c2n1)Nc1cccc(-c2nc[nH]n2)c1
OCNT-2314208,CYP3A4,5.705788037,4.0110082639034985,3,MURCKO::O=C(c1n[nH]c2ccccc12)N1CCC(Nc2ccccc2)CC1
OCNT-2314212,CYP3A4,4.83500393,4.907535711230362,0,MURCKO::c1ccc(C2CCCN2c2ncnc3[nH]ncc23)cc1
OCNT-2314215,CYP3A4,4.279887227,3.73552396260314,2,MURCKO::O=c1[nH]c2cccnc2c(=O)n1CC1CCCc2ccccc21
OCNT-2314221,CYP3A4,4.305505958,4.033177143019328,2,MURCKO::O=C(Nc1ccccc1)C1CC(=O)N(C2CCCCC2)C1
OCNT-2314234,CYP3A4,2.399733262,3.614698063781651,1,MURCKO::O=C(Cc1cnc2cc(=O)[nH]n2c1)N1CCC(Cn2cccn2)CC1
OCNT-2314248,CYP3A4,3.561565782,4.28155388655696,2,MURCKO::O=C(Nc1ccccc1)c1cc2ncccn2n1
OCNT-2314254,CYP3A4,4.923383753,3.958790368896728,2,MURCKO::O=C(NCCN1CCc2sccc2C1)c1cc2ccccc2[nH]1
OCNT-2314269,CYP3A4,4.048873108,4.89776655423941,0,MURCKO::O=C(NCc1ccccc1)c1c[nH]nc1-c1ccccc1
OCNT-2314277,CYP3A4,4.356621407,3.8514464395089925,3,MURCKO::O=C(c1ccc(NCc2ccccn2)cc1)N1CCOCC1
OCNT-2314279,CYP3A4,4.755211538,4.085945782654384,1,MURCKO::O=C(Nc1nccs1)N1CCc2ccccc2C1
OCNT-2314290,CYP3A4,3.632441325,4.370481016415421,1,MURCKO::O=C(Nc1cnn(CC(=O)N2CCOCC2)c1)c1cccc2ccccc12
OCNT-2314295,CYP3A4,4.378331307,3.402339878499506,0,MURCKO::O=S(=O)(NCc1ccccc1)c1cnn(-c2ccccc2)c1
OCNT-2314300,CYP3A4,6.428566638,4.404631898530963,4,MURCKO::O=C(Nc1ccccc1)c1ccccc1
OCNT-2314311,CYP3A4,3.815467795,3.844027612656023,3,MURCKO::O=C(NCc1cnn(Cc2ccccc2)c1)N1CCCC1
OCNT-2314318,CYP3A4,4.046156775,3.7877644293548896,1,MURCKO::O=C(NCCc1ccccc1)c1cc[nH]c1
OCNT-2314321,CYP3A4,4.761743617,4.486752627988632,0,MURCKO::c1nc2cc3c(cc2s1)OCO3
OCNT-2314326,CYP3A4,4.425284945,3.8318384850593024,1,MURCKO::O=C(Cc1cncnc1)Nc1cccc(OCc2ccncc2)c1
OCNT-2314327,CYP3A4,2.853882075,4.0398586666069844,1,MURCKO::O=C(NCc1ccccc1)c1cn[nH]c1
OCNT-2314328,CYP3A4,3.961423673,3.7957686613779575,2,MURCKO::O=C(c1cccc2c1CCOC2)N1CCCC1c1ccccc1
OCNT-2314336,CYP3A4,2.419538933,3.7195914263301164,2,MURCKO::c1ccc(-n2cccn2)cc1
OCNT-2314337,CYP3A4,4.374797007,3.7534998384928757,2,MURCKO::O=C(Cn1nnnc1C1CC1)NCc1ccc2c(c1)CCCC2
OCNT-2314341,CYP3A4,2.486855115,4.0638647077132095,3,MURCKO::O=C(c1cn[nH]c(=O)c1)N1CCC(c2ccccc2)C1
OCNT-2314342,CYP3A4,5.650448905,4.047668022795624,4,MURCKO::O=C(NCC1CCNC1)c1ccccc1
OCNT-2314354,CYP3A4,2.032832963,3.84087931699867,1,MURCKO::O=C(NCC1CC2(CCNCC2)CO1)c1ccnc2[nH]ccc12
OCNT-2314371,CYP3A4,4.03738259,4.090313008149888,4,MURCKO::O=C(c1cnc2[nH]ncc2c1)N1CCCC1c1ccccc1
OCNT-2314375,CYP3A4,4.59344608,3.9406962423513723,0,MURCKO::O=C(c1cnn2c1CCC2)N1CCc2[nH]c3ccccc3c2C1
OCNT-2314385,CYP3A4,3.289258232,3.5479966124423665,1,MURCKO::O=C(Nc1ccccn1)C1CCc2ncnn2C1
OCNT-2314390,CYP3A4,3.339706515,3.533776111639822,3,MURCKO::O=C(Cc1nc2csnc2c(=O)[nH]1)NCCc1ccccc1
OCNT-2314405,CYP3A4,4.955052688,4.002381432713232,2,MURCKO::O=C(Cc1ccc(C2CCC2)cc1)Nc1c[nH]nc1-c1ccccn1
OCNT-2314412,CYP3A4,5.998393518,4.068465196923238,4,MURCKO::c1ccc(Oc2cnc(SCc3nc4cccnc4[nH]3)nc2)cc1
OCNT-2314427,CYP3A4,2.04207704,3.488871708044932,3,MURCKO::O=C(NC1(c2ncon2)CCCC1)c1ccccn1
OCNT-2314439,CYP3A4,2.02647341,3.5453702483588803,2,MURCKO::O=C(NCc1ccccc1)N1CCCCC1
OCNT-2314446,CYP3A4,4.223559652,4.1769298430943245,3,MURCKO::O=C(CCc1c[nH]c2ccccc12)N1CCN(C(=O)C2CCCN2)CC1
OCNT-2314450,CYP3A4,5.671453385,3.9511801619367706,2,MURCKO::O=C(Nc1cn[nH]c1)c1cc(-c2ccccc2)nc2ccccc12
OCNT-2314452,CYP3A4,3.7820209,4.096715239785489,0,MURCKO::O=C(CC1CCC1)Nc1ccc2ncsc2c1
OCNT-2314454,CYP3A4,4.18621691,3.8227287176870384,1,MURCKO::O=C(NCc1ccccc1)c1n[nH]c2nc[nH]c(=O)c12
OCNT-2314457,CYP3A4,4.530198892,4.105326725018091,2,MURCKO::c1ccc(Cn2cncc2Cn2cc(Cn3cncn3)nn2)cc1
OCNT-2314458,CYP3A4,4.34431094,4.678189173677305,0,MURCKO::O=C(NCc1ccccc1)c1ccccc1
OCNT-2314461,CYP3A4,4.680554038,3.7876469285174506,3,MURCKO::C1=CC2CC1CC2c1nc(-c2ccc(N3CCCNCC3)nc2)no1
OCNT-2314465,CYP3A4,4.482847083,3.7594898628289846,2,MURCKO::O=C(Nc1cccc(-c2nnc[nH]2)c1)c1ccc2c(c1)CCN2
OCNT-2314480,CYP3A4,3.940609063,3.5143839835850064,3,MURCKO::O=C(c1ccco1)N1CCN(Cc2coc(-c3ccccc3)n2)CC1
OCNT-2314483,CYP3A4,5.429143218,4.054190394302261,4,MURCKO::O=C(CN1CCN(c2cncc3ccccc23)CC1)Nc1ccccc1
OCNT-2314484,CYP3A4,5.414823933,4.684118937412102,0,MURCKO::O=C(NCCc1nc2ccccc2s1)c1ccccc1
OCNT-2314487,CYP3A4,5.5349876,3.3467173160903108,3,MURCKO::O=C(NCc1ccccc1)NCc1nc(-c2ccccc2)n[nH]1
OCNT-2314492,CYP3A4,4.48071232,3.9335724316517933,1,MURCKO::O=C(c1ccnc2[nH]ncc12)N1CCC=C(c2ccccc2)C1
OCNT-2314502,CYP3A4,5.534735125,3.8173710899871094,0,MURCKO::O=c1[nH]c(CSc2nc3ccccc3[nH]2)nc2c1cnn2-c1ccccc1
OCNT-2314508,CYP3A4,3.067235793,3.9581175973331844,2,MURCKO::O=C(Nc1nc2ccccc2s1)c1cccn2nccc12
OCNT-2314511,CYP3A4,4.203086397,4.2133599584859205,4,MURCKO::O=C(c1nn[nH]c1C1CC1)N1CCCC1
OCNT-2314515,CYP3A4,3.559019998,4.382245571998085,1,MURCKO::c1cnn(C2CCNCC2)c1
OCNT-2314516,CYP3A4,4.76811988,3.8629962212302322,2,MURCKO::O=C(NC1CCN(Cc2ccccc2)C1=O)c1ccc2nc[nH]c2c1
OCNT-2314523,CYP3A4,3.803409853,4.210426054439691,1,MURCKO::O=C(Cc1ccc2cccnc2c1)NCC12CC1COC21CCC1
OCNT-2314524,CYP3A4,3.909895802,4.556817498353491,1,MURCKO::O=C(Nc1ccc(-c2nc(C3CC3)no2)cc1)C1CCCN1
OCNT-2314527,CYP3A4,2.377254123,4.366542903420131,4,MURCKO::O=C(NCC12CCCC1OCC2)C1CCCN1C(=O)c1ccccc1
OCNT-2314534,CYP3A4,4.92615128,4.138748041291988,0,MURCKO::O=C(Nc1c[nH]c2ccccc12)c1conc1C1CCCC1
OCNT-2314539,CYP3A4,5.67336373,4.2979573918479135,4,MURCKO::O=C(Cc1n[nH]c2ccccc12)NC1CCCN(C(=O)c2ccco2)C1
OCNT-2314547,CYP3A4,4.622010702,4.57835358628345,0,MURCKO::O=C(CSc1nc2ccccc2s1)N1CCCCC1
OCNT-2314548,CYP3A4,5.439484532,4.640635062191039,1,MURCKO::O=C(NCC1CCN(C(=O)c2cnn(-c3ccncc3)c2)CC1)c1n[nH]c2ccccc12
OCNT-2314553,CYP3A4,4.897850725,4.916107075404357,3,MURCKO::O=C(Cc1ccc2[nH]cnc2c1)Nc1cccc(OCCn2cncn2)c1
OCNT-2314561,CYP3A4,3.998607307,4.515365482002403,0,MURCKO::O=C(CCC12CCC(CC1)C2)NC1CCC(=O)NC1c1ccccc1
OCNT-2314575,CYP3A4,4.123829245,4.442974319013848,1,MURCKO::O=C(NCC1CC1c1ccccc1)N1CC(N2CCCC2=O)C1
OCNT-2314583,CYP3A4,3.563062267,3.585315489414174,3,MURCKO::O=C(Cc1ccc2[nH]cnc2c1)Nc1cccc(N2C(=O)CCC2=O)c1
OCNT-2314584,CYP3A4,4.811152585,4.417029045901984,3,MURCKO::O=C(NC1CCNC1=O)c1cc(-c2ccncc2)n[nH]1
OCNT-2314586,CYP3A4,2.428004025,3.692563954098191,3,MURCKO::c1ccc2c(c1)CCNC2
OCNT-2314591,CYP3A4,4.34038317,3.471845255737383,0,MURCKO::O=C(Nc1nnc2ccccn12)N1CCCC1CCc1ccccc1
OCNT-2314602,CYP3A4,4.70872063,4.638502497298101,0,MURCKO::O=C(Nc1ccc2cc[nH]c2c1)c1cn(Cc2ccncc2)nn1
OCNT-2314606,CYP3A4,2.142887003,3.7891077695487683,2,MURCKO::O=C(Nc1cc[nH]n1)c1ccc2[nH]c(=O)[nH]c2c1
OCNT-2314610,CYP3A4,3.973031015,4.862964400115921,1,MURCKO::O=C(NCC1CCCN1c1ccncn1)c1cc[nH]n1
OCNT-2314613,CYP3A4,3.315846993,3.7894097007221648,2,MURCKO::O=C(C1CCNCC1)N1CC(c2ccccc2)C1
OCNT-2314617,CYP3A4,5.33447703,4.270306358353328,1,MURCKO::O=C(Nc1ccccc1)c1cc(C2CC2)nc2ccccc12
OCNT-2314619,CYP3A4,2.966886657,3.760891605392124,4,MURCKO::O=C(Cc1coc(-c2cccs2)n1)N1CCC(CCN2CCOCC2)CC1
OCNT-2314621,CYP3A4,3.021040135,4.2422255560172815,4,MURCKO::O=C(NCc1nc(-c2ccccc2)n[nH]1)C1CCCN1
OCNT-2314631,CYP3A4,2.080469738,3.1318965633004128,4,MURCKO::c1ccc(-c2nccs2)cc1
OCNT-2314636,CYP3A4,4.05435501,3.4962094376277157,1,MURCKO::O=C(c1cccs1)N1CCCC1
OCNT-2314665,CYP3A4,3.86937792,4.914415275652247,1,MURCKO::O=C(Cc1cccc2cnccc12)N1CCC(N2CCNCC2)C1
OCNT-2314667,CYP3A4,3.99294753,3.8887747655489866,4,MURCKO::O=C1NC(=O)C2(CCCN(C(=O)c3cccc4cccnc34)C2)N1
OCNT-2314673,CYP3A4,4.076483598,4.440548632968333,4,MURCKO::O=C1CC(Cn2cc(-c3cccc(C(=O)Nc4ccccc4)c3)nn2)CN1
OCNT-2314691,CYP3A4,5.554580797,4.039181696979293,1,MURCKO::O=C(CCc1nc(-c2ccncc2)no1)N1CCCCC1Cc1ccccc1
OCNT-2314693,CYP3A4,4.197972335,4.201485467577459,4,MURCKO::O=C(NCCN1CCc2ccccc21)NC1CC12CCOCC2
OCNT-2314694,CYP3A4,5.360387323,4.332522226046798,2,MURCKO::O=C(NC1CCN(C(=O)CCc2ccccc2)CC1)c1ccc2cnccc2n1
OCNT-2314715,CYP3A4,3.364755675,3.7695721568138008,3,MURCKO::O=S(=O)(c1ccccc1)N1CCCC(c2nnc[nH]2)C1
OCNT-2314726,CYP3A4,1.98395145,4.037603127080425,3,MURCKO::O=C(NCCN1CCNCC1)NC1CCCN(c2ccccc2)C1=O
OCNT-2314739,CYP3A4,4.431477645,4.266744581186408,0,MURCKO::c1ccc(C(CNc2ccncn2)N2CCOCC2)cc1
OCNT-2314744,CYP3A4,5.19545769,4.133951477415221,0,MURCKO::O=S(=O)(NC1CC1c1ccccc1)c1cnn2c1CNCC2
OCNT-2314747,CYP3A4,4.165063628,4.390305113687848,4,MURCKO::O=C(Cc1cnn(-c2ccccc2)c1)N1CCN(c2nc[nH]n2)CC1
OCNT-2314759,CYP3A4,5.514929448,4.776844172234148,4,MURCKO::O=C(NCC1(c2ccccc2)CCC1)NCC1(N2CCOCC2)CC1
OCNT-2314763,CYP3A4,4.856294702,4.518722183309944,2,MURCKO::O=C(CC1CCCC1)NC1CCC(C(=O)NCc2ccncc2)CC1
OCNT-2314778,CYP3A4,3.73312804,4.040336256840654,3,MURCKO::O=C1NCCCC1Sc1nnnn1-c1c[nH]n(-c2ccccc2)c1=O
OCNT-2314787,CYP3A4,4.73096113,4.263619687276535,4,MURCKO::c1ccc(CCNCc2ccccc2)cc1
OCNT-2314800,CYP3A4,4.761407988,3.7180172955298496,3,MURCKO::c1ccc(Nc2ccnc(-c3ccccn3)n2)cc1
OCNT-2314809,CYP3A4,4.294925585,3.692189807108282,0,MURCKO::O=C(Nc1cccc2c1CCN2)c1ccn(-c2ccccc2)n1
OCNT-2314818,CYP3A4,4.617135968,3.736879516454575,1,MURCKO::c1ccc(-c2nc(-c3cc(N4CCNCC4)ccn3)no2)cc1
OCNT-2314820,CYP3A4,1.92663114,3.834877543324894,2,MURCKO::O=c1[nH]c2c(cc1-c1noc(-c3ccccc3)n1)CNCC2
OCNT-2314827,CYP3A4,5.50751886,4.59764179616774,4,MURCKO::O=C(C1CNc2ccccc2O1)N1CCc2ccccc2C1
OCNT-2314858,CYP3A4,4.993322645,3.5368081472782174,0,MURCKO::c1ccc(CNc2ccc3nnc(-c4ccccc4)n3n2)cc1
OCNT-2314872,CYP3A4,2.30295617,4.148172016131555,4,MURCKO::O=C(CC1CCCCC1)Nc1cnn(CC(=O)N2CCOCC2)c1
OCNT-2314877,CYP3A4,5.515822192,3.868707939870895,3,MURCKO::O=C(N1CCc2nc[nH]c(=O)c2C1)C1(Cc2ccccc2)CCc2ccccc21
OCNT-2314884,CYP3A4,5.129911368,4.23723829527776,1,MURCKO::O=C(Nc1c[nH]nc1-c1ccccn1)c1ccccn1
OCNT-2314895,CYP3A4,4.529635632,4.1531266005877105,2,MURCKO::O=C(Nc1ccc(S(=O)(=O)Nc2nccs2)cc1)c1ccccc1
OCNT-2314902,CYP3A4,2.548094117,3.594527306678837,3,MURCKO::O=C1CCCCN1CC1CCN(c2ccccn2)CC1
OCNT-2314910,CYP3A4,3.23126642,3.4057052794428024,4,MURCKO::O=C(Nc1cccc(-n2cnnn2)c1)c1cc(-n2cccn2)ccn1
OCNT-2314924,CYP3A4,4.374533585,4.661309473705225,3,MURCKO::O=C1NCCN(C(=O)NC2CCc3ccccc32)C1c1ccccc1
OCNT-2314927,CYP3A4,4.300442835,4.514627305312115,4,MURCKO::c1ccc(-n2cnc3ccccc32)cc1
OCNT-2314929,CYP3A4,4.061734572,4.314468504065211,3,MURCKO::c1ccc(NCc2ncn[nH]2)cc1
OCNT-2314946,CYP3A4,3.791126203,3.887680374649661,1,MURCKO::O=C(NC1CCN(C(=O)c2nncs2)CC1)c1ccccc1
OCNT-2314968,CYP3A4,4.934840957,4.359488239329848,0,MURCKO::O=C(N1CCc2[nH]ncc2C1)C1(c2ccccc2)CCC1
OCNT-2314969,CYP3A4,5.158835765,4.474864924827368,1,MURCKO::O=C(CNC1CCC12CCCCC2)Nc1nccs1
OCNT-2314972,CYP3A4,3.133178047,3.9150064981875494,0,MURCKO::O=C1CCCC(CNC(=O)c2cc3ccccc3o2)N1
OCNT-2314985,CYP3A4,3.4981825,3.6391988512875733,2,MURCKO::O=C(NCC1CC(=O)N(Cc2ccccc2)C1)c1cccnc1
OCNT-2314988,CYP3A4,2.339968912,4.523445092505951,4,MURCKO::O=C(NC1CCNCC1)c1cn(Cc2ccccc2)nn1
OCNT-2314989,CYP3A4,4.759673223,4.356083048957812,3,MURCKO::c1ccc2[nH]c(-c3ccc4c(c3)CCCN4)nc2c1
OCNT-2314990,CYP3A4,3.884827768,3.65396446437693,2,MURCKO::O=C(NC1CNCC1c1ccccc1)c1cccnc1
OCNT-2314993,CYP3A4,3.757790875,4.347217116518963,2,MURCKO::O=C(NC1(C(=O)N2CCc3n[nH]c(=O)cc3C2)CCCC1)c1ccc2[nH]ncc2c1
OCNT-2314994,CYP3A4,4.476862575,4.232943664827307,3,MURCKO::O=C(Cc1ccccc1)N1CCC(c2cc[nH]n2)C1
OCNT-2314995,CYP3A4,5.388103757,4.532594024340282,1,MURCKO::O=S(=O)(c1ccccn1)N1CCOCC1CC1CCOC1
OCNT-2315007,CYP3A4,4.085128685,4.298559595611709,1,MURCKO::O=C(NCc1cn[nH]c1)c1ccc(-c2cn[nH]c2)cn1
OCNT-2315008,CYP3A4,5.11520141,4.542218313661971,4,MURCKO::O=C(NCc1cc2ccccc2s1)NCC12CC1COC21CCC1
OCNT-2315009,CYP3A4,2.097287925,3.5562559098650643,2,MURCKO::O=C1COCC(CC2CN(C(=O)Cn3ccnc3)c3ccccc32)N1
OCNT-2315042,CYP3A4,4.288542807,3.620383848815647,0,MURCKO::O=C(Cc1csc2ccsc12)N1CC2CCCC2C1
OCNT-2315044,CYP3A4,2.263925345,4.205059215761954,2,MURCKO::O=C(Nc1ccc(CC(=O)N2CCNCC2)cc1)c1cc(=O)[nH]c(C2CC2)n1
OCNT-2315045,CYP3A4,5.139681483,4.2882426140829155,2,MURCKO::O=C1CCCCN1Cc1nc(Cc2cnc[nH]2)no1
OCNT-2315056,CYP3A4,5.226343625,4.137338682999843,2,MURCKO::O=C(c1cc2ccccc2o1)N1CCc2ccccc2C1
OCNT-2315064,CYP3A4,4.827346797,4.320431635856011,0,MURCKO::O=C(c1cnc2[nH]nnc2c1)N1CCC(Oc2ccncc2)CC1
OCNT-2315072,CYP3A4,4.720121932,3.73912228683418,3,MURCKO::O=C(NCCN1CCOCC1)c1cnc(-c2ccccc2)s1
OCNT-2315078,CYP3A4,5.376955667,4.03571744105023,1,MURCKO::O=C(CCCc1ccc2[nH]c(=O)[nH]c2c1)Nc1ccc(C(=O)Nc2cccnc2)cc1
OCNT-2315079,CYP3A4,3.329598892,4.2271378325869335,3,MURCKO::O=C(NCCN1CCCCC1)NCc1ccnc(-n2cccn2)c1
OCNT-2315082,CYP3A4,3.643544107,3.641400410092748,2,MURCKO::O=C(Nc1ccc2c(c1)CNCC2)c1cnc2ccccc2c1
OCNT-2315089,CYP3A4,4.079953387,4.244192496229113,4,MURCKO::O=C(CCc1nc2sc3c(c2c(=O)[nH]1)CCCC3)Nc1ccn[nH]1
OCNT-2315097,CYP3A4,4.356792138,3.6694864572503656,4,MURCKO::c1ccc2c(C3CCN(Cc4ncc[nH]4)CC3)c[nH]c2c1
OCNT-2315099,CYP3A4,3.744549413,4.573962634750049,0,MURCKO::O=C(Cc1c[nH]c2ccccc12)N1CCOC2CCNCC21
OCNT-2315103,CYP3A4,3.21232539,3.5901457637778047,3,MURCKO::O=C(Cc1ccccc1)N1CCC(c2ncccn2)CC1
OCNT-2315110,CYP3A4,3.812234123,3.569549119752375,0,MURCKO::O=C(c1nc2ccccc2c(=O)[nH]1)N1CCC(Cc2ccccc2)C1
OCNT-2315113,CYP3A4,5.0783533,4.017067445069705,3,MURCKO::O=C(Nc1ccccc1)Nc1ccc(Oc2ccccc2)nc1
OCNT-2315114,CYP3A4,4.27330808,3.903189425434585,3,MURCKO::O=C(NC1CCN(C(=O)CCc2ccccc2)CC1)c1cc2ncccn2n1
OCNT-2315120,CYP3A4,3.276763837,3.595007697478486,0,MURCKO::O=C(NS(=O)(=O)CCC1CCCC1)c1cc2n(n1)CCO2
OCNT-2315133,CYP3A4,5.401497447,4.129874500246638,1,MURCKO::c1cncc(C2CCCN2Cc2cn[nH]c2)c1
OCNT-2315145,CYP3A4,4.441895018,4.540426801520305,1,MURCKO::O=C(Cc1ccccc1)N1CCCC(NCc2cnc3ccccn23)C1
OCNT-2315146,CYP3A4,4.905761982,4.114517654562954,3,MURCKO::O=C1CCC(N2C(=O)c3ccc(CCCNc4ncnc5ccccc45)cc3C2=O)C(=O)N1
OCNT-2315147,CYP3A4,3.566373487,4.535827082967955,2,MURCKO::O=C(NCc1ncon1)c1cccc(-c2ncn[nH]2)c1
OCNT-2315152,CYP3A4,2.80016467,4.069461996433658,3,MURCKO::O=C(NCC1(N2CCCCC2)CCCCC1)N1CCCCC1
OCNT-2315175,CYP3A4,3.442916252,3.570633934051062,1,MURCKO::O=C(NCCN1CCOCC1)c1ccc(-c2cccs2)cc1
OCNT-2315179,CYP3A4,3.398660913,3.4211552562122978,3,MURCKO::O=C(Cn1ccnn1)NCC1(N2CCOCC2)CCCCC1
OCNT-2315185,CYP3A4,5.138592392,4.079161213053963,0,MURCKO::O=C(NCc1ccccc1)C1CC1c1ccccc1
OCNT-2315193,CYP3A4,5.613314305,3.6046822246169636,2,MURCKO::O=C(Cc1sc(-c2cccs2)nc1-c1ccccc1)NCc1ccc2c(c1)CC(=O)N2
OCNT-2315195,CYP3A4,4.883755237,3.895316457286923,2,MURCKO::O=C(Cn1c(=O)oc2ccccc21)NCCc1ccccc1
OCNT-2315200,CYP3A4,4.899862077,3.9514012326705927,4,MURCKO::O=C(NCc1ccc(C(=O)N2CCNCC2)cc1)Nc1cccc(-c2cccs2)c1
OCNT-2315202,CYP3A4,4.783223722,4.12627539188063,0,MURCKO::O=S(=O)(NCc1cnoc1)c1ccc2occc2c1
OCNT-2315204,CYP3A4,3.52338631,4.733500560958396,1,MURCKO::c1nc2cc3c(cc2s1)OCCO3
OCNT-2315215,CYP3A4,4.796851405,4.434515434666788,4,MURCKO::O=C(c1cc2ccccc2c(=O)[nH]1)N1CCc2ccccc21
OCNT-2315217,CYP3A4,5.450506855,4.7865353122997325,1,MURCKO::O=C(NCC1CCN(c2ccccc2)C1)c1cccn2c(=O)[nH]nc12
OCNT-2315219,CYP3A4,3.638123242,4.343036490918352,0,MURCKO::O=C(c1cc2ccccc2[nH]1)N1CCc2[nH]c(=O)ccc2C1
OCNT-2315232,CYP3A4,5.3413464,3.8542093825709713,4,MURCKO::O=C(NC1CC2(CCCC2)Oc2ccccc21)c1c[nH]nn1
OCNT-2315233,CYP3A4,4.78964746,3.8263280257443717,3,MURCKO::O=S(=O)(c1ccns1)N1CCCc2ccccc21
OCNT-2315237,CYP3A4,5.616899258,3.702090566910066,0,MURCKO::O=C(Nc1nc2ccccc2n1CCc1ccccn1)c1csc(-c2ccsc2)n1
OCNT-2315250,CYP3A4,4.988022958,4.248869422170394,3,MURCKO::O=S(=O)(Nc1ccccc1)c1ccccc1
OCNT-2315265,CYP3A4,3.01280373,4.184172898262406,0,MURCKO::c1ccc2c(N3CCNCC3)ncnc2c1
OCNT-2315270,CYP3A4,4.180143682,4.2738559357876085,3,MURCKO::O=C(c1ccnc2oncc12)N1CCOCC1C1CC1
OCNT-2315273,CYP3A4,5.485690025,3.9977557936807355,0,MURCKO::O=C(Nc1ccc(N2CCc3sccc3C2)nc1)C1CCC(=O)N1Cc1ccccc1
OCNT-2315275,CYP3A4,4.005393523,3.851960742002819,0,MURCKO::c1ccc2c(c1)OCCC2NCc1cnn[nH]1
OCNT-2315276,CYP3A4,4.647690202,4.0980661943298085,0,MURCKO::O=C(Nc1nccs1)c1ccccc1OC1CCCC1
OCNT-2315280,CYP3A4,4.545108273,4.40431422939568,4,MURCKO::O=C1NCCN1C1CCCN(c2ccnc3ccccc23)C1
OCNT-2315284,CYP3A4,5.609922897,4.311387623096319,4,MURCKO::c1ncc(N2CCCC2)nc1OC1CCCCC1
OCNT-2315293,CYP3A4,3.14349923,3.585823958622007,4,MURCKO::c1ccc2sc(NC3CCNC3)nc2c1
OCNT-2315294,CYP3A4,4.52305964,4.038532718288044,3,MURCKO::O=C1NC(=O)c2cc(NC(=O)N3CCCC(C(=O)Nc4ccccn4)C3)ccc21
OCNT-2315308,CYP3A4,4.013506505,4.282716557554545,1,MURCKO::O=C(Cc1cccnc1)NC1Cc2ccccc2C1
OCNT-2315311,CYP3A4,4.745603835,4.44055720779138,1,MURCKO::O=C(Nc1ccon1)N1CCN(c2ncnc3sccc23)CC1
OCNT-2315315,CYP3A4,2.965374128,3.736843272990514,1,MURCKO::O=C(NCc1n[nH]c(=O)[nH]1)C1CC1c1ccccc1
OCNT-2315321,CYP3A4,3.59988098,3.7632455243687533,4,MURCKO::O=C(Cc1ccccc1)N1CCNCC1
OCNT-2315327,CYP3A4,4.99004783,4.420370232951763,0,MURCKO::O=C(CC1(c2ccccc2)CCCO1)Nc1ccn(Cc2ccccc2)n1
OCNT-2315329,CYP3A4,4.836769645,4.037657194889275,1,MURCKO::O=C(Nc1nccc(C2CC2)n1)c1nc2ccccc2cc1C1CC1
OCNT-2315333,CYP3A4,4.243629817,3.383749700833436,0,MURCKO::O=S(=O)(Nc1cccc(-n2cnnn2)c1)c1ccccc1
OCNT-2315342,CYP3A4,4.644875938,4.836893717703916,2,MURCKO::O=S1(=O)CCCN1C1CCN(c2ncnc3ccsc23)CC1
OCNT-2315357,CYP3A4,2.712027158,3.9576186128457675,0,MURCKO::O=C(CSC1CC1)Nc1ccc(-c2ncon2)cc1
OCNT-2315366,CYP3A4,4.79525214,3.76080619012861,0,MURCKO::O=S(=O)(Nc1cccc2c1OCCC2)c1cccs1
OCNT-2315368,CYP3A4,5.117736675,4.483395592097872,0,MURCKO::O=C(NC1CCCc2c1cnn2Cc1ccccc1)N1CCCC(c2nc3ccccc3[nH]2)C1
OCNT-2315370,CYP3A4,5.43474031,4.980135785798433,1,MURCKO::O=C(NC1CCOc2ccccc21)N1CCC1c1ccncc1
OCNT-2315371,CYP3A4,3.907509923,4.358535540106537,3,MURCKO::O=S(=O)(NC1CCCCC1)c1ccccc1
OCNT-2315375,CYP3A4,2.818435335,3.809079740356015,0,MURCKO::O=C(NC1CCCOc2ccccc21)C1CCC1
OCNT-2315379,CYP3A4,5.21404602,4.305110443719905,4,MURCKO::O=C(C1CCNCC1)N1CCN(C2CC2)c2ccccc21
OCNT-2315381,CYP3A4,5.657193265,4.025610604327651,0,MURCKO::O=C(NCc1ccccc1)c1ccccc1
OCNT-2315382,CYP3A4,2.107904373,3.6347733003116396,1,MURCKO::O=C(NC1CCOCC1)C1CCCc2ccccc21
OCNT-2315392,CYP3A4,5.403072745,3.9158560953852946,0,MURCKO::O=S(=O)(Nc1cn[nH]c1C1CC1)c1cccc2ncccc12
OCNT-2315395,CYP3A4,3.368762803,3.913892048539302,1,MURCKO::O=C(CNC(=O)c1cc[nH]c1)Nc1cccnc1
OCNT-2315398,CYP3A4,3.72303155,4.360939645287763,3,MURCKO::O=C(NC1CCNC1=O)c1csc(-c2ccco2)n1
OCNT-2315401,CYP3A4,1.93753613,3.6959349076820103,3,MURCKO::O=C1CCCc2ccccc2N1
OCNT-2315413,CYP3A4,4.12339492,4.115300249201304,3,MURCKO::O=C(c1ccccc1)N1CCN(C(=O)c2cccs2)CC1
OCNT-2315416,CYP3A4,3.849254713,3.764243329404499,2,MURCKO::O=C(c1cocn1)N1CCN(c2ccccn2)CC1
OCNT-2315417,CYP3A4,2.754289857,4.36279758416268,1,MURCKO::O=C(NCC1CCN(Cc2cccs2)CC1)c1ccco1
OCNT-2315425,CYP3A4,3.833124142,3.883516565225854,1,MURCKO::c1nc2c(c(NCC3CCC3)n1)CCCC2
OCNT-2315443,CYP3A4,4.446970708,4.39603420666532,1,MURCKO::O=S(=O)(NC1CC(c2ccccc2)C1)c1ccccc1
OCNT-2315445,CYP3A4,4.700584767,4.204179561955401,3,MURCKO::O=C(c1coc(C2CC2)n1)N1CCOc2ccccc21
OCNT-2315447,CYP3A4,3.261156718,4.158840768468811,1,MURCKO::O=C(c1ccnc(C(=O)N2CCCC3(CC3)C2)c1)N1CCCC2(CC2)C1
OCNT-2315450,CYP3A4,3.631761013,4.563155027611075,2,MURCKO::O=C(Cc1ccccc1)NC1CC(=O)N(CCN2CCOCC2)C1
OCNT-2315451,CYP3A4,5.865305562,4.297270658795452,0,MURCKO::c1ccc2c(c1)CN(c1ncnc3ccccc13)CC21CC1
OCNT-2315454,CYP3A4,3.029105668,3.6411316419917976,0,MURCKO::c1ccc2scnc2c1
OCNT-2315457,CYP3A4,1.98943914,3.274723151954395,0,MURCKO::O=S(=O)(c1ccn[nH]1)N1CCCc2ccccc21
OCNT-2315458,CYP3A4,4.661217348,3.858612234994534,2,MURCKO::O=C(c1ccccc1)N1CCCC(n2ccnn2)C1
OCNT-2315468,CYP3A4,5.350106043,4.523036128428564,4,MURCKO::c1cc(-c2noc(C34CCCN(CCC3)C4)n2)cc(-n2ccnc2)c1
OCNT-2315472,CYP3A4,4.636902988,4.346374286424638,1,MURCKO::O=C(NC1CC=CCC1)c1ccc(S(=O)(=O)NC2CC2)cc1
OCNT-2315479,CYP3A4,2.213438478,3.9277422415823144,4,MURCKO::O=C(NCc1cccnc1)c1ccc(N2CCNCC2)cc1
OCNT-2315480,CYP3A4,5.336830762,4.523267719475577,4,MURCKO::O=S(=O)(Nc1cccnc1)c1ccc2c(c1)CCO2
OCNT-2315482,CYP3A4,5.249099615,4.154497621990991,2,MURCKO::O=C1Cc2ccc(CC(=O)N3CCC4CCC43c3cccnc3)cc2N1
OCNT-2315483,CYP3A4,5.911397433,3.661397971799565,3,MURCKO::c1ccc(N2CCCN(c3ncns3)CC2)cc1
OCNT-2315485,CYP3A4,4.463683472,3.9904883298228615,1,MURCKO::O=C(Cc1ccccc1)N1CCCn2nncc2C1
OCNT-2315493,CYP3A4,2.68327334,4.402691961245254,0,MURCKO::O=C1CC(C(=O)N2CCN(c3ccccc3)CC2)C(c2cccnc2)N1
OCNT-2315505,CYP3A4,4.923971202,3.7174386399440915,0,MURCKO::c1ccc(-c2n[nH]cc2CN2CCC(c3c[nH]c4ncccc34)CC2)cc1
OCNT-2315508,CYP3A4,2.79644159,3.7938935159075475,4,MURCKO::O=C(Nc1ccc2ncnn2c1)c1ccc(C(=O)N2CCOCC2)cc1
OCNT-2315509,CYP3A4,2.861527915,3.8541490031595718,2,MURCKO::O=C1NCCC1NCc1ncn2c1CCCC2
OCNT-2315513,CYP3A4,2.326213823,4.432036655387653,2,MURCKO::O=C(Nc1cccnc1N1CCCC1)N1CCc2cn[nH]c2C1
OCNT-2315531,CYP3A4,3.878634088,4.679312028989827,1,MURCKO::O=C(CN1CCN(c2ncn[nH]2)CC1)N1CCCCC1
OCNT-2315538,CYP3A4,3.49402962,3.930250244063271,4,MURCKO::c1ccc(-c2cn(Cc3cnccn3)nn2)cc1
OCNT-2315546,CYP3A4,2.580084513,4.225518302137845,4,MURCKO::O=C(C1CCCNC1)N1CCc2ccccc2C1
OCNT-2315548,CYP3A4,4.65121589,3.7096090937756276,4,MURCKO::O=C(NCc1ccncc1)c1ccccc1
OCNT-2315550,CYP3A4,4.153826653,4.086167938304031,4,MURCKO::c1ccc(-c2nc(N3CCN(c4ncccn4)CC3)no2)cc1
OCNT-2315556,CYP3A4,4.400874178,4.143373679666884,2,MURCKO::O=C(NCc1ccc(-c2ccn[nH]2)cc1)C(=O)N1CCc2cccnc2C1
OCNT-2315557,CYP3A4,3.5545027,3.431719959511688,4,MURCKO::O=c1[nH]nc(C2CCCN2CC=Cc2ccccc2)[nH]1
OCNT-2315560,CYP3A4,3.180074418,3.4997978632207385,2,MURCKO::O=C(Cc1ccccc1)N1CCCCC1
OCNT-2315567,CYP3A4,4.037111138,4.534230378860244,4,MURCKO::O=C(Nc1ccccc1)NC1CCCN(C2CCCCC2)C1=O
OCNT-2315571,CYP3A4,3.80374558,3.7069408709296847,0,MURCKO::c1cnc(N2CCN(C3CCCNC3)CC2)cn1
OCNT-2315575,CYP3A4,5.772226727,4.365769001831713,1,MURCKO::O=C(c1cccc2ccncc12)N(Cc1ccccc1)CC1CCC1
OCNT-2315589,CYP3A4,4.596498785,4.127186848949688,4,MURCKO::O=S(=O)(Nc1ccccc1)c1cnc2ccccc2c1
OCNT-2315600,CYP3A4,4.298569355,3.921673101378656,1,MURCKO::O=C(Nc1ccccc1)c1cc2cccnc2[nH]1
OCNT-2315605,CYP3A4,5.024742918,4.0754839715979925,0,MURCKO::O=C(NCC1COC2(CCCCC2)O1)Nc1ncns1
OCNT-2315609,CYP3A4,5.483920203,3.8332678315190862,3,MURCKO::O=S(=O)(Nc1ccccc1)NC1CCCC1
OCNT-2315615,CYP3A4,4.174989627,3.96598231504501,2,MURCKO::O=C(c1ccc2oc(=O)[nH]c2c1)N1CCOCC12CCCCC2
OCNT-2315622,CYP3A4,5.82727867,4.385932762580308,2,MURCKO::c1ccc2[nH]c(CNC3CCC(Cn4ccnc4)C3)cc2c1
OCNT-2315623,CYP3A4,4.068717858,3.83540025600196,2,MURCKO::O=C(Nc1nc2ccccc2[nH]1)c1ccc2[nH]c(=O)[nH]c2c1
OCNT-2315627,CYP3A4,4.941017302,4.157374821862981,0,MURCKO::c1ccc2c(C3CCN(c4cnc5c(n4)CCCC5)CC3)noc2c1
OCNT-2315645,CYP3A4,3.74622023,3.7857540128703064,4,MURCKO::O=C1CCN(CC(=O)N2CCOc3ccccc32)C(=O)N1
OCNT-2315653,CYP3A4,4.310096775,4.125673588705254,4,MURCKO::O=S(=O)(Cc1noc2c1CCCCC2)NCCc1ncon1
OCNT-2315654,CYP3A4,2.137261065,3.6492093657410187,2,MURCKO::O=C(Nc1ccnn1C1CCC1)N1CCC(N2CCNCC2)C1
OCNT-2315660,CYP3A4,2.23280475,4.584995583524182,4,MURCKO::O=C(NC1CC(=O)N(CCN2CCOCC2)C1)c1cccnc1C1CC1
OCNT-2315663,CYP3A4,2.489100355,4.4242749153589385,0,MURCKO::O=C(NCC1(c2ccccc2)CCC1)Nc1cn[nH]c1
OCNT-2315667,CYP3A4,5.194751392,5.105370142089317,3,MURCKO::O=C(Nc1cccc(-c2ccncc2)c1)c1ccccc1
OCNT-2315679,CYP3A4,5.695400875,3.649777594769149,2,MURCKO::O=C(c1cnn2ccccc12)N1CCOc2ccccc21
OCNT-2315688,CYP3A4,4.48484173,4.06906578722094,4,MURCKO::O=C(CCn1ccc2ccccc21)NCC1CCCC(=O)N1
OCNT-2315696,CYP3A4,4.572099113,4.075894963853557,2,MURCKO::O=C(Cc1ccc2c(c1)CCCC2)N1CCCCC1
OCNT-2315698,CYP3A4,3.339524093,4.7236574325655205,0,MURCKO::O=C(Cc1ccccc1)N1CC2CS(=O)(=O)CC2C1
OCNT-2315702,CYP3A4,2.357468963,3.8690147205953007,4,MURCKO::O=C(Nc1ccn(CC(=O)N2CCOCC2)n1)c1ccncc1
OCNT-2315705,CYP3A4,4.822124495,3.4627989739871605,1,MURCKO::O=C(c1ccccc1-n1cnnc1)N1CCc2ccccc21
OCNT-2315711,CYP3A4,5.140769328,4.428917153279337,2,MURCKO::O=C(c1ccccc1)N1CC2(CCC2)c2ccccc21
OCNT-2315716,CYP3A4,3.633658937,3.5196429316139897,1,MURCKO::c1ccc2c(OCC3CCOCC3)cccc2c1
OCNT-2315719,CYP3A4,3.94278584,3.923694140426105,3,MURCKO::c1cc(N2CCOCC2)ccc1-c1noc(C2CC3CCC2O3)n1
OCNT-2315721,CYP3A4,4.150867857,3.9446871666016396,3,MURCKO::O=C(Nc1cccc2nccnc12)N1CCC(C2CCC2)CC1
OCNT-2315725,CYP3A4,2.305296658,4.285971782049712,3,MURCKO::O=C1CCCC(CC(=O)N2CCc3ccccc3C2)N1
OCNT-2315728,CYP3A4,5.053660932,5.115612593375643,4,MURCKO::O=C(c1c[nH]nc1-c1ccsc1)N1CCOC2(CCc3ccccc32)C1
OCNT-2315731,CYP3A4,3.552908173,3.789623688833713,3,MURCKO::O=C(Cc1c[nH]c2ccccc12)N1CCN(c2cc(=O)[nH]cn2)CC1
OCNT-2315734,CYP3A4,3.533409043,3.8360725742153923,2,MURCKO::O=C(Nc1ccccc1)c1scnc1-c1ccccc1
OCNT-2315738,CYP3A4,3.88369952,4.490691844560063,1,MURCKO::O=C(NC1CC(Oc2ccccc2)C1)c1conc1C1CC1
OCNT-2315740,CYP3A4,4.491280823,4.0225241407897006,2,MURCKO::O=C(c1n[nH]c2c1CCCN2)N1CCN(c2ccccn2)CC1
OCNT-2315742,CYP3A4,2.579210993,3.8471559167123566,4,MURCKO::O=C(NCc1ncno1)c1cccc(N2CCNC2=O)c1
OCNT-2315747,CYP3A4,5.405866807,4.81787160042985,2,MURCKO::O=C(Cc1ccccc1)N1CCc2nc[nH]c2C12CCC2
OCNT-2315748,CYP3A4,2.76789295,3.6394727792429897,4,MURCKO::O=C(Nc1ccccc1)c1ccccc1
OCNT-2315749,CYP3A4,3.05670292,4.657168118746865,3,MURCKO::O=C(Cc1ccccc1)N1CCCC1
OCNT-2315764,CYP3A4,3.389942373,3.5031218262287567,2,MURCKO::O=S(=O)(NCCN1CCCC1)c1cnc2ccccc2c1
OCNT-2315767,CYP3A4,2.44907719,4.242775986968583,1,MURCKO::O=C(NC1CCCCC1)N1CC2CC(C1)c1cccc(=O)n1C2
OCNT-2315780,CYP3A4,4.167065945,4.009826076212943,2,MURCKO::O=C(Nc1cc(CC2CC2)nn1-c1ccccc1)N1CCCCCC1
OCNT-2315791,CYP3A4,3.54550777,4.201328688375104,2,MURCKO::O=C1CCc2cc(C(=O)OCC(=O)N3CCc4ccccc43)ccc2N1
OCNT-2315799,CYP3A4,4.506671895,4.519122019131681,1,MURCKO::O=C(CC(C1CCC1)C1CCC1)NC1CCCOC1c1ncc[nH]1
OCNT-2315808,CYP3A4,2.151907,4.117305073378718,3,MURCKO::O=C(CC1CCC1)Nc1cccc2[nH]ncc12
OCNT-2315813,CYP3A4,3.58144519,4.170723980417479,1,MURCKO::O=C(Cc1ccccc1)N1CCC(Cn2c(=O)[nH]c3cccnc3c2=O)C1
OCNT-2315823,CYP3A4,5.494192525,3.9983617215379876,1,MURCKO::O=C(Nc1ccccc1Cc1ccccc1)C(=O)N1CCC(c2c[nH]c3ncccc23)CC1
OCNT-2315824,CYP3A4,3.772401475,4.173134289097427,4,MURCKO::O=C(NCc1[nH]nc2c1CCCC2)C1CCN(c2ccccc2)C1=O
OCNT-2315826,CYP3A4,4.97033459,4.043016266021087,4,MURCKO::O=C(NCCc1nc(-c2ccccc2)n[nH]1)c1ccccn1
OCNT-2315832,CYP3A4,4.526358505,4.26939862046147,3,MURCKO::c1ccc(OC2CC2)c(Cn2cc(CN3CCCCC3)nn2)c1
OCNT-2315833,CYP3A4,2.0258516,3.589107834931002,2,MURCKO::O=C(c1cnn(C2CCOCC2)c1)N1Cc2ccccc2C1
OCNT-2315836,CYP3A4,4.331722552,3.3256832586143354,3,MURCKO::O=C(Cn1cc(-c2cscn2)nn1)N1CCc2ccccc21
OCNT-2315838,CYP3A4,4.868253535,3.976709483753089,3,MURCKO::O=C1CCC(N2Cc3ccc(-n4cc(C5CCCC5)nn4)cc3C2=O)C(=O)N1
OCNT-2315846,CYP3A4,4.547197975,3.936097475780336,2,MURCKO::O=C(c1cn(Cc2ccccc2)nn1)N1CC=CCC1
OCNT-2315851,CYP3A4,5.454642985,4.482123883812203,4,MURCKO::O=C(Nc1nc(C2CCOCC2)cs1)NC1CCCC1
OCNT-2315861,CYP3A4,2.36334372,3.427085039045058,2,MURCKO::O=C(NS(=O)(=O)c1ccc(-n2cccn2)cc1)c1ccnn1-c1ccccc1
OCNT-2315874,CYP3A4,2.608455535,3.5396395170229495,0,MURCKO::O=C(c1ccco1)N1CCOCC12CCCCC2
OCNT-2315886,CYP3A4,5.360840558,4.130634630385696,4,MURCKO::O=C(Nc1ccncc1)N1CCCC(Cc2ccccc2)C1
OCNT-2315893,CYP3A4,2.84721,4.465044623561524,2,MURCKO::O=C(NCc1cn[nH]c1)C1(c2ccccc2)CCCO1
OCNT-2315900,CYP3A4,3.177873855,3.7979163200401067,0,MURCKO::O=C(Cc1n[nH]c2ccccc12)Nc1cccc(C(=O)N2CCCCC2)c1
OCNT-2315906,CYP3A4,6.313210545,4.709268579169685,0,MURCKO::O=C(Nc1c[nH]nc1-c1nccs1)c1ccccc1
OCNT-2315908,CYP3A4,5.3511341,4.9315199276716335,0,MURCKO::O=C(Cc1ccccc1)N1CCCc2occc2C1
OCNT-2315916,CYP3A4,3.24355174,3.8171388990406085,0,MURCKO::O=C(NC1CCN(CCc2ccccc2)CC1)c1cn[nH]c1
OCNT-2315931,CYP3A4,2.70369167,4.032591889198343,3,MURCKO::O=C1CCC(N2C(=O)c3ccc(OCC(=O)Nc4ccn[nH]4)cc3C2=O)C(=O)N1
OCNT-2315934,CYP3A4,3.993944288,3.812952983064037,3,MURCKO::c1cc(CNc2ccc3c(c2)NCC3)[nH]n1
OCNT-2315938,CYP3A4,3.13753483,3.887178278788622,2,MURCKO::O=C(NCc1nc2ccccc2c(=O)[nH]1)c1ccncn1
OCNT-2315945,CYP3A4,2.708443003,3.909097224628536,0,MURCKO::O=C1CCc2cc(NC(=O)C3CCCN3)ccc2N1
OCNT-2315948,CYP3A4,5.280398492,4.190849863257818,2,MURCKO::O=C(Nc1cccc(-c2cn[nH]c2)c1)c1cnc(-c2cnoc2)s1
OCNT-2315950,CYP3A4,5.16842578,4.328163718087294,2,MURCKO::O=C(c1[nH]nc2ccccc12)N1CCNc2ccccc21
OCNT-2315959,CYP3A4,2.060436595,3.5418742501037097,0,MURCKO::O=C(NC1CCCC1)c1ccc(-n2cccn2)cc1
OCNT-2315960,CYP3A4,5.641604007,4.76639850092731,2,MURCKO::O=C(NCc1ccccc1)N1CCCC(n2ccnc2)C1
OCNT-2315972,CYP3A4,6.322848957,4.120088257956456,2,MURCKO::O=C(CCc1nc(-c2ccccc2)no1)N1CCC(c2c[nH]cn2)CC1
OCNT-2315973,CYP3A4,2.517685372,4.409336962019609,2,MURCKO::O=C1NC(=O)C2(CCCN(C(=O)c3cn[nH]c3C3CC3)C2)N1
OCNT-2315976,CYP3A4,2.254028288,3.513859640368972,1,MURCKO::O=C(c1ccc2[nH]c(=O)[nH]c2c1)N1CCCC1
OCNT-2315988,CYP3A4,4.392342102,3.787283668941077,4,MURCKO::O=C(Cn1c(=O)sc2ccccc21)N1CCCCC1
OCNT-2315992,CYP3A4,4.1545921,3.936178438002434,0,MURCKO::O=C(NCCc1c[nH]c2ccccc12)c1cn(C2CCC2)nn1
OCNT-2315996,CYP3A4,5.974041725,4.667450033864036,2,MURCKO::O=C(Nc1ccncc1)C1CCN(C(=O)Nc2nc3ccccc3s2)CC1
OCNT-2315997,CYP3A4,5.582712518,4.79694840482011,3,MURCKO::O=C(NCCc1ccccc1)C1(c2ccccc2)CCCC1
OCNT-2315998,CYP3A4,2.241415588,4.0237515427073705,4,MURCKO::c1ccc(C2CCN(Cc3cn[nH]c3)CC2)cc1
OCNT-2316003,CYP3A4,3.221427133,4.259872455639861,0,MURCKO::O=C(NC1CCCN(Cc2nnc3n2CCCC3)C1)c1ccc2ccccc2c1
OCNT-2316020,CYP3A4,5.32308748,3.631576248450035,3,MURCKO::O=C1NC(=O)C(c2cccc(-c3noc(-c4cccc5c6c([nH]c45)CCCC6)n3)c2)N1
OCNT-2316035,CYP3A4,3.416008155,3.9962049667853567,0,MURCKO::O=C1CCC(N2Cc3ccc(CNC(=O)c4c[nH]nc4-c4ccccc4)cc3C2=O)C(=O)N1
OCNT-2316037,CYP3A4,3.382432502,3.944557479565228,1,MURCKO::O=C(c1csc(=O)[nH]1)N1CCCC1c1ccccc1
OCNT-2316079,CYP3A4,4.222630207,4.167749742959846,0,MURCKO::O=C(NCc1cn[nH]c1)C1CCCN1C(=O)c1ccc2ccccc2c1
OCNT-2316093,CYP3A4,6.075636388,4.1321738657429,1,MURCKO::O=S(=O)(NC1CCOc2ccccc21)c1ccccc1
OCNT-2316095,CYP3A4,3.528682627,4.280329978239163,3,MURCKO::O=C(c1ccc2[nH]cnc2c1)N1CCC(Cn2cncn2)CC1
OCNT-2316099,CYP3A4,4.288646478,4.135126697142134,2,MURCKO::O=C1CCC(N2C(=O)c3ccccc3C2=O)C(=O)N1
OCNT-2316102,CYP3A4,1.991538522,4.015452133996798,0,MURCKO::O=C(C1CCC1)N1CCC(N2CCNCC2)CC1
OCNT-2316103,CYP3A4,2.193592918,3.5104879454818723,3,MURCKO::O=S(=O)(Nc1ccccc1)c1ccccc1
OCNT-2316105,CYP3A4,3.59407185,4.0765489667225365,2,MURCKO::O=C(Nc1cn[nH]c1)N1CCOc2ccccc2C1
OCNT-2316109,CYP3A4,6.41252839,4.685491135139037,3,MURCKO::c1ccc(-n2cc(-c3ccc4cnccc4c3)nn2)cc1
OCNT-2316110,CYP3A4,3.815318973,4.717356108484542,4,MURCKO::c1cc(-n2cc(CN3CCOCC3)nn2)c2ccncc2c1
OCNT-2316112,CYP3A4,1.962093413,3.4741597175624257,4,MURCKO::c1ccn2cc(Cn3ccnn3)nc2c1
OCNT-2316115,CYP3A4,4.51463321,3.886717461976094,4,MURCKO::c1ccc(CCn2cc(-c3cccc4c3CCCC4)nn2)cc1
OCNT-2316138,CYP3A4,2.339529442,4.312466918254349,0,MURCKO::O=C1COc2cccc(OCc3ncno3)c2N1
OCNT-2316140,CYP3A4,2.895642507,4.127300121530623,1,MURCKO::O=C(c1ccc(-n2cnc3ccccc32)nc1)N1CCCC1
OCNT-2316141,CYP3A4,5.199269245,4.1826890312620275,3,MURCKO::O=C(Cc1ccc2c(c1)OCO2)NCC12CCCC1OCC2
OCNT-2316148,CYP3A4,4.583025637,4.220780001484517,4,MURCKO::O=S(=O)(Nc1cnoc1C1CC1)c1ccc2c(c1)OCCCO2
OCNT-2316158,CYP3A4,3.824272543,4.413142170822873,4,MURCKO::O=C(C1CC1)N1CCN(S(=O)(=O)Cc2ccccc2)CC1
OCNT-2316163,CYP3A4,2.926350382,4.440391382088462,4,MURCKO::O=C(NC1CCCN(C(=O)c2cocn2)C1)c1ccccc1
OCNT-2316175,CYP3A4,4.829044793,4.516056932297959,0,MURCKO::O=C(NCC1COCCN1)c1cccc2ccoc12
OCNT-2316176,CYP3A4,4.870506967,4.513986493172124,0,MURCKO::c1c(CNCC2CCCCC2)nn2c1CCCC2
OCNT-2316177,CYP3A4,2.148783127,3.6084721425124564,3,MURCKO::O=C1NCCC1NS(=O)(=O)c1cnc2cccnn12
OCNT-2316185,CYP3A4,5.11460172,4.1061090780530805,1,MURCKO::O=C(c1ccc2[nH]ncc2c1)N1CCCC(C(=O)N2CCC3(C2)Oc2ccccc2O3)C1
OCNT-2316187,CYP3A4,3.936897763,3.5490470954086657,4,MURCKO::O=C(Cn1ncc2cccnc21)N1CCCC(c2ccn[nH]2)C1
OCNT-2316191,CYP3A4,6.168070013,4.324759909036745,3,MURCKO::O=C(NC1(c2ccccc2)CC1)c1c[nH]c2ncccc12
OCNT-2316194,CYP3A4,4.552659145,3.901710047789841,4,MURCKO::O=C1CCCCCN1CCCNS(=O)(=O)c1cccs1
OCNT-2316196,CYP3A4,4.670915082,4.862520197029257,3,MURCKO::O=C1NCCN1CC1CCN(C(=O)c2cc3ccncc3s2)CC1
OCNT-2316197,CYP3A4,2.155422967,3.80315074256246,2,MURCKO::O=C(c1ccccc1)N1CCCN(C(=O)c2cc(=O)[nH]cn2)CC1
OCNT-2316216,CYP3A4,2.55846311,4.676384175465039,0,MURCKO::O=C(NCC1CCOC1)NC1CS(=O)(=O)c2ccccc21
OCNT-2316217,CYP3A4,2.5482557,4.394656681839103,1,MURCKO::O=C(C1CC1)N1CCN(c2ncns2)CC1
OCNT-2316222,CYP3A4,4.271523163,4.343251247228822,1,MURCKO::O=C(NCc1cccc(-n2cncn2)c1)N1CCCC1
OCNT-2316229,CYP3A4,3.9861229,3.489350729123187,3,MURCKO::O=C(Nc1ccc(Cn2cccn2)cc1)c1c[nH]nc1-c1cccnc1
OCNT-2316235,CYP3A4,3.207199585,3.9683453886390327,3,MURCKO::O=C(Nc1ccc(N2CCOCC2)nc1)c1ccnc(NC(=O)C2CC2)c1
OCNT-2316236,CYP3A4,2.25192644,4.4416366006217345,3,MURCKO::O=C(NCc1n[nH]c2c1CNCC2)c1ccc2[nH]ncc2c1
OCNT-2316252,CYP3A4,2.647839822,3.4322933188431537,3,MURCKO::O=C(NC1CCCc2sccc21)N1CCCCC1
OCNT-2316256,CYP3A4,4.992441115,4.695969179028638,1,MURCKO::O=C(NCCc1cc[nH]n1)NC1CCc2ccccc21
OCNT-2316257,CYP3A4,3.104530867,3.4624101516716808,4,MURCKO::O=C1Cc2cc(CNC(=O)c3nc[nH]n3)ccc2N1
OCNT-2316274,CYP3A4,2.090774792,4.047051810391136,1,MURCKO::O=C(Nc1ccc2nc[nH]c2c1)C1OCCO1
OCNT-2316276,CYP3A4,4.944613473,3.800825736013465,1,MURCKO::O=C1CCC(n2cnc3c(NC(=O)c4ccc5c(c4)CCO5)cccc3c2=O)C(=O)N1
OCNT-2316278,CYP3A4,4.24217269,4.083112569618076,2,MURCKO::O=C(NCc1cn[nH]c1)NC1CC1c1ccccc1
OCNT-2316303,CYP3A4,4.475472498,3.7374342782210395,1,MURCKO::O=C(NCc1ccn(-c2ccccc2)n1)c1ccccc1
OCNT-2316305,CYP3A4,4.775317718,5.3578098013309585,1,MURCKO::O=C1CN(C(=O)CCn2ccnc2)CCN1
OCNT-2316311,CYP3A4,5.159158775,3.97964397511735,4,MURCKO::O=C(NC1CCCc2occc21)c1c[nH]c2ccccc2c1=O
OCNT-2316329,CYP3A4,4.44528248,3.86361564712606,0,MURCKO::O=C(c1cc2ccccc2o1)N1CCN(Cc2ccon2)CC1
OCNT-2316339,CYP3A4,4.049907037,4.55288608420677,1,MURCKO::O=C(NCCc1cc2ccccc2[nH]1)C1CCc2ncnn2C1
OCNT-2316352,CYP3A4,4.627867098,4.000118943653246,2,MURCKO::O=C(NC1CCC(c2ccccc2)C1)c1ccc2[nH]c(=O)[nH]c2c1
OCNT-2316358,CYP3A4,3.961920067,4.130459282503381,3,MURCKO::O=C(CCc1ccccc1)N1CCCCC1
OCNT-2316359,CYP3A4,4.651495482,3.561238225781441,1,MURCKO::O=C(Cn1cnc2ccccc21)Nc1cccc(N2CCNC2=O)c1
OCNT-2316367,CYP3A4,5.097348278,4.511801495336221,0,MURCKO::O=C(NC12CC3CC(CC(C3)C1)C2)c1cscn1
OCNT-2316374,CYP3A4,3.076821783,3.807394454086414,1,MURCKO::O=C(NCc1ccccc1)N1CCCC1
OCNT-2316403,CYP3A4,4.446449742,3.7720530613422567,0,MURCKO::O=C(NC1CCN(c2ccc3nncn3n2)C1)c1ccccc1
OCNT-2316408,CYP3A4,4.687366985,3.651911150923239,0,MURCKO::O=C(Nc1ccc(-c2nc3ccccc3[nH]2)cc1)c1ccccc1
OCNT-2316420,CYP3A4,5.58953025,5.386480530984321,0,MURCKO::O=C(CCc1c[nH]c2ccccc12)Nc1cccc(Oc2ccccc2)c1
OCNT-2316424,CYP3A4,3.827092787,4.190934720149782,1,MURCKO::O=C(c1ccc2[nH]ncc2c1)N1CC(CC2COCCN2)c2ccccc21
OCNT-2316432,CYP3A4,5.955409647,4.828079545849926,4,MURCKO::O=S(=O)(Nc1ccccc1N1CCOCC1)c1cccc2ccccc12
OCNT-2316438,CYP3A4,4.968702988,4.585597757509655,4,MURCKO::O=C(NC1CC1)C1Cc2ccccc2CN1Cc1cc[nH]n1
OCNT-2316445,CYP3A4,2.408920215,3.7588841185028845,0,MURCKO::c1ccc2[nH]c(-c3ccn[nH]3)nc2c1
OCNT-2316451,CYP3A4,2.601646085,3.656273220437726,3,MURCKO::O=C(Cc1cc[nH]n1)Nc1ccc2c(c1)CCN2
OCNT-2316459,CYP3A4,5.74655907,4.467291250463346,4,MURCKO::O=C(NCCc1ccccc1)NC(c1ccccc1)c1nnc[nH]1
OCNT-2316462,CYP3A4,4.26923471,4.274775370253079,4,MURCKO::O=C(NCc1nc2c(s1)COCC2)C1CCc2ccccc2C1
OCNT-2316464,CYP3A4,4.78611958,4.13152745112192,3,MURCKO::O=C(NC1CCCc2[nH]ncc21)c1cccc2cccnc12
OCNT-2316472,CYP3A4,1.956486295,4.589443247755884,3,MURCKO::O=C(NC1CCN(c2ccccn2)CC1)C1CCCN1
OCNT-2316474,CYP3A4,5.017209357,4.118683502341079,0,MURCKO::c1ccc(-c2cn(Cc3noc4c3CCCC4)nn2)cc1
OCNT-2316486,CYP3A4,4.626496515,4.015915202883142,2,MURCKO::O=C(Nc1ccc(CN2CCOC2=O)cc1)c1c[nH]nc1-c1ccccn1
OCNT-2316490,CYP3A4,4.726639045,4.077831799903967,1,MURCKO::O=C(NC1CCC1)c1ccc2[nH]ncc2c1
OCNT-2316507,CYP3A4,4.708411847,4.255560459127807,1,MURCKO::O=C(Nc1ccon1)N1CC2(CCCC2)C1c1ccccc1
OCNT-2316512,CYP3A4,4.9787672,3.37547240041627,4,MURCKO::c1ccc(C2(c3noc(Cn4cnnn4)n3)CCCC2)cc1
OCNT-2316531,CYP3A4,6.02859067,4.90331540240029,2,MURCKO::O=C(NCc1ccccc1)Nc1ccn(C2CCCCC2)n1
OCNT-2316551,CYP3A4,2.038925782,4.670578579955409,3,MURCKO::O=C1C(N2CCNCC2)CCN1c1ccccc1
OCNT-2316554,CYP3A4,4.811813028,4.411659486677229,0,MURCKO::O=C(NC1CCN(c2ccncn2)CC1)c1ccccc1
OCNT-2316557,CYP3A4,5.535707637,4.762001639792937,3,MURCKO::O=C(Nc1ccccc1)NC1(c2ccccc2)CCC1
OCNT-2316563,CYP3A4,4.276835885,4.151972494150019,4,MURCKO::O=C(NCc1ccccc1)C1CC12CCCC2
OCNT-2316564,CYP3A4,4.103501182,4.156737484258929,0,MURCKO::O=C(Nc1cccc2c1CCO2)c1cnn2ccccc12
OCNT-2316565,CYP3A4,3.434911945,3.903023577058895,4,MURCKO::O=C(NCCc1ccccc1)c1ccncc1
OCNT-2316566,CYP3A4,5.09684456,3.61807311581016,0,MURCKO::c1ccc(C2(c3noc(Cn4cccn4)n3)CCOCC2)cc1
OCNT-2316582,CYP3A4,5.588364035,4.332172134031732,0,MURCKO::c1cn2nc(C3CCC3)cc2c(Nc2ccc3[nH]c(C4CC4)nc3c2)n1
OCNT-2316583,CYP3A4,5.65842894,5.1119008814051075,2,MURCKO::O=C(Nc1ccc2[nH]c(-c3ccncc3)nc2c1)c1ccccc1
OCNT-2316589,CYP3A4,3.568440847,3.666506303134357,0,MURCKO::O=C(NC1CCNC1=O)c1cc2ccccc2[nH]1
OCNT-2316600,CYP3A4,4.531237573,3.908529381818135,1,MURCKO::O=C1CCC(N2Cc3c(NC(=O)Cn4cc(-c5ccccc5)nn4)cccc3C2=O)C(=O)N1
OCNT-2316608,CYP3A4,2.058639235,3.567668546435162,3,MURCKO::O=C(c1nccc2cccnc12)N1CC2NCCOC2C1
OCNT-2316633,CYP3A4,5.09465059,3.473439777886155,3,MURCKO::O=C(Nc1ccccc1)c1cn(-c2cccc3ncccc23)nn1
OCNT-2316636,CYP3A4,5.933411468,4.632073497266245,4,MURCKO::O=C(Nc1ccccc1)c1ccccc1
OCNT-2316654,CYP3A4,6.116331845,4.624706844098251,3,MURCKO::O=C(Nc1ccc2cn[nH]c2c1)c1c[nH]c2ccccc12
OCNT-2316656,CYP3A4,3.185495683,4.413683954886315,2,MURCKO::O=C(NC1CCCn2ncnc21)N1CCC(c2nccs2)CC1
OCNT-2316662,CYP3A4,4.265591472,4.987949979317362,3,MURCKO::c1ccc(Cn2cc(CN3CCOCC3)nn2)cc1
OCNT-2316664,CYP3A4,4.96712044,4.2981602072630665,3,MURCKO::O=C1C(n2cc(-c3cnc[nH]3)nn2)CCCN1c1ccccc1
OCNT-2316666,CYP3A4,3.788497435,4.696770542911526,2,MURCKO::c1nc(N2CCCCC2)cc(N2CCCC2)n1
OCNT-2316671,CYP3A4,5.377073688,3.457820997143158,4,MURCKO::O=C(Nc1ccc2c(c1)NCC2)c1ccc(-n2cnnn2)cc1
OCNT-2316684,CYP3A4,2.095675728,3.903556911570087,2,MURCKO::O=C1CCC(C(=O)Nc2nccnc2C2CC2)N1
OCNT-2316687,CYP3A4,6.008129135,4.770047697304389,2,MURCKO::O=C(Nc1nc2ccccc2s1)Nc1cccc2c1OCCO2
OCNT-2316690,CYP3A4,5.3171875,4.6710527165198075,2,MURCKO::O=S(=O)(Cc1ccccc1)Cc1cc[nH]n1
OCNT-2316697,CYP3A4,3.07113841,4.328770708441167,1,MURCKO::O=C(CC1CCC1)Nc1ccccc1
OCNT-2316702,CYP3A4,2.348349242,3.6616187369675988,2,MURCKO::O=C(c1nn[nH]c1C1CCCN1)N1CCOC(c2ccccc2)C1
OCNT-2316707,CYP3A4,5.163538417,4.5216901473068605,0,MURCKO::O=C(NCCc1nc2ccccc2s1)C1NCC12CCOCC2
OCNT-2316708,CYP3A4,4.49443749,4.317817350792789,1,MURCKO::c1ccc(C2CC2c2nc(-c3cn[nH]c3)no2)cc1
OCNT-2316720,CYP3A4,5.07417144,4.339198717988636,1,MURCKO::O=C(NCCN1CCc2ccccc2C1)Nc1cccc(C(=O)Nc2ccccn2)c1
OCNT-2316735,CYP3A4,5.006224675,5.062258245046447,3,MURCKO::c1coc(CN2CCC(c3c[nH]cn3)CC2)n1
OCNT-2316737,CYP3A4,4.86275608,4.306956605212123,1,MURCKO::O=C(NC1CCCOC1)c1cnn(Cc2ccccc2)c1
OCNT-2316738,CYP3A4,4.852963905,4.235223953384667,2,MURCKO::O=C(Nc1cc(C2CC2)[nH]n1)Nc1cccc2ccccc12
OCNT-2316739,CYP3A4,5.039546772,4.3693888128573075,0,MURCKO::O=C(Nc1ccccc1)N1CCCC(C2CCOCC2)C1
OCNT-2316742,CYP3A4,3.270820033,3.7901552230871234,1,MURCKO::O=C(c1cc[nH]n1)N1CCOCc2ccccc21
OCNT-2316744,CYP3A4,3.97700968,3.5115270365199907,1,MURCKO::c1ccc(-c2nc(C3CCCN3c3ccncn3)n[nH]2)cc1
OCNT-2316746,CYP3A4,4.44835762,4.494950823177885,4,MURCKO::O=C(Nc1cccc(-c2ccn[nH]2)c1)c1cnc(C2CCCO2)s1
OCNT-2316747,CYP3A4,2.132930655,4.064163642882337,1,MURCKO::c1ccc(C2CCNCC2)nc1
OCNT-2316749,CYP3A4,4.489789415,4.178604692993038,0,MURCKO::O=C(Nc1nncs1)c1ccccc1OCC1CC1
OCNT-2316754,CYP3A4,2.083278458,3.986198858802349,4,MURCKO::O=C(NCCN1CCOCC1)Nc1cn[nH]c1
OCNT-2316761,CYP3A4,5.375990985,3.8468787181122455,2,MURCKO::O=C(CCc1nc2sc3c(c2c(=O)[nH]1)CCC3)Nc1nc(-c2ccc[nH]2)cs1
OCNT-2316764,CYP3A4,3.00186335,3.799047561385022,2,MURCKO::O=C(CCCn1c(=O)[nH][nH]c1=O)NC1C2CCc3ccccc3C21
OCNT-2316765,CYP3A4,2.764280053,4.013144137419508,1,MURCKO::O=C1CC(C(=O)Nc2cccc3ncccc23)CCN1
OCNT-2316766,CYP3A4,2.729272685,3.8543067008570464,1,MURCKO::O=C(Nc1ccc(-n2ccnn2)cc1)c1ccccc1
OCNT-2316767,CYP3A4,4.897643767,4.642932751155263,4,MURCKO::O=C(CN1CCN(C2CC2)C1=O)NC(C(=O)Nc1cncc2ccccc12)c1ccccc1
OCNT-2316774,CYP3A4,2.02545452,3.6908077388721434,4,MURCKO::O=C(NCCc1ccccc1)c1occ2c1CCOC2
OCNT-2316803,CYP3A4,4.553666823,4.588585945183713,3,MURCKO::c1ccc(-c2ccc[nH]2)cc1
OCNT-2316815,CYP3A4,3.67162816,3.8465510561842904,0,MURCKO::O=C(Cn1ncc2cccnc21)Nc1cn[nH]c1
OCNT-2316821,CYP3A4,4.325517667,3.9217791379097076,2,MURCKO::O=C(c1cnc(C2CC2)o1)N1CCC2CCC21c1cccnc1
OCNT-2316832,CYP3A4,3.27627787,3.873926401717238,2,MURCKO::O=C(NC1CCOCC1)c1cccc2ccccc12
OCNT-2316834,CYP3A4,3.876297028,4.107607072135092,0,MURCKO::O=C(NCc1ccccc1)c1ccco1
OCNT-2316855,CYP3A4,2.27828584,3.458409476887315,4,MURCKO::O=C(CNS(=O)(=O)c1ccccc1)NCCc1ccccc1
OCNT-2316859,CYP3A4,3.800100432,3.795852898289716,3,MURCKO::O=C(NCc1nnc2ccccn12)N1CC2CSCC(C2)C1
OCNT-2316864,CYP3A4,2.675550747,3.6894366722467056,3,MURCKO::O=C1CCc2cc(OCCNC(=O)C3CC4OCCC4N3)ccc2N1
OCNT-2316870,CYP3A4,4.895498672,4.633386096187116,1,MURCKO::O=C(Nc1cccnc1)C1CC1c1ccccc1
OCNT-2316876,CYP3A4,3.98073007,3.8115151456537943,3,MURCKO::O=S(=O)(c1ccccc1)N1CC2(CCNCC2)C2COCC21
OCNT-2316879,CYP3A4,5.014764858,4.248510746990656,4,MURCKO::O=C(NCc1ccccn1)NCc1cc[nH]n1
OCNT-2316884,CYP3A4,2.71402715,3.569287649863756,4,MURCKO::O=C(Cc1ccc(=O)[nH]c1)Nc1cccc(C(=O)NC2CC2)c1
OCNT-2316891,CYP3A4,2.447324098,3.7852258064195583,4,MURCKO::O=C(c1ccc2ncsc2c1)N1CCC2(CC1)CNC1COCC12
OCNT-2316896,CYP3A4,2.140792532,3.8847697203231286,2,MURCKO::O=C(NCCc1nc(=O)o[nH]1)c1cc2c(=O)[nH]c(=O)[nH]c2[nH]1
OCNT-2316904,CYP3A4,4.734570817,4.040771400879026,1,MURCKO::O=C(c1ccncc1)N1CCC2(CCc3ccccc3O2)CC1
OCNT-2316909,CYP3A4,2.852250885,3.9115741059911073,1,MURCKO::O=C(NCc1nc(=O)o[nH]1)c1ccc(N2CCCCCC2)cc1
OCNT-2316915,CYP3A4,2.148021065,4.005077692638906,3,MURCKO::O=C(NCc1ccccc1)NCC1CNCCO1
OCNT-2316917,CYP3A4,3.108848067,4.489126857978348,4,MURCKO::O=C(NCc1cscn1)NC1Cc2ccccc2C1
OCNT-2316921,CYP3A4,4.65552182,4.420063225627045,2,MURCKO::O=C(Cc1ccccc1)NCC1(N2CCCCC2)CCOCC1
OCNT-2316931,CYP3A4,4.982124815,3.9329512701361056,4,MURCKO::O=C(CCc1cnc[nH]c1=O)N1CCCC1c1ccccc1
OCNT-2316933,CYP3A4,4.689175693,3.9226990281778997,1,MURCKO::O=C(NCc1nc2ccccc2[nH]1)C1CCCN(C(=O)c2ccccc2)C1
OCNT-2316937,CYP3A4,2.107960063,4.151260611534109,2,MURCKO::O=C1CN(C(=O)CNc2ccccc2)CCCN1
OCNT-2316947,CYP3A4,5.110956855,5.15012677493946,3,MURCKO::O=C(NCCc1ccccc1)c1cccc2c1OCC2
OCNT-2316948,CYP3A4,5.21036032,3.614727770706715,3,MURCKO::O=C(Cn1ncc2ccccc2c1=O)N1Cc2ccccc2C2(CC2)C1
OCNT-2316959,CYP3A4,5.543489062,4.2186868323259485,1,MURCKO::O=C(CCc1ccccc1)N1CCCC(n2ccnc2)C1
OCNT-2316960,CYP3A4,3.750865307,4.048967418027769,2,MURCKO::O=C(NC1(c2ncccn2)CCOCC1)c1cc[nH]c1
OCNT-2316962,CYP3A4,2.02355393,3.832878971454984,4,MURCKO::O=C(NCC1(c2cn[nH]c2)CCCO1)c1cc[nH]c(=O)c1
OCNT-2316975,CYP3A4,6.128164072,4.3382850730767935,1,MURCKO::O=S(=O)(NCCCc1cccnc1)c1ccccc1
OCNT-2316976,CYP3A4,5.739264047,3.9164194329668556,4,MURCKO::O=C(Nc1cccc(-c2cn[nH]c2)c1)c1cccc2c1OCO2
OCNT-2316984,CYP3A4,1.982199055,3.8924011310707236,4,MURCKO::O=C(NCc1ccccc1)c1ccnnc1
OCNT-2316997,CYP3A4,4.96020237,4.27491587701484,0,MURCKO::O=C(NC1CCCN(c2ccn[nH]2)C1)N1CCc2ccccc2C1
OCNT-2317002,CYP3A4,3.327621795,3.7308420346750157,2,MURCKO::O=C(Nc1ccccc1)c1ccn[nH]1
OCNT-2317023,CYP3A4,5.23919741,4.175794030893218,3,MURCKO::O=C(CCc1cnoc1)N1CCCCC1
OCNT-2317024,CYP3A4,4.146107025,4.092317662265732,2,MURCKO::O=C(COCc1ccon1)N1CCCN(c2ccccc2)CC1
OCNT-2317028,CYP3A4,3.347411623,5.0550347255578405,1,MURCKO::O=C(c1cnn(-c2ccncc2)c1)N1CCNCC1
OCNT-2317039,CYP3A4,5.151749772,4.817466305431327,2,MURCKO::O=C(NCc1nc(-c2ccncc2)cs1)N1CCCC1
OCNT-2317044,CYP3A4,3.18994724,4.0610999736770585,2,MURCKO::c1ccc(CNc2nccn3nc(C4CCC4)cc23)cc1
OCNT-2317059,CYP3A4,5.109322383,4.55299699303177,2,MURCKO::O=C(NCc1cccc(N2CCOCC2)n1)c1ccc2c(c1)CCCC2
OCNT-2317061,CYP3A4,3.120573165,3.9067079769949298,0,MURCKO::O=C(CN1CCCCC1)N1CCc2ccccc21
OCNT-2317065,CYP3A4,3.188994638,4.148752662008198,3,MURCKO::O=C(Cn1nc2n(c1=O)CCCC2)NC1CNCC1c1cnc[nH]1
OCNT-2317066,CYP3A4,2.11706234,3.998522335235128,2,MURCKO::O=C(C1CCCN1C(=O)c1ccccc1)N1Cc2nc[nH]c(=O)c2C1
OCNT-2317067,CYP3A4,4.10975147,4.340819439763759,2,MURCKO::O=C(NC1CCCCC1)c1cc(-c2ccccc2)ccn1
OCNT-2317070,CYP3A4,4.592901402,3.7498111941637626,4,MURCKO::O=C1CCC(Nc2nc(-c3ccccc3)no2)CN1
OCNT-2317072,CYP3A4,4.228604095,4.4690519386325045,4,MURCKO::O=C(NCc1ccccc1)C1CCCN1C(=O)c1ccccc1
OCNT-2317077,CYP3A4,3.466350815,4.638260633668415,2,MURCKO::c1ccc(CCC2CCCN2)cc1
OCNT-2317078,CYP3A4,2.89010585,3.706206618182284,1,MURCKO::O=C(NCc1cccc2c1OCC2)Nc1ccncn1
OCNT-2317079,CYP3A4,1.935694702,4.244358678941853,1,MURCKO::O=C(NCC1CCCc2ccccc21)NC1CCOC1
OCNT-2317086,CYP3A4,1.917312778,4.120913808507138,2,MURCKO::O=C(Cc1n[nH]c2c1CCCC2)NCc1ccccc1
OCNT-2317092,CYP3A4,4.767247157,4.041095066438412,4,MURCKO::O=C(NCC1CCN(Cc2ncco2)CC1)c1[nH]nc2c1CCCC2
OCNT-2317101,CYP3A4,3.610829595,3.531430152641831,4,MURCKO::O=C(Nc1ccccc1)N1CCC(C2CCOCC2)CC1
OCNT-2317107,CYP3A4,3.769107792,3.673280888107535,1,MURCKO::O=C(C1SCCc2ccccc21)N1CCCC1c1nnco1
OCNT-2317114,CYP3A4,2.452434113,4.0578374409231275,4,MURCKO::O=C(C1CCNC1)N1CCCN(C2CCCC2)CC1
OCNT-2317116,CYP3A4,4.210244568,4.266209415049789,0,MURCKO::O=C(CCc1nc(-c2ccoc2)no1)N1CCCC1CN1CCCC1
OCNT-2317123,CYP3A4,4.856156598,3.774721298591289,4,MURCKO::O=C(Cc1ccccc1)N1CCCN(C(=O)c2ccccc2)CC1
OCNT-2317126,CYP3A4,5.29543816,4.151172543900738,1,MURCKO::O=C(NCc1ccc(C2CCC2)cc1)N1CCN(C(=O)c2ccco2)CC1
OCNT-2317127,CYP3A4,4.490067515,3.8379210598297795,0,MURCKO::O=C(NCC(=O)N1CCC(Cc2cn[nH]c2)C1)c1ccccc1
OCNT-2317132,CYP3A4,4.912268013,3.679291748238697,1,MURCKO::O=C(C1CSC(c2ccccc2)=N1)N1CCc2ccccc21
OCNT-2317134,CYP3A4,5.00127224,4.439292010180534,3,MURCKO::O=C(c1ccc2[nH]ccc2c1)N1CCCCC1c1ncc[nH]1
OCNT-2317135,CYP3A4,4.804200035,3.375541923623123,1,MURCKO::O=C(Cn1cnc2ccsc2c1=O)N1CCCc2ccccc21
OCNT-2317136,CYP3A4,3.794024557,3.76771578078468,3,MURCKO::O=C(c1ccccc1)N1CCN(C(=O)c2ccccc2)CC1
OCNT-2317143,CYP3A4,2.695901525,4.0183185620711095,4,MURCKO::O=C(Nc1cccnc1)N1CCCCCC1
OCNT-2317154,CYP3A4,4.956704597,4.520383153503314,0,MURCKO::O=C(NC1C2CCc3ccccc3C21)N1CCOc2ccccc2C1
OCNT-2317155,CYP3A4,2.101922857,3.602606758579562,0,MURCKO::O=C(c1ccc2[nH]cnc2c1)N1CCOC(c2cn[nH]c2)C1
OCNT-2317156,CYP3A4,1.9755053,3.343769486505648,4,MURCKO::O=C(COc1ccccc1)N1CCCCC1
OCNT-2317166,CYP3A4,2.54340782,4.204822708235417,3,MURCKO::O=C1CN(C(=O)c2ccon2)CCN1
OCNT-2317169,CYP3A4,5.439947945,4.400798203316977,0,MURCKO::O=C(NC1CCOC(c2cccnc2)C1)N1CCCc2ccccc2CC1
OCNT-2317170,CYP3A4,4.967530553,4.71384507269579,4,MURCKO::O=C(NCC1CCN(c2ccncc2)CC1)c1c[nH]c2ccccc12
OCNT-2317172,CYP3A4,4.239084615,4.610246087664413,4,MURCKO::O=C(NOCc1cccnc1)C1CCCCN1C(=O)c1ccccc1
OCNT-2317174,CYP3A4,4.506317573,4.9195009080348076,2,MURCKO::O=C(NCc1ccccc1)N1CCOCC1
OCNT-2317177,CYP3A4,2.970991978,4.432339633985367,4,MURCKO::O=C(c1ccncc1)N1CCCC(c2n[nH]c(C3CC3)n2)C1
OCNT-2317179,CYP3A4,3.104736533,3.9425828287181246,0,MURCKO::O=C(c1ccccc1)N1CCC2CCC(C1)N2
OCNT-2317183,CYP3A4,4.072594987,3.7101569951094064,3,MURCKO::c1cncc(C2CCCN2c2nccn3cnnc23)c1
OCNT-2317189,CYP3A4,4.246614323,3.7744208243581587,1,MURCKO::c1ccc(N2CCC(Nc3ccncn3)CC2)nc1
OCNT-2317200,CYP3A4,3.40062262,3.3895942508749983,3,MURCKO::O=C(Cn1nnc(C2CC2)n1)N1CCCc2ccccc21
OCNT-2317207,CYP3A4,3.566651508,4.235678482205158,2,MURCKO::O=C(NC1CCN(c2ccccn2)C1)c1ccncn1
OCNT-2317210,CYP3A4,4.979195707,4.099031561020735,0,MURCKO::O=C(NCCc1ccn(-c2ccccc2)n1)N1CCC(Cc2cn[nH]c2)C1
OCNT-2317217,CYP3A4,5.197492235,4.500472195207408,3,MURCKO::c1cn(-c2cc(N3CCC(Cc4nnc[nH]4)CC3)ncn2)cn1
OCNT-2317221,CYP3A4,4.538610545,4.174841225040469,4,MURCKO::c1ccc2c(CNc3ncnc4c3ncn4C3CC3)ccnc2c1
OCNT-2317222,CYP3A4,4.241698605,4.083532605783207,0,MURCKO::O=S(=O)(NCc1cc[nH]n1)c1ccccc1
OCNT-2317227,CYP3A4,5.35169879,4.152351825249371,2,MURCKO::O=C(NCc1ncc[nH]1)N1CCCC1c1ccccc1
OCNT-2317249,CYP3A4,2.730613257,3.4438254294878163,1,MURCKO::O=C(c1ccccc1)N1CCOCC1
OCNT-2317252,CYP3A4,5.279497388,4.272730922498563,4,MURCKO::O=C(NCc1cccnc1-n1ccnc1)c1ccnc2oncc12
OCNT-2317253,CYP3A4,4.840242042,4.330051467946184,2,MURCKO::O=C(Cc1c[nH]c2ccccc12)N1CCCN(Cc2cn[nH]c2)CC1
OCNT-2317261,CYP3A4,2.177626995,4.602516942630626,3,MURCKO::O=C(COc1ccccc1)N1CCN(CC2CC2)CC1
OCNT-2317263,CYP3A4,3.14901929,4.029393570129428,4,MURCKO::O=C(C1CCN(Cc2cn[nH]c2)CC1)N1CCc2ccccc21
OCNT-2317269,CYP3A4,4.403241698,4.390991201982921,3,MURCKO::c1ccc(OCc2nnc3n2CCCCC3)cc1
OCNT-2317273,CYP3A4,3.464697555,4.547855072500947,1,MURCKO::O=C1NCCCN(Cc2cc[nH]n2)C1Cc1ccccc1
OCNT-2317280,CYP3A4,4.502469825,4.051594992355832,1,MURCKO::O=C(c1ccnc(C2CC2)c1)N1CCOc2ccccc21
OCNT-2317286,CYP3A4,4.26744182,4.0165145317288315,2,MURCKO::O=C(CCc1nc2ccccc2o1)N1CCNCC1c1ccccc1
OCNT-2317295,CYP3A4,2.480391085,3.6021323178729934,0,MURCKO::O=S(=O)(NC1CCC1)c1cccc2c1OCCO2
OCNT-2317298,CYP3A4,5.180752603,3.464612875045212,4,MURCKO::O=C(Cn1ncc(=O)c2ccccc21)N1CCCc2ccccc21
OCNT-2317300,CYP3A4,4.915645308,3.9578747620438777,3,MURCKO::O=C(Nc1ccc2ncnn2c1)N1CC2(CCCC2)c2ccccc21
OCNT-2317312,CYP3A4,4.133487012,3.674593105047655,4,MURCKO::O=C(NCc1ccc(C(=O)N2CCC3CCC(C2)N3)cc1)c1cccs1
OCNT-2317314,CYP3A4,4.56882444,4.336582449841798,1,MURCKO::c1cnc(N2CCN(Cc3nc(C4CC4)no3)CC2)nc1
OCNT-2317321,CYP3A4,4.84079472,3.7324111890814793,1,MURCKO::O=S(=O)(c1cccs1)N1CCCc2ccccc21
OCNT-2317326,CYP3A4,4.176999242,4.8539088496212734,3,MURCKO::O=C(C1CCCCN1CCc1ccccc1)N1CCOCC1
OCNT-2317337,CYP3A4,4.147997518,3.9107076301247607,4,MURCKO::O=C(Nc1ccccc1)N1CCC(Cc2cn[nH]c2)C1
OCNT-2317338,CYP3A4,4.766761165,4.68401836300352,4,MURCKO::c1ccc(OCCCc2nnc3n2CCCC3)cc1
OCNT-2317340,CYP3A4,2.079461535,4.064321207550105,2,MURCKO::O=C(CN1CCCS1(=O)=O)NCC1Cc2ccccc2O1
OCNT-2317344,CYP3A4,4.830641345,4.334238139438465,3,MURCKO::O=S(=O)(NC1CCC12CCC2)c1ccc2c(c1)CCCC2
OCNT-2317349,CYP3A4,4.131915098,4.2736621576683325,0,MURCKO::O=C(c1cc2ccccc2s1)N1CCN(CC2CCCO2)CC1
OCNT-2317361,CYP3A4,4.723480428,4.494872418966115,0,MURCKO::c1nc(N2CCC(C3CC3)C2)cc(N2CCC(C3CC3)C2)n1
OCNT-2317368,CYP3A4,2.019919525,3.370006008563316,0,MURCKO::O=C(CCc1ccccc1)N1CCCNCC1
OCNT-2317373,CYP3A4,2.080599563,3.9432907642914707,0,MURCKO::O=C(c1ccncc1)N1CCNCC1
OCNT-2317382,CYP3A4,4.000384097,3.843805000080551,0,MURCKO::O=C(NCc1cccc(C2CC2)c1)N1CCNCC1
OCNT-2317384,CYP3A4,3.417528122,3.3927749508346046,3,MURCKO::O=C1CN(S(=O)(=O)c2c[nH]cn2)c2ccccc2N1
OCNT-2317388,CYP3A4,3.024710998,3.6352244215414338,2,MURCKO::O=C(NCc1ccccc1)N1CCC(Cn2ccnn2)CC1
OCNT-2317392,CYP3A4,3.844240142,4.01920961933767,4,MURCKO::O=C(NC1CCCC1Oc1cn[nH]c1)c1cnc(C2CC2)o1
OCNT-2317394,CYP3A4,4.003798573,3.9623981290737333,2,MURCKO::O=C(NC1CCC12CCCCC2)c1ccccn1
OCNT-2317395,CYP3A4,5.324473063,4.853835617357988,0,MURCKO::O=C(CCc1cccnc1)N1CCN(C(=O)C2CCCCC2)CC1
OCNT-2317402,CYP3A4,2.775742147,3.546354054490284,0,MURCKO::O=c1ccnc(C2CCCN2c2ncnc3ccccc23)[nH]1
OCNT-2317403,CYP3A4,4.757915395,3.90549831724217,1,MURCKO::O=C(c1ccccc1)N1CCCN(C(=O)c2cc[nH]n2)CC1
OCNT-2317409,CYP3A4,4.805716305,4.523989710851309,3,MURCKO::O=C(c1ccsc1)N1CC(c2ccccc2)C1
OCNT-2317413,CYP3A4,2.24683686,3.8665968020010943,4,MURCKO::O=C(c1cc2[nH]ncc2[nH]c1=O)N1CCCCC1c1cncnc1
OCNT-2317418,CYP3A4,3.905343752,3.944309459676579,2,MURCKO::O=C(CCc1nc2ccccc2[nH]1)N1CCN(C2CCOCC2)CC1
OCNT-2317424,CYP3A4,2.37999946,3.6685741599360497,4,MURCKO::O=C(CN1CCCC1=O)Nc1cccnc1
OCNT-2317442,CYP3A4,4.721941102,3.910957398769063,2,MURCKO::O=C(COc1ccccc1)N1CCNCC1
OCNT-2317444,CYP3A4,5.26565279,4.078481311766577,0,MURCKO::c1ccc(C2(c3noc(CC4CCOCC4)n3)CCCC2)cc1
OCNT-2317450,CYP3A4,4.79586335,4.238228573741573,3,MURCKO::O=C(Nc1ccn[nH]1)c1coc2ccccc12
OCNT-2317452,CYP3A4,3.70605219,4.238214348267128,3,MURCKO::O=C(c1cnn(Cc2ccccc2)c1)N1CCCC(c2ncc[nH]2)C1
OCNT-2317460,CYP3A4,3.956554432,4.002667195679057,0,MURCKO::O=C(c1ccccn1)N1CCN(c2ccccc2)CC1
OCNT-2317465,CYP3A4,4.96755517,4.439719712157266,4,MURCKO::O=C(CC=Cc1ccccc1)NC12CCCC1NCC2
OCNT-2317469,CYP3A4,4.10171195,4.386867771035733,0,MURCKO::O=C(Cc1cn[nH]c1)NCC12CNCC1C2
OCNT-2317470,CYP3A4,3.972794433,4.382925819929058,1,MURCKO::O=C(COc1ccccc1)N1CCCN(C2CCCC2)CC1
OCNT-2317498,CYP3A4,3.162757072,3.8832956316687244,3,MURCKO::O=C(c1cccnc1)N1CCCN(C(=O)C2CC2)CC1
OCNT-2317503,CYP3A4,4.517631615,3.5531897634062335,0,MURCKO::O=C(NCC1COc2ccccc2O1)C1CCOCC1
OCNT-2317512,CYP3A4,4.444998257,4.173804980541211,3,MURCKO::O=C(NCCCc1ccccc1)N1CCCC1
OCNT-2317513,CYP3A4,4.721310847,3.7400138466713435,3,MURCKO::O=C(CN1c2ccccc2NS1(=O)=O)N1CCCc2ccccc21
OCNT-2317520,CYP3A4,4.842909135,4.497610859684877,4,MURCKO::O=C(NC1CCN(c2cccnn2)CC1)N1CCc2ccccc2C1
OCNT-2317530,CYP3A4,3.826717955,3.745157574227142,4,MURCKO::O=C1CCN(C(=O)Cc2cn[nH]c2)c2ccccc2N1
OCNT-2317533,CYP3A4,4.75831004,4.358130447137617,4,MURCKO::O=C(Nc1ccnc(Oc2ccccc2)c1)N1CCC2CCCC21
OCNT-2317536,CYP3A4,5.844603215,5.22056491334013,2,MURCKO::O=C(c1csc(-c2cn[nH]c2)n1)N1CCCc2ccccc21
OCNT-2317538,CYP3A4,4.998017023,4.360798579120466,2,MURCKO::O=C(CCc1nc(C2CCCC2)no1)N1CCCc2ccccc21
OCNT-2317569,CYP3A4,3.610169047,3.9070939491299015,2,MURCKO::O=C(c1ccccc1)N1CCNC(c2cn[nH]c2)C1
OCNT-2317570,CYP3A4,4.762171262,4.644690530384945,0,MURCKO::O=C(CCc1ccccc1)N1CCCC(c2ncc[nH]2)C1
OCNT-2317571,CYP3A4,3.22523384,3.800010043456606,0,MURCKO::O=C(CCOCc1ccccc1)N1CCCC1
OCNT-2317584,CYP3A4,4.67823274,4.7185004278692775,0,MURCKO::O=C(NC(Cc1ccccc1)C(=O)N1CCCCCC1)c1cccnc1
OCNT-2317592,CYP3A4,2.153491995,4.392548649504825,3,MURCKO::c1csc(C2CCNCC2)n1
OCNT-2317594,CYP3A4,3.988401872,3.4048487601596644,2,MURCKO::c1ccc(C2CCN(c3ccncn3)CC2)cc1
OCNT-2317596,CYP3A4,4.139342342,5.049962015897503,3,MURCKO::c1ccc(COC2CCN(c3ncnc4[nH]ncc34)CC2)cc1
OCNT-2317600,CYP3A4,4.171676782,4.387676182577533,3,MURCKO::O=C(Nc1ccccc1)NC1CCCN(c2ccccc2)C1
OCNT-2317609,CYP3A4,2.19649394,4.414315962935645,4,MURCKO::O=C(NC1CCS(=O)(=O)c2sccc21)c1cc(=O)[nH]c(=O)[nH]1
OCNT-2317620,CYP3A4,2.395769367,3.5489045225524465,0,MURCKO::O=S(=O)(c1cccc2c1OCC2)N1CCCCC1
OCNT-2317624,CYP3A4,3.17493777,4.80458386091829,4,MURCKO::O=C(Cc1ccc2c(c1)OCCO2)N1CCOCC1
OCNT-2317625,CYP3A4,4.665070187,3.9566556025068147,1,MURCKO::O=C(c1cnc2ccccc2c1)N1CCCN2c3ccccc3CC2C1
OCNT-2317632,CYP3A4,3.734894302,4.36827712768385,0,MURCKO::O=S(=O)(Nc1cc2n(n1)CCCC2)c1ccccc1
OCNT-2317633,CYP3A4,2.05228555,3.5288952139389926,0,MURCKO::O=C(Nc1cccnc1)N1CCCCC1
OCNT-2317646,CYP3A4,2.508849932,3.821730561159533,0,MURCKO::O=C(NCC1(N2CCOCC2)CCC1)c1ccncc1
OCNT-2317655,CYP3A4,6.550253937,3.6885016100029624,4,MURCKO::O=S(=O)(c1ccccc1)N1CCCC1c1ccccc1
OCNT-2317662,CYP3A4,4.779306445,4.119419022523772,2,MURCKO::O=C(NCc1ccccc1)N1CCCC2(CCCC2)CC1
OCNT-2317664,CYP3A4,2.777157692,3.535511026013912,0,MURCKO::c1ccc(C2CNCCO2)cc1
OCNT-2317668,CYP3A4,4.59553415,3.4884587090937176,1,MURCKO::O=C(CN1CCC(c2cccnc2)CC1)Nc1ccccc1
OCNT-2317673,CYP3A4,4.723838533,3.945795781418257,0,MURCKO::c1ccc(OCC2CCCN2c2nccc3nccnc23)cc1
OCNT-2317682,CYP3A4,4.326032575,4.371689708622625,1,MURCKO::O=S(=O)(c1ccccc1)N1CCOC(c2ccccc2)C1
OCNT-2317684,CYP3A4,4.107053495,3.880250146909031,4,MURCKO::O=C(Nc1cccc(-c2nnn[nH]2)c1)N1CCC(c2cn[nH]c2)CC1
OCNT-2317688,CYP3A4,4.724000437,3.9086868400771158,2,MURCKO::O=C(Nc1ccccc1)c1cccc(-c2ncn[nH]2)c1
OCNT-2317690,CYP3A4,4.797027918,3.9280087867266564,1,MURCKO::O=C(CCc1ccccc1)N1CCCN(C(=O)C2COc3ccccc32)CC1
OCNT-2317694,CYP3A4,4.137715555,4.814929999969439,4,MURCKO::c1cc2c(cc1-c1nnc3n1CCCCC3)OCO2
OCNT-2317705,CYP3A4,2.287121508,3.6767572262351567,3,MURCKO::O=C(NC1CCOC1)N1CCNCC1c1ccccc1
OCNT-2317719,CYP3A4,4.195084347,4.337031627068641,4,MURCKO::O=C(COc1ccccc1)NCCc1c[nH]cn1
OCNT-2317736,CYP3A4,2.034568468,3.4647125924639317,1,MURCKO::O=C(c1cccnc1)N1CCCC(c2n[nH]c(=O)o2)C1
OCNT-2317750,CYP3A4,2.068067157,4.679485196495614,4,MURCKO::O=C(CN1CCNCC1)N1CCCCC1
OCNT-2317758,CYP3A4,2.25515684,3.8736283829521216,1,MURCKO::O=c1cn[nH]c2ccccc12
OCNT-2317759,CYP3A4,3.45316264,4.028146928132751,1,MURCKO::O=C(Nc1cccc(Cc2ccccc2)c1)C1CCC1
OCNT-2317764,CYP3A4,4.53088401,4.346471660373529,3,MURCKO::O=C(NCc1nc2c(s1)CCCC2)Nc1nccs1
OCNT-2317767,CYP3A4,5.073052407,4.289474184992297,2,MURCKO::O=C(Cn1nnc2ccccc21)NC(=O)NC12CC3CC(CC(C3)C1)C2
OCNT-2317801,CYP3A4,3.669963445,4.104607124125953,0,MURCKO::c1cnc(C2CCCN2c2ncnc3[nH]ncc23)nc1
OCNT-2317807,CYP3A4,5.321651427,4.481094124162979,2,MURCKO::O=C(Nc1nc(-c2cccs2)cs1)C1CCCc2[nH]ncc21
OCNT-2317817,CYP3A4,3.73456672,3.495315189343624,1,MURCKO::O=C(NCCc1ccc(=O)[nH]c1)C(c1ccccc1)N1CCOCC1
OCNT-2317822,CYP3A4,5.07036187,4.484784938080176,2,MURCKO::O=C(NCCc1ccccn1)N1CCC(c2cnc[nH]2)CC1
OCNT-2317825,CYP3A4,2.074066933,3.992243936394774,0,MURCKO::O=C(c1[nH]nc2c1CCCC2)N1CCc2n[nH]c(=O)cc2C1
OCNT-2317826,CYP3A4,3.72325977,3.2533074717138106,1,MURCKO::O=S(=O)(Nc1ccccc1)c1cnc2ccsc2c1
OCNT-2317829,CYP3A4,4.12828776,4.387812805487325,2,MURCKO::O=C(c1cnc2n1CCCC2)N1CCN(c2ccccn2)CC1
OCNT-2317832,CYP3A4,5.203477128,4.722710116770329,1,MURCKO::O=C(c1coc2ccccc12)N1CCC(Cc2nc3ccccc3[nH]2)CC1
OCNT-2317854,CYP3A4,3.279842945,3.970223925441269,3,MURCKO::O=C1CNC(=O)N1CCNC(=O)N1CCCC1Cc1ccccc1
OCNT-2317857,CYP3A4,4.884666165,4.418952685336143,0,MURCKO::O=C(Nc1ccc(CNC(=O)c2cc(=O)[nH]c3ccccc23)cc1)c1ccncc1
OCNT-2317860,CYP3A4,4.431612102,3.8883558361499175,3,MURCKO::O=C(NCc1ccccc1)NC1CC12CCOCC2
OCNT-2317862,CYP3A4,3.798798075,4.562664502791834,2,MURCKO::O=C(NCC1CC1)c1cccc(NC(=O)c2cn[nH]c2-n2cccn2)c1
OCNT-2317864,CYP3A4,4.338803627,4.051930937643279,4,MURCKO::O=C(Nc1ccccc1)c1ccccc1
OCNT-2317866,CYP3A4,2.22178571,3.6340843254422945,0,MURCKO::O=C(NC1CCN(C(=O)C2CCCCC2)C1)c1ccccc1
OCNT-2317868,CYP3A4,4.72710295,3.96520540054921,4,MURCKO::O=C(c1cc(-c2ccccc2)no1)N1CCC(n2cccn2)C1
OCNT-2317872,CYP3A4,3.666389928,3.51194116962978,3,MURCKO::O=C(Nc1cn[nH]c1C1CC1)C1CCCN1
OCNT-2317874,CYP3A4,2.516809805,3.5349168109161693,0,MURCKO::O=C(Nc1ccc2ncsc2c1)C1CCCN1
OCNT-2317875,CYP3A4,3.643943628,3.7199018321920554,3,MURCKO::O=C(c1cc(C2CC2)n[nH]1)N1CCCN(Cc2ccon2)CC1
OCNT-2317878,CYP3A4,3.64998434,4.465864161039223,1,MURCKO::O=C(NCc1ncn(-c2ccccc2)n1)N1CCCC1CN1CCCCC1
OCNT-2317879,CYP3A4,2.090719552,3.8440202549973854,2,MURCKO::O=C(NCc1ccc(C(=O)N2CCNCC2)cc1)c1cccc2ccncc12
OCNT-2317881,CYP3A4,4.24943707,3.8188964058068455,4,MURCKO::O=C1CCc2cc(C(=O)Nc3ccc(C(=O)N4CCNCC4)cc3)ccc2N1
OCNT-2317894,CYP3A4,2.316499762,3.7396116179840355,1,MURCKO::O=C1CCC(C(=O)NC(c2ccccc2)C2CCOC2)N1
OCNT-2317906,CYP3A4,3.220234395,3.7029404208024426,2,MURCKO::O=C(c1cccnc1)N1CCC(Nc2ccccc2)CC1
OCNT-2317908,CYP3A4,2.242383065,4.310533143028588,1,MURCKO::O=C(CCCN1C(=O)CNC1=O)N1CCCCC1
OCNT-2317926,CYP3A4,5.273441845,4.338216046598609,3,MURCKO::O=C(NCc1cnc2sccn12)C1CCCc2ccccc21
OCNT-2317931,CYP3A4,2.376397743,3.6928930642989695,1,MURCKO::O=C(NC1CCOCC1)c1cc(-c2ccccc2)ns1
OCNT-2317936,CYP3A4,3.27675679,3.92536484676343,4,MURCKO::O=C(Nc1ncc[nH]c1=O)c1cc(C2CC2)nc2[nH]ncc12
OCNT-2317938,CYP3A4,3.763052023,3.945104318765429,1,MURCKO::O=C(c1cccs1)N1CCN(c2ccccn2)CC1
OCNT-2317941,CYP3A4,4.173690537,3.988722884477226,4,MURCKO::O=C(Cc1ccccc1)N1CCCC1Cn1ccnn1
OCNT-2317942,CYP3A4,5.197977975,4.546241079019482,2,MURCKO::O=C(NCC1(c2ccccc2)CCCO1)c1ccc2[nH]cnc2c1
OCNT-2317943,CYP3A4,5.14990793,4.172938091073664,2,MURCKO::O=C(Nc1ccccn1)N1CCCc2[nH]ncc2C1
OCNT-2317949,CYP3A4,3.78176346,3.946041846936642,4,MURCKO::O=C(NC1CCn2ccnc2C1)c1cccc(NCc2ccccn2)c1
OCNT-2317951,CYP3A4,4.825565525,4.698657786444289,4,MURCKO::c1ccc(-c2csc(N3CCCC3)n2)cc1
OCNT-2317958,CYP3A4,2.8973866,3.6892929880980425,4,MURCKO::O=C(Nc1cnn(Cc2nnc3n2CCCC3)c1)c1ccccn1
OCNT-2317959,CYP3A4,2.146971532,3.9463468052869035,3,MURCKO::c1ccc(-c2ncon2)cc1
OCNT-2317962,CYP3A4,4.557309952,4.013433111029773,2,MURCKO::O=C(Nc1ccccn1)c1ccccc1
OCNT-2317966,CYP3A4,4.724083712,4.245470017637686,3,MURCKO::O=C(Nc1nc2c(s1)CCCC2)c1cn[nH]c1-n1cccn1
OCNT-2317968,CYP3A4,2.53479593,4.006108534320843,1,MURCKO::O=C(NC1CCN(C(=O)NCc2ncno2)CC1)c1ccccc1
OCNT-2317974,CYP3A4,3.647261208,4.630704261974643,1,MURCKO::O=C(Nc1ccc2c(c1)S(=O)(=O)CC2)C1CCCN1C(=O)Cc1ccccc1
OCNT-2317979,CYP3A4,3.015870505,4.205308921002654,2,MURCKO::O=C(Nc1ccc2c(c1)OCCO2)N1CCCC2(CCOCC2)C1
OCNT-2317987,CYP3A4,4.89270878,4.687330413081725,4,MURCKO::O=C(NC1CCS(=O)(=O)c2sccc21)C1(c2ccccc2)CCC1
OCNT-2317988,CYP3A4,1.968786308,3.381961461273742,3,MURCKO::O=C(Nc1nc[nH]n1)c1ccnc2[nH]ncc12
OCNT-2317999,CYP3A4,4.630498063,4.307374895433761,2,MURCKO::O=C(Nc1cc(C(=O)N2CCC(Oc3ccccc3)CC2)ccn1)C1CC1
OCNT-2318000,CYP3A4,4.070875052,3.8158948675104156,2,MURCKO::O=C(Nc1cc[nH]n1)c1ccccc1
OCNT-2318014,CYP3A4,3.554360463,4.2092992287505515,1,MURCKO::O=C(NC1CCCC1)c1ccc(NC2CCN(c3ccn[nH]3)C2=O)cc1
OCNT-2318016,CYP3A4,2.12650598,3.9766442841624885,4,MURCKO::O=c1[nH]cccc1-c1noc(Cc2cc[nH]n2)n1
OCNT-2318020,CYP3A4,4.888316,4.116661663125259,1,MURCKO::O=C(NCc1ccc2c(c1)OCO2)NCc1nnc2n1CCCCC2
OCNT-2318023,CYP3A4,5.063002635,4.448384533744024,4,MURCKO::O=C(CCc1nccs1)N1CCC(c2ccccc2)CC1
OCNT-2318030,CYP3A4,2.522295142,3.6457834818835684,1,MURCKO::O=C(Cn1nc[nH]c1=O)Nc1ccc2c(c1)NCC2
OCNT-2318031,CYP3A4,3.04214246,3.9744753663789245,1,MURCKO::O=C(NC1CCCc2[nH]ncc21)c1ccoc1
OCNT-2318034,CYP3A4,2.30666154,3.4829497202293296,0,MURCKO::O=C(Cn1cnc2sccc2c1=O)N1CCCN(C(=O)C2CC2)CC1
OCNT-2318036,CYP3A4,4.861748142,4.6787248511048185,2,MURCKO::O=C(NC1CCN(c2ccccc2)C1)c1ccccc1
OCNT-2318042,CYP3A4,4.709805063,3.9189471315395106,0,MURCKO::c1ccc(OC2CCN(CCN3CCOCC3)CC2)nc1
OCNT-2318048,CYP3A4,4.476775887,4.2777781579164325,1,MURCKO::O=S(=O)(Nc1ccccc1)c1cnn(C2CCC2)c1
OCNT-2318059,CYP3A4,5.87509289,4.010813365226406,3,MURCKO::O=S(=O)(Nc1ccccc1)c1ccccc1
OCNT-2318060,CYP3A4,3.204665177,3.7332407819397355,1,MURCKO::O=C(CC1NCCc2ccccc21)NC1CCN(c2ccncn2)CC1
OCNT-2318067,CYP3A4,4.438221687,4.615645700736383,3,MURCKO::c1ccc(CNC2CCC23CCC3)cc1
OCNT-2318073,CYP3A4,3.659290205,4.385843724618663,2,MURCKO::O=C(COc1ccccc1)NCC1CNCCO1
OCNT-2318074,CYP3A4,4.926295198,4.600257675733347,4,MURCKO::O=C(NCc1ccccc1)N1CCC1c1ccccc1
OCNT-2318077,CYP3A4,4.124655423,4.358652798980827,0,MURCKO::O=C(CN1CCCCC1)NCc1ccccc1
OCNT-2318080,CYP3A4,4.266410545,4.4258491001175795,1,MURCKO::O=C(c1cccc(CNc2ccncn2)c1)N1CCCC1
OCNT-2318090,CYP3A4,3.903309763,4.465527260088847,2,MURCKO::c1ccc(-n2cc(CNCC3CC3)cn2)cc1
OCNT-2318114,CYP3A4,2.010743362,3.7055331089858337,1,MURCKO::O=C(NCCN1CCOCC1)c1cccnc1
OCNT-2318117,CYP3A4,5.683541407,4.461300858351456,2,MURCKO::O=C(Nc1ccccn1)C1CCCN(C(=O)C2(c3ccccc3)CC2)C1
OCNT-2318120,CYP3A4,3.850817802,4.207718318074512,3,MURCKO::O=C(Nc1cccc2[nH]ncc12)c1cccnc1
OCNT-2318123,CYP3A4,3.818094625,4.741923204772447,4,MURCKO::O=C(NCc1cn[nH]c1)N1CCC(Oc2ccncc2)C1
OCNT-2318130,CYP3A4,4.908355613,3.8815395101179,2,MURCKO::O=C(Cc1ccccc1)NCC(=O)N1CC=C(c2c[nH]c3ncccc23)CC1
OCNT-2318141,CYP3A4,4.721925465,3.818919693529505,1,MURCKO::O=C(Nc1cc(-c2ccco2)n[nH]1)c1cc(C2CC2)nc2[nH]c(=O)[nH]c(=O)c12
OCNT-2318155,CYP3A4,2.77773337,3.8652045055080593,3,MURCKO::O=S(=O)(Nc1ccccc1)c1cnn(C2CCOC2)c1
OCNT-2318157,CYP3A4,2.642457115,3.8836482750755064,4,MURCKO::O=C(NCc1ccccn1)N1CCCNCC1
OCNT-2318165,CYP3A4,5.10318846,4.482526226949245,3,MURCKO::O=C(NCCc1c[nH]c2ccccc12)C1COc2ccccc21
OCNT-2318169,CYP3A4,4.099458248,4.368630297060677,4,MURCKO::O=C(NC1CCCCC1)NC1CCN(C(=O)Cc2cnc[nH]2)CC1
OCNT-2318174,CYP3A4,3.3679012,3.6778360397665453,3,MURCKO::O=C(NCc1ncc[nH]1)c1ccc2c(=O)[nH]c(=O)[nH]c2c1
OCNT-2318175,CYP3A4,4.715317508,4.30440102935127,3,MURCKO::O=C(NCc1cc2ccccc2[nH]1)c1ccc(N2CCCCC2)cc1
OCNT-2318176,CYP3A4,4.23033225,3.8332822042870847,2,MURCKO::O=C(c1cc2ccccc2o1)N1CCCNCC1
OCNT-2318184,CYP3A4,6.284807875,4.597457713498177,1,MURCKO::O=C(NCc1cccnc1)c1cccc(NS(=O)(=O)c2ccccc2)c1
OCNT-2318186,CYP3A4,4.858766175,3.7539164616583203,0,MURCKO::O=C(NCCCc1cn[nH]c1)C1C2CCC1(c1ccn[nH]1)C2
OCNT-2318196,CYP3A4,2.077046045,4.42956332667188,1,MURCKO::O=C(C1NCCc2[nH]ncc21)N1CCc2[nH]cnc2C1
OCNT-2318197,CYP3A4,3.836082708,4.275556427279044,2,MURCKO::O=C1NCCN1c1ccc(C(=O)N2CCCC2c2ccccc2)cc1
OCNT-2318198,CYP3A4,1.941309998,3.2991806190914637,3,MURCKO::c1ccc(CCc2cn(Cc3nnco3)nn2)cc1
OCNT-2318207,CYP3A4,4.65338344,3.5552930799504856,0,MURCKO::O=C1CC(c2ccccc2)N(Cc2cnnn2-c2ccccc2)CCN1
OCNT-2318209,CYP3A4,4.391326923,4.16566419249396,1,MURCKO::O=C(Cn1ccc(NC(=O)C2(c3ccccc3)CCCCC2)n1)N1CCOCC1
OCNT-2318213,CYP3A4,4.862843715,4.579025748953045,3,MURCKO::O=C(NCc1ccc(-n2cccn2)cc1)C1CC12CCOCC2
OCNT-2318223,CYP3A4,2.392897492,3.957986020107037,4,MURCKO::c1ccc2oc(C3CCCCN3)nc2c1
OCNT-2318241,CYP3A4,3.269365642,3.9792897678524866,0,MURCKO::O=C(CCn1c(=O)[nH]c2ccccc21)NCc1ccc(C(=O)N2CCOCC2)cc1
OCNT-2318243,CYP3A4,5.172464857,3.6278415101502315,1,MURCKO::O=C(c1cnn(-c2ccccc2)n1)N1CCc2ccncc21
OCNT-2318253,CYP3A4,4.847706835,3.5592146201841026,0,MURCKO::O=C(NCc1ccccc1)NC1CC1c1ccccc1
OCNT-2318273,CYP3A4,4.6892838,3.746838519059115,4,MURCKO::O=C1CC(c2nc(-c3ccccc3)no2)CN1
OCNT-2318275,CYP3A4,5.321777715,3.7061622893656425,2,MURCKO::O=C(NC1CCCN(c2ccccc2)C1)c1ccc2nncn2c1
OCNT-2318278,CYP3A4,5.744499435,3.873857673840531,2,MURCKO::O=C(Nc1ccncn1)N1CCC(Cc2ccccc2)CC1
OCNT-2318294,CYP3A4,5.100891905,4.926230202518606,0,MURCKO::O=C(COc1ccccc1)Nc1ccc(OC2COC2)cc1
OCNT-2318300,CYP3A4,4.287314763,3.8325668178131815,2,MURCKO::O=c1cc(Cn2cc(Cc3ccccc3)nn2)nc2ccccn12
OCNT-2318308,CYP3A4,4.93556185,4.395165730931976,4,MURCKO::O=C(Nc1cc(CC2CCCCC2)n[nH]1)c1ccc2nn[nH]c2c1
OCNT-2318311,CYP3A4,4.995765805,4.647702103063532,2,MURCKO::O=C(NCC1(Cc2ccccc2)CC1)c1cnn(-c2ccccc2)c1
OCNT-2318322,CYP3A4,2.237063018,3.906014285753133,1,MURCKO::O=C(Cc1cccc2c1OCOC2)NCc1cc[nH]c(=O)c1
OCNT-2318330,CYP3A4,5.92823141,4.1082524642734235,4,MURCKO::O=S(=O)(NCc1cc(-c2ccccc2)on1)c1ccoc1
OCNT-2318347,CYP3A4,4.401026328,4.585417869210468,4,MURCKO::O=C(Cc1cn2ccccc2n1)NCC(c1ccccc1)N1CCOCC1
OCNT-2318366,CYP3A4,4.596780502,4.266921258925448,3,MURCKO::O=S(=O)(c1ccccc1)N1CCN(c2cnccn2)CC1
OCNT-2318369,CYP3A4,5.11447845,4.842982513567444,4,MURCKO::O=C(Cc1c[nH]c2cnccc12)NCCCN1CCc2ccccc2C1
OCNT-2318371,CYP3A4,4.657910682,4.013457944826983,4,MURCKO::c1ccc(NCC2CCC(c3ncn[nH]3)O2)nc1
OCNT-2318376,CYP3A4,4.823696855,4.9424041556023335,2,MURCKO::c1ccc2c(-c3nnco3)c[nH]c2c1
OCNT-2318379,CYP3A4,1.991322242,3.8010370044471813,1,MURCKO::O=C(c1cccc(Cc2ccccn2)c1)N1CCCC1
OCNT-2318388,CYP3A4,4.361907122,4.217757915028867,2,MURCKO::O=C(Nc1ccnn1C1CCC1)C1CC1c1ccccc1
OCNT-2318392,CYP3A4,5.170513438,4.219374245692316,4,MURCKO::O=C(Cc1ccccc1)Nc1cc(C2CCOCC2)[nH]n1
OCNT-2318395,CYP3A4,5.191693157,3.7287638395115326,0,MURCKO::O=C(Nc1nc2ccccc2s1)c1cc(C2CC2)[nH]n1
OCNT-2318405,CYP3A4,4.962174565,4.380984403272224,3,MURCKO::c1ccc(CNC2CCOc3ccccc32)cc1
OCNT-2318416,CYP3A4,2.79742109,4.366890315331907,0,MURCKO::O=C1COc2c(cccc2NC(=O)N2CCCC2)N1
OCNT-2318420,CYP3A4,3.286338335,4.130390639210851,2,MURCKO::O=C(NCCN1CCc2ccccc2C1)c1c[nH]nc1-c1ccn[nH]1
OCNT-2318434,CYP3A4,4.255873205,4.623811356132715,1,MURCKO::O=C(CN1CCC(c2cnc[nH]2)C1)N1CCc2ccccc2C1
OCNT-2318445,CYP3A4,2.132644417,4.280137402088512,3,MURCKO::c1ccc2c(c1)NCC21CCNCC1
OCNT-2318449,CYP3A4,2.630309202,3.801812899514131,0,MURCKO::O=C1CCC(n2cnc3ccccc3c2=O)C(=O)N1
OCNT-2318451,CYP3A4,2.2280043,4.073221776977914,1,MURCKO::O=C1CCC(N2C(=O)c3cccc(N4CCNCC4)c3C2=O)C(=O)N1
OCNT-2318460,CYP3A4,2.191148535,3.7846556872039416,1,MURCKO::O=C(c1ccc(-c2nnc[nH]2)cc1)N1CCNC(Cc2ccccc2)C1
OCNT-2318462,CYP3A4,3.292380222,4.4321800501386175,1,MURCKO::O=C1CCN(C(=O)CC2NCCc3ccccc32)c2cnccc2N1
OCNT-2318463,CYP3A4,2.704943735,3.680794640043467,4,MURCKO::O=C(Nc1c[nH]nc1-c1nccs1)N1CCCCC1
OCNT-2318467,CYP3A4,4.191771585,3.403075936227703,3,MURCKO::O=C1NCCN1c1cccc(-c2noc(Cc3ccon3)n2)c1
OCNT-2318468,CYP3A4,4.657116075,4.003532439920127,0,MURCKO::O=c1cccnn1Cc1cccc2c1CCOC2
OCNT-2318474,CYP3A4,3.700481433,4.413064849596397,4,MURCKO::O=C(c1ccc[nH]1)N1CCOCc2ccccc21
OCNT-2318484,CYP3A4,5.17531254,4.078528837323822,2,MURCKO::O=C(NCc1c[nH]c(=O)c2ccccc12)N1CC2(CC=CC2)C1c1ccccc1
OCNT-2318503,CYP3A4,3.4958544,4.282188113278315,1,MURCKO::O=C(c1ncnc2[nH]ccc12)N1CCOCC1CC1CC1
OCNT-2318522,CYP3A4,2.725709568,3.8646525811928756,2,MURCKO::O=C(CNS(=O)(=O)c1ccccc1)N1CCC(C2OCCO2)C1
OCNT-2318524,CYP3A4,3.506578353,4.453666416633622,3,MURCKO::O=C1C(N2CCN(Cc3cn[nH]c3)CC2)CCN1c1ccccc1
OCNT-2318529,CYP3A4,4.003728025,4.522053014116137,3,MURCKO::O=C(Cc1ccccc1)NC1CCN(Cc2ccccc2)C1=O
OCNT-2318530,CYP3A4,3.94903981,4.535469511110278,0,MURCKO::O=C(Nc1nc2ccccc2s1)C1CCCc2[nH]cnc21
OCNT-2318535,CYP3A4,4.830084528,3.8891741881784014,1,MURCKO::O=C(Cc1cnoc1)NC1CCOC1c1cccnc1
OCNT-2318542,CYP3A4,4.58741566,3.6934424532906114,1,MURCKO::O=C(c1ccn(C2CCCC2)n1)N1CCC(C(=O)N2CCCCC2)CC1
OCNT-2318545,CYP3A4,3.10309161,4.375825829028178,4,MURCKO::O=C(Nc1cccnc1)N1CCOc2ccccc2C1
OCNT-2318547,CYP3A4,4.632743245,4.022096181978327,1,MURCKO::c1ccc(-c2noc(CC3CC4CC4C3)n2)cc1
OCNT-2318552,CYP3A4,4.487801792,3.8903580474850847,3,MURCKO::O=C(CNS(=O)(=O)c1ccccc1)N1CCC(C2CCCO2)C1
OCNT-2318553,CYP3A4,5.727020813,4.8912699080988515,1,MURCKO::O=C(Cc1cc2ccccc2[nH]1)NC1CCCc2cccnc21
OCNT-2318555,CYP3A4,4.928054252,4.382364782677361,4,MURCKO::O=S(=O)(Nc1ccccn1)c1ccnn1C1CCC1
OCNT-2318558,CYP3A4,3.697662418,3.67864361941776,4,MURCKO::O=c1ccn2c(c1-c1noc(C3CC3c3ccc4c(c3)OCCO4)n1)CCC2
OCNT-2318561,CYP3A4,5.444706208,4.426696372429489,2,MURCKO::O=C(c1cncc(-c2ccccc2)c1)N1CCc2ccc(S(=O)(=O)N3CCCC3)cc21
OCNT-2318566,CYP3A4,4.85246666,4.055984775224403,0,MURCKO::O=C(Cc1ccccn1)Nc1n[nH]cc1C1CC1
OCNT-2318568,CYP3A4,5.493017873,4.336126353434201,3,MURCKO::O=c1c(S(=O)(=O)Nc2ccccc2)cnc2sccn12
OCNT-2318573,CYP3A4,4.522013347,3.973797212919492,1,MURCKO::O=C1COc2cccc(OCc3cc(-c4cn[nH]c4)no3)c2N1
OCNT-2318586,CYP3A4,2.26172203,4.678557135680423,3,MURCKO::O=C(NCc1ccccc1)NC1CCCS(=O)(=O)C1
OCNT-2318595,CYP3A4,3.709583042,3.241673606401416,3,MURCKO::O=C1CCCN1c1cccc(C(=O)N2CCCC2c2ccccc2)c1
OCNT-2318599,CYP3A4,2.726152313,3.59414738221182,1,MURCKO::O=S(=O)(c1cnoc1)N1CCCc2ccccc21
OCNT-2318602,CYP3A4,4.009477295,3.9233732075672085,2,MURCKO::O=C(NCC1CCCCC1)NCC1CCNCC1
OCNT-2318609,CYP3A4,2.915929035,3.979665401481313,4,MURCKO::O=C(CCc1ccccc1)N1CCC2(CC1)CNC1COCC12
OCNT-2318616,CYP3A4,5.070039073,4.082840227742738,1,MURCKO::O=C(NCCS(=O)(=O)Nc1ccccc1)Nc1ccn(-c2ccccc2)n1
OCNT-2318622,CYP3A4,5.19356833,3.9378405162840506,2,MURCKO::c1ccc(-c2coc3ccccc23)cc1
OCNT-2318635,CYP3A4,4.130032315,3.7313024570469384,2,MURCKO::c1cnn(-c2ccc(NCC3CCCC3)nn2)c1
OCNT-2318637,CYP3A4,2.77777442,4.478635112810352,4,MURCKO::O=S(=O)(c1ccc2c(c1)CCO2)N1CCC1
OCNT-2318638,CYP3A4,4.047352932,4.192715852311419,2,MURCKO::O=C(NC1CNCC1c1cnc[nH]1)c1cc[nH]c1
OCNT-2318657,CYP3A4,4.849004965,4.290860257619236,2,MURCKO::O=C(c1n[nH]c2ccccc12)N1CCCC(c2nccs2)C1
OCNT-2318670,CYP3A4,4.447054045,3.8668742268353666,4,MURCKO::O=C(NCc1cccc(-c2nn[nH]n2)c1)c1ccc[nH]1
OCNT-2328323,CYP3A4,3.788619545,4.745195225603029,2,MURCKO::c1ccccc1
OCNT-2328332,CYP3A4,2.626332057,3.439547755532317,4,MURCKO::O=C1OCc2ccccc21
OCNT-2328333,CYP3A4,3.311330967,3.855522653993491,2,MURCKO::c1ccccc1
OCNT-2328348,CYP3A4,4.544614443,3.5641038671561995,4,MURCKO::O=C(CNCCCc1ccccc1)N1CCc2ccccc2C1
OCNT-2328352,CYP3A4,3.925884955,5.043899543584737,2,MURCKO::O=c1n(CCCN2CCN(c3ccccc3)CC2)nc2ccccn12
OCNT-2328359,CYP3A4,4.502966093,4.480221105045916,0,MURCKO::O=C(CCC=CCc1ccc2c(c1)C(=O)OC2)OCCN1CCOCC1
OCNT-2328366,CYP3A4,4.718160855,3.880074730198845,4,MURCKO::O=C(COc1ccccc1)OCCn1cnc2[nH]c(=O)[nH]c(=O)c21
OCNT-2328371,CYP3A4,3.651939905,3.6275631677292477,4,MURCKO::O=C1C2=CC3C(=O)C=CCC3CC2Cc2ccccc21
OCNT-2328380,CYP3A4,3.830362768,4.251179429173266,2,MURCKO::O=C1C=C2CCC3C(=C2CC1)CCC1CCCC13
OCNT-2328398,CYP3A4,2.25078057,3.7233185082561295,2,MURCKO::c1ccccc1
OCNT-2328402,CYP3A4,5.497406215,4.391144928797328,2,MURCKO::O=C(Nc1ccccn1)c1ccc2[nH]c(CNc3ccccc3)nc2c1
OCNT-2328410,CYP3A4,2.21548035,3.6925393905640673,2,MURCKO::c1ccccc1
OCNT-2328416,CYP3A4,4.36386332,4.099748065213045,0,MURCKO::c1ccc2ncccc2c1
OCNT-2328429,CYP3A4,3.897803425,4.213805720014461,4,MURCKO::C=C1c2ccccc2C=Cc2ccccc21
OCNT-2328430,CYP3A4,2.277124133,3.1217760446478255,2,MURCKO::c1ccccc1
OCNT-2328446,CYP3A4,4.674651942,3.575919517545069,2,MURCKO::c1ccccc1
OCNT-2328455,CYP3A4,5.142915203,4.400792572814874,1,MURCKO::O=C(OCOC(=O)c1cccc2ncn(Cc3ccc(-c4ccccc4-c4nnn[nH]4)cc3)c12)OC1CCCCC1
OCNT-2328483,CYP3A4,2.034344685,3.6128273847069625,2,MURCKO::c1ccc(-c2nc3ccccc3[nH]2)cc1
OCNT-2328485,CYP3A4,2.96337939,3.5662482927718537,1,MURCKO::c1ccc(CN(CC2=NCCN2)c2ccccc2)cc1
OCNT-2328503,CYP3A4,4.591719858,3.6557407817181584,1,MURCKO::O=C(Cc1ccccc1)OCc1ccccn1
OCNT-2328525,CYP3A4,3.71669341,3.7271389803048436,2,MURCKO::c1ccc(Nc2ncnc3cc(OC4CCOC4)ccc23)cc1
OCNT-2328540,CYP3A4,3.526193633,4.165856520887983,3,MURCKO::c1ccc(CC2CCCCC2)cc1
OCNT-2328549,CYP3A4,3.626352713,3.9479984601933342,2,MURCKO::O=C1c2ccccc2C(=O)C1c1ccccc1
OCNT-2328562,CYP3A4,2.088260505,3.629383040882925,0,ACYCLIC::93fd644bd2fdb4ba
OCNT-2328579,CYP3A4,4.0776299,3.719776030494992,2,MURCKO::c1ccccc1
OCNT-2328585,CYP3A4,2.245141247,3.9042152257632647,1,MURCKO::O=c1nc(-c2ccccc2-c2ccc(Cn3cnc4ccccc43)cc2)[nH]o1
OCNT-2328599,CYP3A4,3.604846617,3.8604204632856653,1,MURCKO::c1ccc2c(CC3=NCCN3)cccc2c1
OCNT-2328613,CYP3A4,2.451694887,3.734615151050468,4,MURCKO::O=c1[nH]c(=O)c2[nH]cnc2[nH]1
OCNT-2328630,CYP3A4,4.774971565,3.3348282916184653,2,ACYCLIC::b7e5a4372964019a
OCNT-2328675,CYP3A4,2.616801833,3.780874528624305,1,MURCKO::C1CCC2(CC1)OCCO2
OCNT-2328681,CYP3A4,4.90616783,3.69260220594669,1,MURCKO::c1ccc(-c2ccc(Cc3cccc(C4CCCCO4)c3)s2)cc1
OCNT-2328725,CYP3A4,2.113958757,3.542679706124839,2,MURCKO::O=C(Nc1ccccn1)c1ccc2[nH]c(CNc3ccccc3)nc2c1
OCNT-2328748,CYP3A4,2.627554083,3.2539905267677005,2,MURCKO::c1ccccc1
OCNT-2328752,CYP3A4,2.356967875,3.8811055633924125,2,MURCKO::c1ccccc1
OCNT-2328753,CYP3A4,2.484795243,3.7961586331427553,2,MURCKO::c1cc(Cc2ccc(OC3CCOC3)cc2)cc(C2CCCCO2)c1
OCNT-2328771,CYP3A4,4.697796678,4.828042691492329,2,MURCKO::O=C1C=C2CCC3C4CCCC4CCC3C2CC1
OCNT-2328784,CYP3A4,3.317232682,4.163065595638405,0,MURCKO::c1ccc2ccccc2c1
OCNT-2328789,CYP3A4,2.28847508,3.9717782556843066,0,MURCKO::c1ccc2ncccc2c1
OCNT-2328813,CYP3A4,4.484931598,4.159087701186788,2,MURCKO::c1ccccc1
OCNT-2328820,CYP3A4,4.591722455,4.455025948806095,2,MURCKO::c1ccccc1
OCNT-2328822,CYP3A4,3.870445152,3.672701514439271,3,MURCKO::O=[PH](COCCn1cnc2cncnc21)Oc1ccccc1
OCNT-2328829,CYP3A4,2.392591655,3.7357217210382507,3,MURCKO::c1ccc2c(c1)OCCO2
OCNT-2328840,CYP3A4,2.39320434,3.3857830306049976,2,MURCKO::c1ccccc1
OCNT-2328848,CYP3A4,2.39347503,4.48141092521999,2,MURCKO::c1ccccc1
OCNT-2328854,CYP3A4,5.001760232,4.329991012755148,3,MURCKO::O=C(Cc1cccnc1)c1cccnc1
OCNT-2328857,CYP3A4,2.10376344,3.47657727057607,2,ACYCLIC::07c3d0c59ec0ed3d
OCNT-2328869,CYP3A4,2.897205487,4.446600835523132,4,MURCKO::O=C1OCC2C(OC3CCC4OCOCC4O3)c3cc4c(cc3C(c3ccccc3)C12)OCO4
OCNT-2328870,CYP3A4,3.140214593,3.9565385943076126,0,MURCKO::c1ccc2c(c1)CCc1cccnc1C2=C1CCNCC1
OCNT-2328890,CYP3A4,4.719345525,4.475152245608575,2,MURCKO::c1ccccc1
OCNT-2328892,CYP3A4,5.05946557,3.8786407895132538,2,MURCKO::c1ccc(Oc2ccccc2)cc1
OCNT-2328935,CYP3A4,4.822987888,3.5387964185379115,1,MURCKO::c1ncc2nc[nH]c2n1
OCNT-2328936,CYP3A4,6.24090818,4.84144634588602,1,MURCKO::c1ccc(-c2csc(CC(Cn3cncn3)c3ccccc3)n2)cc1
OCNT-2328938,CYP3A4,5.745036395,4.802982676110517,2,MURCKO::c1cncc(CN2CCC(=C3c4ccccc4CCc4cccnc43)CC2)c1
OCNT-2328941,CYP3A4,3.467287302,3.4631263728063058,2,MURCKO::c1ccccc1
OCNT-2328948,CYP3A4,4.56761854,4.011437917194764,2,MURCKO::O=C1c2ccccc2C(=O)C1c1ccccc1
OCNT-2328952,CYP3A4,4.239855262,3.2971096996824456,3,MURCKO::O=C1C=CC2C(=C1)CCC1C3CCCC3CCC21
OCNT-2328964,CYP3A4,2.052592035,3.6077642758461153,4,MURCKO::O=c1[nH]c(=O)c2[nH]cnc2[nH]1
OCNT-2328970,CYP3A4,1.977219185,3.2733066698204576,1,ACYCLIC::ab0e363c507d08db
OCNT-2328993,CYP3A4,2.045776065,3.3127873159605477,2,MURCKO::c1ccc(Oc2ccccc2)cc1
OCNT-2328994,CYP3A4,4.34668792,3.3254483931280885,3,MURCKO::c1ccc(Nc2ccnc3ccccc23)cc1
OCNT-2328999,CYP3A4,4.32425443,4.307685468825197,3,MURCKO::C1C2CC3CC1CC(C2)C3
OCNT-2395272,CYP3A4,3.833791445,3.8664727017162446,3,MURCKO::O=C(NCC1CCCC1)c1cnn(-c2ccccc2)c1
OCNT-2395273,CYP3A4,3.939599167,3.889670486869675,1,MURCKO::O=C(NC1CCOCC1)c1ccnc(N2CCCCC2)c1
OCNT-2395274,CYP3A4,6.79743507,3.7797235161537825,4,MURCKO::O=C(c1ccccn1)N1CCN(C2CC2)c2ccccc21
OCNT-2395275,CYP3A4,5.3311479,4.382704261265596,1,MURCKO::O=C(NCCS(=O)(=O)Nc1ccccc1)Nc1ccn(-c2ccccc2)n1
OCNT-2395276,CYP3A4,4.304885555,4.3365301130310705,2,MURCKO::O=C(NCc1nc2ccccc2[nH]1)c1ccccc1
OCNT-2395277,CYP3A4,5.064258277,4.534146989920931,3,MURCKO::O=C1CC(C(=O)Nc2ccn(Cc3ccccc3)n2)CN1
OCNT-2395278,CYP3A4,2.678431218,3.874537474664961,1,MURCKO::O=C(NCc1nc2ccccc2[nH]1)C12CC(C1)C2
OCNT-2395279,CYP3A4,6.149932165,4.165330260879116,1,MURCKO::O=C(NCCS(=O)(=O)Nc1ccccc1)Nc1ccn(-c2ccccc2)n1
OCNT-2395280,CYP3A4,4.013291673,4.023438920364164,1,MURCKO::O=C(c1cc2ncccc2o1)N1CCCCC1c1ncc[nH]1
OCNT-2395281,CYP3A4,3.924812805,3.698105895227223,2,MURCKO::O=C(c1ccc(=O)[nH]n1)N(Cc1ccccc1)C1CCOC1
OCNT-2395282,CYP3A4,4.024870125,4.729844712879901,3,MURCKO::O=C(NCc1cc2n(n1)CCCC2)NC1CCCCC1
OCNT-2395283,CYP3A4,4.985183427,4.214542510593872,1,MURCKO::O=C(NCCS(=O)(=O)Nc1ccccc1)Nc1ccn(-c2ccccc2)n1
OCNT-2395284,CYP3A4,3.586721283,4.079585308554094,3,MURCKO::O=C1CCCN1CCCNS(=O)(=O)c1ccccc1
OCNT-2395285,CYP3A4,5.731906275,4.437257322346307,1,MURCKO::O=C(Nc1ccc2c(c1)OCO2)C1CCN(C(=O)c2cc3ccccc3[nH]2)CC1
OCNT-2395286,CYP3A4,4.384895125,4.083932609594034,4,MURCKO::O=C(CCc1nc(C2CCCC2)no1)N1CCc2ccccc2C1
OCNT-2395287,CYP3A4,5.967122062,4.046651883634613,3,MURCKO::O=C(c1ccn[nH]1)N1CCN(C2CC2)c2ccccc21
OCNT-2395288,CYP3A4,4.919013703,4.019346791207322,2,MURCKO::O=C(NCCCc1ccccc1)c1ccncc1
OCNT-2395289,CYP3A4,2.655530887,3.8901628698098056,1,MURCKO::O=C(c1cccnc1)N1CCn2cccc2C1c1ccccc1
OCNT-2395290,CYP3A4,3.48504155,3.937969697208728,4,MURCKO::O=C(Cn1ncc(=O)c2ccccc21)N1CCNCC1
OCNT-2395291,CYP3A4,5.172392398,4.700985527993642,4,MURCKO::O=C(c1ccncc1)N1CCn2cccc2C1c1ccccc1
OCNT-2395292,CYP3A4,3.18673339,3.9092180235285006,0,MURCKO::O=C(NC1CC1)C1Cc2ccccc2CN1Cc1cnc[nH]1
OCNT-2395293,CYP3A4,4.647910397,4.3073276065995865,4,MURCKO::O=C(NCc1cccnc1)c1ccn2ncnc2n1
OCNT-2395294,CYP3A4,4.312064333,4.58659060465593,3,MURCKO::O=C(Nc1nnc(C2CCOCC2)s1)NC1(c2ccccc2)CCC1
OCNT-2395295,CYP3A4,3.778568425,4.120214618376453,3,MURCKO::c1ccn2cc(Cn3cc(-c4cc[nH]n4)nn3)nc2c1
OCNT-2395296,CYP3A4,4.437332085,4.415022286285872,3,MURCKO::O=C(NC1CC1)C1Cc2ccccc2CN1Cc1ccn[nH]1
OCNT-2395297,CYP3A4,4.036993605,3.81453981337954,0,MURCKO::c1ccc(N2CCCC2)cc1
OCNT-2395298,CYP3A4,3.409232298,4.310425869660088,1,MURCKO::O=C(NCc1ccccn1)c1ccc(S(=O)(=O)NC2CC2)cc1
OCNT-2395299,CYP3A4,4.329128038,4.2657435444764875,3,MURCKO::O=S(=O)(Nc1ccccc1)c1ccccc1
OCNT-2395300,CYP3A4,5.158784883,4.0817146769493196,1,MURCKO::O=C(NCCS(=O)(=O)Nc1ccccc1)Nc1ccn(-c2ccccc2)n1
OCNT-2395301,CYP3A4,2.457888615,4.794313177899785,1,MURCKO::c1cnc(N2CCNCC2)nc1
OCNT-2395302,CYP3A4,4.744152048,3.883086604289122,3,MURCKO::c1ccc2[nH]c(CNCc3cn[nH]c3)nc2c1
OCNT-2395303,CYP3A4,5.809834187,4.553957237897427,0,MURCKO::O=C(Nc1ccc2c(c1)OCO2)C1CCN(C(=O)Cc2cccc3ccccc23)CC1
OCNT-2395304,CYP3A4,4.167815617,4.034318334060741,1,MURCKO::O=C(c1ccccn1)N1CCNc2ccccc21
OCNT-2395305,CYP3A4,4.832499002,4.103233950169923,3,MURCKO::c1ccc(-n2cnc3ccccc32)nc1
OCNT-2395306,CYP3A4,4.758699123,4.549346771794458,4,MURCKO::O=C(c1ccccc1)N1CCCc2ccccc21
OCNT-2395307,CYP3A4,5.10581791,3.887991305892763,4,MURCKO::O=S(=O)(NCCc1cccc2ccccc12)c1cccs1
OCNT-2395308,CYP3A4,4.751167857,4.149003399895946,1,MURCKO::O=S(=O)(Nc1ccccc1)c1cnn(C2CCC2)c1
OCNT-2395309,CYP3A4,1.964653253,4.249137807678858,1,MURCKO::O=S(=O)(Nc1nccnc1C1CC1)c1cnn(C2CCC2)c1
OCNT-2395310,CYP3A4,4.877370508,3.354096318438476,0,MURCKO::O=S(=O)(Nc1ccccc1)c1cccs1
OCNT-2395311,CYP3A4,5.319436237,4.154893000716322,4,MURCKO::O=S(=O)(NCCc1cccc2ccccc12)c1cccs1
OCNT-2395312,CYP3A4,5.344907917,4.236251252797999,1,MURCKO::O=S(=O)(c1ccccc1)N1CCOC(c2ccccc2)C1
OCNT-2395313,CYP3A4,4.089022693,3.88048963264144,3,MURCKO::O=C(Nc1cccc2c1OCCC2)c1ccccc1
OCNT-2395314,CYP3A4,4.569166005,3.6593325683908415,3,MURCKO::O=S(=O)(Nc1ccccc1)c1ccccc1
OCNT-2395315,CYP3A4,4.59437675,3.7033147354451743,3,MURCKO::O=C(Nc1ccn(Cc2ccccc2)n1)c1cn[nH]c1
OCNT-2395316,CYP3A4,4.931118263,4.499630684841773,1,MURCKO::C1=CCC2(CC1)CCCN(c1ccccc1)C2
OCNT-2395317,CYP3A4,5.132729885,3.8308785324439163,3,MURCKO::O=S(=O)(Nc1ccccc1)c1ccccc1
OCNT-2395318,CYP3A4,3.094681512,4.400491409503189,0,MURCKO::C1CN(Cc2nc(C3CC3)no2)CCN1
OCNT-2395319,CYP3A4,5.885073883,3.9369150254139833,3,MURCKO::O=C(Nc1ccn(Cc2ccccc2)n1)c1cn[nH]c1
OCNT-2395320,CYP3A4,3.644961728,4.2172273219515635,3,MURCKO::O=C(Nc1ccccn1)N1CCCc2ccccc2CC1
OCNT-2395321,CYP3A4,5.312398685,4.463610677162947,2,MURCKO::O=C(Nc1ccc2c(c1)OCO2)C1CCNCC1
OCNT-2395322,CYP3A4,4.246439953,4.4505650696607155,3,MURCKO::O=S(=O)(Nc1ccccc1)c1ccccc1
OCNT-2395323,CYP3A4,5.134304378,4.084705511634988,3,MURCKO::O=c1c(S(=O)(=O)Nc2ccccc2)cnc2sccn12
OCNT-2395324,CYP3A4,4.134886143,4.655310761616862,4,MURCKO::O=S(=O)(Cc1ccccc1)c1nnc[nH]1
OCNT-2395325,CYP3A4,4.8886919,3.3986986125646315,2,MURCKO::O=S(=O)(Nc1cccnc1)c1cccs1
OCNT-2395326,CYP3A4,3.77235125,4.470910429967437,2,MURCKO::O=C(Nc1c[nH]nn1)NC1(c2ccccc2)CCC1
OCNT-2395327,CYP3A4,5.519664872,4.524291899673022,4,MURCKO::O=S(=O)(Nc1ccccc1N1CCOCC1)c1ccccc1
OCNT-2395328,CYP3A4,5.526844937,4.2331328539602335,3,MURCKO::O=S(=O)(Nc1ccccc1)c1ccccc1
OCNT-2395329,CYP3A4,3.768727975,4.413641245080033,1,MURCKO::O=C(c1ccoc1)N1CCCCC1c1ncc[nH]1
OCNT-2395330,CYP3A4,5.291706657,3.4500882261107804,3,MURCKO::O=S(=O)(Nc1ccccc1)c1ccccc1
OCNT-2395331,CYP3A4,3.224351552,4.1895254846101615,3,MURCKO::O=C(Nc1cccc2c1OCCC2)c1ccccc1
OCNT-2395332,CYP3A4,3.57392645,4.179443121134965,2,MURCKO::O=S(=O)(Nc1ccccn1)c1ccccc1
OCNT-2395333,CYP3A4,4.519548128,4.345858077966167,4,MURCKO::O=C(NC1CCC1)NC1CCN(c2ccccc2)C1
OCNT-2395334,CYP3A4,4.996639828,3.8337468525973404,3,MURCKO::O=C(c1cc(-c2ccccc2)nc2oncc12)N1CCC1
OCNT-2395335,CYP3A4,4.4082593,4.303809956585437,4,MURCKO::O=C(NC1CC1)C1Cc2ccccc2CN1Cc1ccccc1
OCNT-2395336,CYP3A4,3.77049007,3.837281014890973,1,MURCKO::c1ccc(N2CCNCC2)cc1
OCNT-2395337,CYP3A4,4.166390942,3.854017489965744,0,MURCKO::c1ccc(N2CCCC2)cc1
OCNT-2395338,CYP3A4,3.19121677,3.8447909702617187,1,MURCKO::O=C(CCCN1C(=O)CNC1=O)Nc1ccn(Cc2ccccc2)n1
OCNT-2395339,CYP3A4,5.568434758,4.5388860175015475,2,MURCKO::O=S(=O)(Cc1ccccc1)Cc1ccon1
OCNT-2395340,CYP3A4,5.030308093,4.56202262438917,1,MURCKO::O=C(Cc1ccncc1)N1CCOC(c2ccccc2)C1
OCNT-2395341,CYP3A4,2.015861195,3.421930399411655,3,MURCKO::O=S(=O)(NC1CCNCC1)c1ccccc1
OCNT-2395342,CYP3A4,5.341886632,4.601622441959704,4,MURCKO::O=S(=O)(NCc1ccccc1N1CCOCC1)c1ccccc1
OCNT-2395343,CYP3A4,2.245221262,3.6248420453804857,0,MURCKO::O=C(CCc1ccccc1)N1CCN(c2ncccn2)CC1
OCNT-2395344,CYP3A4,3.64090752,3.8964329679383347,2,MURCKO::c1ccc(CN2CCN(Cc3nc(C4CC4)no3)CC2)cc1
OCNT-2395345,CYP3A4,4.572286692,4.3884697124445395,3,MURCKO::O=C(c1ccccc1)N1CCCCCc2ccccc21
OCNT-2395346,CYP3A4,5.57847756,4.16942861720055,2,MURCKO::O=C(NCCCc1ccccc1)c1ccnc(NC(=O)C2CC2)c1
OCNT-2395347,CYP3A4,3.935867842,3.85624326745679,1,MURCKO::O=C(CCc1ncno1)N1CCCc2ccccc21
OCNT-2395348,CYP3A4,4.691003128,4.450158917849517,3,MURCKO::O=S(=O)(c1ccccc1)N1CCC=C(c2cn[nH]c2)C1
OCNT-2395349,CYP3A4,5.07026549,4.683870427934068,4,MURCKO::c1ccc(NCC2CCC2)cc1
OCNT-2395350,CYP3A4,4.39927141,4.405016920975573,4,MURCKO::O=C(c1ccc2nn[nH]c2c1)N1CCCc2ccccc2CC1
OCNT-2395351,CYP3A4,4.622410685,3.948658299726334,3,MURCKO::O=C(c1ccccc1)N1CCCCCc2ccccc21
OCNT-2395352,CYP3A4,4.059691825,4.4035390624531825,1,MURCKO::O=S(=O)(Nc1cn[nH]c1)c1ccccc1
OCNT-2395353,CYP3A4,4.885709995,4.465948226764253,3,MURCKO::O=S(=O)(c1ccccc1)N1CCC=C(c2cn[nH]c2)C1
OCNT-2395354,CYP3A4,3.81568132,4.672873952157581,4,MURCKO::O=S(=O)(N1CCOCC1)N1CCOC(c2ccccc2)C1
OCNT-2395355,CYP3A4,4.463125545,4.338789904173163,3,MURCKO::O=C(c1ccc2c(c1)OCCO2)N1CCCc2ccccc21
OCNT-2395356,CYP3A4,4.176819488,4.515893942263312,0,MURCKO::O=C(NCc1nc(C2CC2)no1)N1CCC1c1ccccc1
OCNT-2395357,CYP3A4,3.816929705,4.296748595047209,3,MURCKO::O=C(c1cnc(-c2ccco2)s1)N1CCN(CC2CCOC2)CC1
OCNT-2395358,CYP3A4,3.84075828,4.487884244514898,0,MURCKO::c1ccn2cc(Cn3cc(-c4ncc[nH]4)nn3)nc2c1
OCNT-2395359,CYP3A4,2.349003532,3.6296519278715125,0,MURCKO::O=C(c1nc[nH]n1)N1CCCc2ccccc21
OCNT-2395360,CYP3A4,4.618701045,4.160314013234891,2,MURCKO::O=C(c1ccccc1)N1CCn2cccc2C1c1ccccc1
OCNT-2395361,CYP3A4,3.526464638,3.4974433746489293,4,MURCKO::c1cc(N2CCCN(c3ncns3)CC2)ncn1
OCNT-2395362,CYP3A4,4.883148688,3.86352870590965,3,MURCKO::O=S(=O)(Nc1ccccc1)c1ccccc1
OCNT-2395363,CYP3A4,4.867541923,3.602529718293714,2,MURCKO::O=S(=O)(NCCN1CCOCC1)c1cccc2ccccc12
OCNT-2395364,CYP3A4,5.529586317,3.8300223449846484,2,MURCKO::O=C(c1cccnc1)N1CCN(C2CC2)c2ccccc21
OCNT-2395365,CYP3A4,2.845771448,3.5929889494779244,0,MURCKO::O=C(Cn1ncc(=O)c2ccccc21)N1CCOC2CCCC21
OCNT-2395366,CYP3A4,5.606378302,4.784084323416537,2,MURCKO::O=S(=O)(Cc1ccccc1)Cc1ccon1
OCNT-2395367,CYP3A4,5.104955732,4.006223845404347,4,MURCKO::O=C(Nc1ccccc1)c1cnoc1
OCNT-2395368,CYP3A4,5.58575969,3.906626280706139,3,MURCKO::O=S(=O)(Nc1[nH]nc2c1CCC2)c1ccccc1
OCNT-2395369,CYP3A4,4.434343132,3.6109033438354827,3,MURCKO::O=C(c1ccco1)N1CCCCCc2ccccc21
OCNT-2395370,CYP3A4,2.358005528,3.769629632369957,0,MURCKO::O=C(NCC1CCCCN1)Nc1ccccc1
OCNT-2395371,CYP3A4,4.458540315,4.396070180219505,3,MURCKO::O=C(CC1CCCO1)Nc1cccc(-n2nnnc2C2CC2)c1
OCNT-2395372,CYP3A4,5.978168057,5.1666233663856,0,MURCKO::O=C(NC1CC1)C1Cc2ccccc2CN1Cc1c[nH]cn1
OCNT-2395373,CYP3A4,2.731910693,3.8479134630736542,1,MURCKO::O=C(NCc1nc2ccccc2[nH]1)C1CC=CC1
OCNT-2395374,CYP3A4,3.50383709,3.599169624728917,0,MURCKO::O=C(NCCn1cccn1)c1ccn2ncnc2n1
OCNT-2395375,CYP3A4,4.144938892,3.877691956000566,3,MURCKO::O=C(c1cnc(-c2ccco2)s1)N1CCC(n2ccnn2)CC1
OCNT-2395376,CYP3A4,5.24223199,4.441270980908208,4,MURCKO::O=C(c1[nH]nc2ccccc12)N1CCCc2ccccc21
OCNT-2395377,CYP3A4,5.406038363,4.610369990868509,2,MURCKO::O=C(Nc1cccc(-n2nnnc2C2CC2)c1)NC1CCC12CCCC2
OCNT-2395378,CYP3A4,2.733737248,3.88342249967551,3,MURCKO::O=C(NCc1cnccn1)c1ccn2ncnc2n1
OCNT-2395379,CYP3A4,4.834891833,3.711216047724836,1,MURCKO::O=C(c1ccco1)N1CCc2ccccc21
OCNT-2395380,CYP3A4,3.91647593,3.97102916471241,3,MURCKO::O=C(Nc1cccc(-n2nnnc2C2CC2)c1)C1CCCC1
OCNT-2395381,CYP3A4,4.44842136,4.087936214790651,2,MURCKO::O=C(Nc1cccc2c1CCN2)NC1(c2ccccc2)CCC1
OCNT-2395382,CYP3A4,4.532337828,3.916795663082165,0,MURCKO::O=S(=O)(Nc1cccc2nccnc12)c1sccc1C1CC1
OCNT-2395383,CYP3A4,5.233174372,4.617292371982359,3,MURCKO::O=C(NCc1ccncc1)c1ccc(S(=O)(=O)NC2CC2)cc1
OCNT-2395384,CYP3A4,5.648142737,4.350234153206362,3,MURCKO::O=S(=O)(NCCc1cccc2ccccc12)c1ccccc1
OCNT-2395385,CYP3A4,3.779270617,4.2163518949970795,2,MURCKO::O=C(c1ccnc(N2CCCCC2)c1)N1CCC2(CCNC2=O)CC1
OCNT-2395386,CYP3A4,4.32048986,3.8871944572521144,1,MURCKO::O=S(=O)(Nc1cccc2c1C1CCC2N1)c1sccc1C1CC1
OCNT-2395387,CYP3A4,4.640744168,4.516919367307564,4,MURCKO::O=C(NCc1ccccc1)N1CCC1c1ccccc1
OCNT-2395388,CYP3A4,4.450572252,4.404905011342251,2,MURCKO::c1nnc(SCc2cc3n(n2)CCCC3)[nH]1
OCNT-2395389,CYP3A4,5.41571126,4.260449516991007,4,MURCKO::O=C(c1noc2c1CCCC2)N1CCc2[nH]cnc2C1c1ccccc1
OCNT-2395390,CYP3A4,5.05016215,3.6321631702358146,3,MURCKO::c1ccc(-c2cn(Cc3noc(C4CCCCC4)n3)nn2)cc1
OCNT-2395391,CYP3A4,4.789582925,4.570312451685065,1,MURCKO::O=C(Nc1ccncc1)c1ccccc1
OCNT-2395392,CYP3A4,4.538755025,4.467593009710086,0,MURCKO::c1c(CSc2nncn2C2CC2)nn2c1CCCC2
OCNT-2395393,CYP3A4,3.805039413,4.049420047261092,4,MURCKO::c1cnc(N2CCN(Cc3nc(C4CC4)no3)CC2)cn1
OCNT-2395394,CYP3A4,4.260669062,4.340189127851998,4,MURCKO::O=C(Nc1cccnc1)NC1(c2ccccc2)CCC1
OCNT-2395395,CYP3A4,5.033908597,4.6558432399271465,0,MURCKO::O=C(Nc1ccncc1)c1ccc(CNC(=O)C2CCOCC2)cc1
OCNT-2395396,CYP3A4,2.139796898,3.8037421510385476,1,MURCKO::O=S(=O)(Nc1cn[nH]c1)c1cnn(C2CCC2)c1
OCNT-2395397,CYP3A4,4.588731053,3.988452073868351,4,MURCKO::O=S(=O)(c1ccccc1)N1CC2C3C=CC(O3)C2C1
OCNT-2395398,CYP3A4,3.936778295,4.628388173982348,0,MURCKO::O=C(c1cnc2ccnn2c1)N1CCCc2ccccc2CC1
OCNT-2395399,CYP3A4,2.757958195,4.025040775110227,3,MURCKO::O=C(NCC1CCOC1)c1cnc(-c2ccco2)s1
OCNT-2395400,CYP3A4,3.39431766,3.4421092307650767,4,MURCKO::O=C1CCCCCN1CCCNS(=O)(=O)c1cccs1
OCNT-2395401,CYP3A4,3.515679212,4.222214560393766,3,MURCKO::O=C(Nc1cc2n(n1)CCCC2)c1ccco1
OCNT-2395402,CYP3A4,4.003423502,4.417323106538843,4,MURCKO::O=C(c1cnccn1)N1CCCc2ccccc2CC1
OCNT-2395403,CYP3A4,4.747038658,4.331600339493261,1,MURCKO::O=S(=O)(c1ccccc1)N1CCOC(c2ccccc2)C1
OCNT-2395404,CYP3A4,2.39752221,4.170512820045569,4,MURCKO::O=S(=O)(NC1CC1)c1ccccc1
OCNT-2395405,CYP3A4,5.797570588,4.519661162058199,2,MURCKO::O=C(Cn1cccn1)NCc1ccc(C(=O)Nc2ccncc2)cc1
OCNT-2395406,CYP3A4,4.818110925,4.087898985490016,3,MURCKO::c1ccc(-n2cnc3ccccc32)nc1
OCNT-2395407,CYP3A4,3.985942915,3.9554203895327684,0,MURCKO::c1ccc(N2CCCC2)cc1
OCNT-2395408,CYP3A4,5.853626023,4.754417998904984,2,MURCKO::O=C(NCCc1cccnc1)Nc1nccs1
OCNT-2395409,CYP3A4,5.232010117,4.063451047348578,2,MURCKO::O=C(Nc1ccc2c(c1)OCO2)C1CCNCC1
OCNT-2395410,CYP3A4,3.416517965,3.6587224579025723,0,MURCKO::O=C(Cn1ncc(=O)c2ccccc21)N1CCCC12CCC2
OCNT-2395411,CYP3A4,4.170636845,4.096763637100447,1,MURCKO::O=C(c1ccco1)N1CCCCc2ccccc21
OCNT-2395412,CYP3A4,2.06605357,3.576623667338854,1,MURCKO::O=C(CNS(=O)(=O)c1ccccc1)N1CCC1
OCNT-2395413,CYP3A4,4.26554637,4.1645980811063,2,MURCKO::C1CCNCC1
OCNT-2395414,CYP3A4,4.881132185,3.5641331937439475,0,MURCKO::O=C(c1cc(-c2ccco2)[nH]n1)N1CCc2ccccc21
OCNT-2395415,CYP3A4,4.963924383,4.966289427548431,0,MURCKO::O=C(NCc1cccnc1)c1ccccc1
OCNT-2395416,CYP3A4,4.424372147,4.47177811739347,4,MURCKO::O=C(Nc1cccnc1)N1CCN(c2ncccn2)CC1
OCNT-2395417,CYP3A4,4.885116788,4.577484616555872,0,MURCKO::O=C(NCC1CCNCC1)C1CCC1
OCNT-2395418,CYP3A4,4.5722972,3.9617938318675407,3,MURCKO::O=C(NCc1ccc[nH]c1=O)N1CCC1c1ccccc1
OCNT-2395419,CYP3A4,4.924192827,4.197981977595147,4,MURCKO::O=C(Nc1ccc2c(c1)OCO2)C1CCN(C(=O)c2ccc[nH]2)CC1
OCNT-2395420,CYP3A4,2.697861178,3.3570527484336656,1,MURCKO::O=C(NC1CC1)C1Cc2ccccc2CN1
OCNT-2395421,CYP3A4,5.55095215,3.708949839528168,0,MURCKO::O=C(NCCCc1ccccc1)Nc1ccccc1
OCNT-2395422,CYP3A4,1.942231613,4.2675126065093725,1,MURCKO::O=C(NC1(c2nnn[nH]2)CC1)c1cnn(-c2ccccc2)c1
OCNT-2395423,CYP3A4,5.136154207,4.576325058880809,0,MURCKO::O=C(NCc1ccccc1)NCC1(c2ccccc2)CCC1
OCNT-2395424,CYP3A4,6.376078055,4.864253769472862,3,MURCKO::O=C(CCc1cccnc1)N1CCCc2ccccc21
OCNT-2395425,CYP3A4,5.120864273,4.427485258334221,4,MURCKO::c1ccc(NCC2CCC2)cc1
OCNT-2395426,CYP3A4,2.072467178,3.2595050934604735,3,MURCKO::O=C(Cn1ncc(=O)c2ccccc21)N1CCCCC1
OCNT-2395427,CYP3A4,6.57682035,4.638291448487524,0,MURCKO::O=C(NCc1ccncc1)c1cccc(NS(=O)(=O)c2ccccc2)c1
OCNT-2395428,CYP3A4,4.88115619,4.590004041119215,3,MURCKO::c1ccn2cc(Cn3cc(-c4nccs4)nn3)nc2c1
OCNT-2395429,CYP3A4,4.540503295,3.935418060351456,3,MURCKO::O=C(c1cc(-c2ccccc2)nc2oncc12)N1CCCCC1
OCNT-2395430,CYP3A4,5.11900036,4.694510229932069,2,MURCKO::O=C(c1ccc(COc2ccccc2)o1)N1CCCc2ccccc21
OCNT-2395431,CYP3A4,3.45467804,3.483274489515509,0,MURCKO::O=C(Cn1cnccc1=O)N1CCOC(c2ccccc2)C1
OCNT-2395432,CYP3A4,2.1809837,3.5621102918481986,2,MURCKO::O=C(c1ccn[nH]1)N1CCNc2ccccc21
OCNT-2395433,CYP3A4,4.966451915,4.016808211085065,0,MURCKO::O=C(CC1CCCCC1)NC1CCN(c2ccccc2)C1
OCNT-2395434,CYP3A4,2.61790481,4.104899298399351,3,MURCKO::O=C(c1ccc(N2CCCC2c2nnc[nH]2)nc1)N1CCCCC1
OCNT-2395435,CYP3A4,2.180110838,3.7681412869828788,3,MURCKO::O=C(Nc1cc2n(n1)CCCC2)c1cccc(=O)[nH]1
OCNT-2395436,CYP3A4,5.963552567,4.460331687973754,4,MURCKO::c1cc(NCC2CCC2)ccn1
OCNT-2395437,CYP3A4,4.68024692,3.5992696540416094,0,MURCKO::c1ccc(CC2CCCN2c2ccncn2)cc1
OCNT-2395438,CYP3A4,3.095404022,4.097179801144335,3,MURCKO::c1cn(Cc2cocn2)nn1
OCNT-2395439,CYP3A4,2.330581078,3.4785290139478495,3,MURCKO::O=S(=O)(Nc1ccccc1)c1ccccc1
OCNT-2395440,CYP3A4,4.95328548,4.445405617046396,4,MURCKO::c1ccc(NCC2CCC2)cc1
OCNT-2395441,CYP3A4,5.138354168,4.941950805492128,2,MURCKO::O=C(NCc1cc2n(n1)CCCC2)C1(Sc2ccccc2)CC1
OCNT-2395442,CYP3A4,2.174431442,3.3031810257295064,0,MURCKO::O=C(Cn1cnnn1)N1CCOC(c2ccccc2)C1
OCNT-2395443,CYP3A4,5.359680305,4.202516634996089,0,MURCKO::O=C(NCc1cccnc1)c1ccccc1
OCNT-2395444,CYP3A4,5.384433152,4.765782812411699,0,MURCKO::O=C(NCc1cccnc1)c1ccc(S(=O)(=O)Nc2ccccc2)cc1
OCNT-2395445,CYP3A4,3.53333597,4.026623604496235,2,MURCKO::O=C(c1cn[nH]n1)N1CCCCC1c1ncc[nH]1
OCNT-2395446,CYP3A4,3.509074313,4.772151531594094,0,MURCKO::O=S(=O)(NC1CCCC1)c1ccccc1
OCNT-2395447,CYP3A4,5.66007574,4.463276851238041,1,MURCKO::O=C(c1cc2ccccc2[nH]1)N1CCCCC1c1ncc[nH]1
OCNT-2395448,CYP3A4,2.071110248,3.2152977381133963,3,MURCKO::O=C(Cn1ncc(=O)c2ccccc21)N1CCCCC1
OCNT-2395449,CYP3A4,5.110449832,3.8729117127273303,3,MURCKO::O=C(c1cc(-c2ccccc2)nc2oncc12)N1CCCCC1
OCNT-2395450,CYP3A4,5.054998692,4.198424438208967,3,MURCKO::O=C(C1CC12CCc1ccccc12)N1CCCCC1
OCNT-2395451,CYP3A4,3.579423645,3.6999836700415845,1,MURCKO::O=C(c1ccccn1)N1CCNc2ccccc21
OCNT-2395452,CYP3A4,2.131347953,3.586171402308693,0,MURCKO::O=C(Cn1ncc(=O)c2ccccc21)N1CCCC1C1CCCN1
OCNT-2395453,CYP3A4,5.470744555,4.773774243583382,1,MURCKO::c1ccc(SCc2cc3n(n2)CCCC3)cc1
OCNT-2395454,CYP3A4,4.118105522,3.9757206681212502,3,MURCKO::O=C1CCCN1CCCNS(=O)(=O)c1ccccc1
OCNT-2395455,CYP3A4,4.542286403,3.8146692333312777,3,MURCKO::O=C(Nc1ccccc1)C1CCCO1
OCNT-2395456,CYP3A4,3.393549403,4.446468271540872,4,MURCKO::O=C(NCc1cc2n(n1)CCCC2)NC1CCC1
OCNT-2395457,CYP3A4,5.856038895,4.124713154440718,2,MURCKO::c1ccc(-c2cn(CCc3cnc[nH]3)nn2)cc1
OCNT-2395458,CYP3A4,3.340401267,3.811472275686589,3,MURCKO::O=S(=O)(c1ccccc1)N1CC2NCCOC2C1
OCNT-2395459,CYP3A4,2.020488837,4.123506064437287,2,MURCKO::O=C(Nc1ccc2c(c1)OCO2)C1CCNCC1
OCNT-2395460,CYP3A4,5.29994507,4.061466312076149,3,MURCKO::O=C(c1ccccc1)N1CCCCCc2ccccc21
OCNT-2395461,CYP3A4,4.22850119,3.6798129073965233,1,MURCKO::O=C(NCCC1CCNC1)c1cnn(-c2ccccc2)c1
OCNT-2395462,CYP3A4,4.89951958,3.8256305904088204,3,MURCKO::O=S(=O)(Nc1ccccc1)c1ccccc1
OCNT-2395463,CYP3A4,4.091947927,4.329356887280748,1,MURCKO::O=C(CCc1nc(C2CCCC2)no1)N1CCC1
OCNT-2395464,CYP3A4,5.450628942,4.469101831745108,0,MURCKO::c1cc(NCC2CC2)ccn1
OCNT-2395465,CYP3A4,4.34093697,4.534661700882635,4,MURCKO::O=C(NC1CCN(c2ccccc2)CC1)C1CCCCC1
OCNT-2395466,CYP3A4,4.931869915,3.337989736351782,0,MURCKO::O=C(c1ccco1)N1CCN(C2CC2)c2ccccc21
OCNT-2395467,CYP3A4,2.149480888,3.3451801906747582,3,MURCKO::O=S(=O)(Nc1ccccc1)c1ccccc1
OCNT-2395468,CYP3A4,4.130074675,4.052567745565083,3,MURCKO::O=C(CCc1nc(C2CCCC2)no1)N1CCCCC1
OCNT-2395469,CYP3A4,4.616851608,4.568843889811934,3,MURCKO::O=C(NCc1cccnc1)c1cccc(S(=O)(=O)NC2CC2)c1
OCNT-2395470,CYP3A4,4.95156472,3.7288584189638074,1,MURCKO::c1ccc(-c2cn(Cc3cc(C4CC4)no3)nn2)cc1
OCNT-2395471,CYP3A4,2.20648882,3.5931185964083414,0,MURCKO::O=S(=O)(c1cccc2cccnc12)N1CCCCC1
OCNT-2395472,CYP3A4,2.968446817,3.4483744919138517,3,MURCKO::O=C(Cn1ncc(=O)c2ccccc21)N1CCCCC1
OCNT-2395473,CYP3A4,3.693297252,3.4654903505135777,3,MURCKO::O=C(NCCCc1ccccc1)N1CCCC1
OCNT-2395474,CYP3A4,4.957931657,3.6020488669752537,0,MURCKO::c1ccc(-c2cn(Cc3nc(C4CC4)n[nH]3)nn2)cc1
OCNT-2395475,CYP3A4,4.26595296,3.5738542085204155,3,MURCKO::c1ccc2c(c1)nc(SCc1ncon1)n1ncnc21
OCNT-2395476,CYP3A4,4.98831702,4.986401241269608,3,MURCKO::O=S(=O)(Nc1ccccc1)c1ccccc1
OCNT-2395477,CYP3A4,3.887211425,4.357553982369826,3,MURCKO::c1ccc(C2NCCn3cccc32)cc1
OCNT-2395478,CYP3A4,5.024356175,4.418010240715335,4,MURCKO::O=C(c1c[nH]nc1-c1ccccc1)N1CCN(c2ncccn2)CC1
OCNT-2395479,CYP3A4,4.176698538,4.288373658721441,4,MURCKO::O=S(=O)(Cc1cccnc1)Cc1noc2c1CCCCC2
OCNT-2395480,CYP3A4,3.903181492,4.22738852208996,2,MURCKO::O=C(CNc1ccccc1)N1CCOC(c2ccccc2)C1
OCNT-2395481,CYP3A4,3.275800322,3.9703317293768596,3,MURCKO::O=C1CCCN1CCCNS(=O)(=O)c1ccccc1
OCNT-2395482,CYP3A4,2.09983156,3.902065089436546,0,MURCKO::O=S(=O)(c1ccccc1)N1CCC(c2ccccc2)CC1
OCNT-2395483,CYP3A4,4.320346508,3.9884421221911373,1,MURCKO::O=S(=O)(NCc1ncco1)c1ccccc1
OCNT-2395484,CYP3A4,3.601665152,3.940609624790103,0,MURCKO::O=C(NCc1ccccn1)c1ccn2ncnc2n1
OCNT-2395485,CYP3A4,5.041130693,3.904297464090344,3,MURCKO::O=S(=O)(NCCc1cccc2ccccc12)c1ccccc1
OCNT-2395486,CYP3A4,3.176833415,4.481215621992514,2,MURCKO::O=C(C1CCCN1)N1CCN(c2ncccn2)CC1
OCNT-2395487,CYP3A4,3.80811524,4.129543239366663,3,MURCKO::O=C(Cc1cnoc1)N1CCOC(c2ccccc2)C1
OCNT-2395488,CYP3A4,4.614954295,4.08579224878402,1,MURCKO::c1ccc(-c2cn(Cc3cc[nH]n3)nn2)cc1
OCNT-2395489,CYP3A4,2.22116229,3.33137671287468,1,MURCKO::O=C(c1cnc(-c2ccco2)s1)N1CCOCC1
OCNT-2395490,CYP3A4,4.185763455,3.5645184876336042,2,MURCKO::O=C1CCC(c2ccccc2NS(=O)(=O)c2sccc2C2CC2)N1
OCNT-2395491,CYP3A4,4.594297577,4.104318474372996,2,MURCKO::O=S(=O)(Nc1cccnc1)c1cccs1
OCNT-2395492,CYP3A4,5.14859293,4.611997785874593,3,MURCKO::O=S(=O)(c1ccccc1)N1CCC=C(c2cn[nH]c2)C1
OCNT-2395493,CYP3A4,4.056752767,4.2865390223656155,0,MURCKO::O=S(=O)(NCc1ncno1)c1ccccc1
OCNT-2395494,CYP3A4,5.049904725,3.960076876237294,1,MURCKO::O=C(c1ccc(CS(=O)(=O)c2ccccc2)o1)N1CCCCc2ccccc21
OCNT-2395495,CYP3A4,4.788202948,4.95180796714039,1,MURCKO::c1ccc(SCc2cc3n(n2)CCCC3)cc1
OCNT-2395496,CYP3A4,4.793409135,4.256749277092649,4,MURCKO::O=C(c1ccc2c(c1)OCCCO2)N1CCn2cccc2C1c1ccccc1
OCNT-2395497,CYP3A4,4.01719418,3.9383047535030533,1,MURCKO::c1ccc(N2CCNCC2)cc1
OCNT-2395498,CYP3A4,4.710070515,4.2490877396557565,3,MURCKO::O=S(=O)(Nc1cccnc1)c1cnn(C2CCCC2)c1
OCNT-2395499,CYP3A4,5.005418815,4.2021129785331395,0,MURCKO::c1nc2c(c(N3CCN(Cc4nc(C5CC5)no4)CC3)n1)CCC2
OCNT-2395500,CYP3A4,5.1413988,4.962198690794166,2,MURCKO::c1ccc(-c2cn(Cc3ccn(C4CCCC4)n3)nn2)cc1
OCNT-2395501,CYP3A4,5.140313218,3.888207862965148,0,MURCKO::O=C(NCCCc1ccccc1)Nc1ccccc1
OCNT-2395502,CYP3A4,3.70184245,4.749982868155511,1,MURCKO::O=C(c1cn[nH]c1)N1CCCCC1c1ncc[nH]1
OCNT-2395503,CYP3A4,5.184632385,4.598287033164493,1,MURCKO::O=C(CCn1cncn1)N1CCCc2ccccc21
OCNT-2395504,CYP3A4,5.250205875,4.31989461124171,1,MURCKO::O=S(=O)(Nc1ccccc1)c1cnn(C2CCC2)c1
OCNT-2395505,CYP3A4,5.023646047,3.665546245261702,0,MURCKO::O=C(NCCCc1ccccc1)Nc1ccccc1
OCNT-2395506,CYP3A4,3.853191718,3.850670789325589,1,MURCKO::O=C1CCCN1CCCNS(=O)(=O)c1cccs1
OCNT-2395507,CYP3A4,4.760331325,4.051145583967257,2,MURCKO::O=S(=O)(Cc1cnoc1)Cc1noc2c1CCCCC2
OCNT-2395508,CYP3A4,3.851940177,3.7609718811409745,0,MURCKO::O=C(NC1CCCC1)c1ccnc(N2CCCCC2)c1
OCNT-2395510,CYP3A4,5.290375023,4.143959034027744,4,MURCKO::O=C(CCc1cnoc1)N1CCOC(c2ccccc2)C1
OCNT-2395511,CYP3A4,5.78345141,4.338009228213993,4,MURCKO::O=S(=O)(Nc1ccccc1)c1cnn(C2CCCC2)c1
OCNT-2395512,CYP3A4,4.022104132,4.023516962195067,1,MURCKO::O=C(NC1CCCC1)c1cnn(-c2ccccc2)c1
OCNT-2395513,CYP3A4,3.086277585,4.201147425567888,0,MURCKO::O=C(c1cc[nH]c1)N1CCN(C2CC2)c2ccccc21
OCNT-2395514,CYP3A4,4.002443927,4.2815874344651155,2,MURCKO::c1ccc(N2CCN(Cc3nc(C4CC4)no3)CC2)cc1
OCNT-2395515,CYP3A4,4.424826845,3.906712824300959,4,MURCKO::c1ccc(N2CCN(Cc3ccno3)CC2)cc1
OCNT-2395516,CYP3A4,3.953700178,3.8585582863314194,2,MURCKO::O=C(NCc1ccns1)c1ccn2ncnc2n1
OCNT-2395517,CYP3A4,4.032193927,3.786066062187277,3,MURCKO::O=C(Nc1ccc2c(c1)OCO2)C1CCN(C(=O)N2CCC2)CC1
OCNT-2395518,CYP3A4,2.579042223,4.788780853506042,3,MURCKO::O=S(=O)(NC1CCCCC1)c1ccccc1
OCNT-2395519,CYP3A4,4.769233823,4.00245352807749,3,MURCKO::O=S(=O)(Cc1noc2c1CCCCC2)c1ccccc1
OCNT-2395520,CYP3A4,4.023025482,3.997920061234744,1,MURCKO::c1ccc(N2CCNCC2)cc1
OCNT-2395521,CYP3A4,2.993381435,4.845621385297571,0,MURCKO::O=C(c1cccnc1)N1CCCc2ccccc21
OCNT-2395522,CYP3A4,4.518967697,3.9335405883032015,4,MURCKO::O=C(NC1CCN(c2ccccc2)C1)C1CC1
OCNT-2395523,CYP3A4,4.614936862,3.994996977785713,0,MURCKO::O=C(CCC1CCCCC1)NCc1ccccc1
OCNT-2395524,CYP3A4,4.282864303,3.7334229098998355,1,MURCKO::O=S(=O)(c1ccccc1)N1CCOCC1
OCNT-2395525,CYP3A4,4.350615175,5.117710147275133,1,MURCKO::O=C(NC1CC1)C1Cc2ccccc2CN1Cc1cccs1
OCNT-2395526,CYP3A4,4.737636343,4.96965410068653,0,MURCKO::O=C(NCc1cccnc1)c1ccccc1
OCNT-2395527,CYP3A4,4.063649153,4.413283828079048,2,MURCKO::O=S(=O)(c1cccc2ccccc12)N1CCOCC1
OCNT-2395528,CYP3A4,4.64217941,4.605070076591753,3,MURCKO::O=S(=O)(Cc1noc2c1CCCCC2)c1ccccc1
OCNT-2395529,CYP3A4,4.954365495,3.980080534108843,3,MURCKO::O=C(C1CC1c1cn[nH]c1)N1CCCc2ccccc21
OCNT-2395530,CYP3A4,3.815267538,3.928729629789295,2,MURCKO::c1ccc(-n2cccn2)cc1
OCNT-2395531,CYP3A4,5.156498607,4.396327627257183,2,MURCKO::O=S(=O)(c1cccs1)N1CCC=C(c2cn[nH]c2)C1
OCNT-2395532,CYP3A4,4.938750935,4.001987760077483,0,MURCKO::O=S(=O)(NCc1cnn(-c2ccccc2)c1)c1ccccc1
OCNT-2395533,CYP3A4,3.81463258,4.111808040382931,3,MURCKO::O=C(NC1CC=CCC1)c1ccccc1
OCNT-2395534,CYP3A4,4.529459662,4.267741884934255,3,MURCKO::O=C(c1cnc(-c2ccco2)s1)N1CCCCC1c1ncon1
OCNT-2395535,CYP3A4,2.063968108,3.2576903734965414,4,MURCKO::O=S(=O)(c1cccc2cccnc12)N1CCOCC1
OCNT-2395536,CYP3A4,4.412084548,4.507962381491556,0,MURCKO::O=C(NCc1ccccc1)c1ccccc1
OCNT-2395537,CYP3A4,3.821690025,4.426960991129928,0,MURCKO::O=C(Nc1ccccn1)NC1(c2ccccc2)CCC1
OCNT-2395538,CYP3A4,4.12491944,4.626105975428152,4,MURCKO::O=C(NCc1ccccc1)N1CCC1c1ccccc1
OCNT-2395539,CYP3A4,4.971816775,3.9788424306062034,1,MURCKO::O=C(CCCc1nnc(-c2ccccc2)o1)N1CCCc2ccccc21
OCNT-2395540,CYP3A4,5.066112803,4.170439504617573,4,MURCKO::O=C(c1[nH]nc2ccccc12)N1CCCc2ccccc21
OCNT-2395541,CYP3A4,5.688555218,4.602058049254889,4,MURCKO::O=S(=O)(Nc1ccccc1N1CCOCC1)c1ccccc1
OCNT-2395542,CYP3A4,4.669056513,4.155253250434848,0,MURCKO::O=C(Nc1cc2n(n1)CCCC2)c1cc2ccccc2o1
OCNT-2395543,CYP3A4,5.333809693,4.48739197460405,4,MURCKO::c1ccc(NCC2CCC2)cc1
OCNT-2395544,CYP3A4,4.952892825,3.787901307171846,4,MURCKO::O=C(NCCS(=O)(=O)Nc1ccccc1)Nc1ccn(C2CCCCC2)n1
OCNT-2395545,CYP3A4,4.164731677,4.552869954660585,0,MURCKO::O=C(NCc1cccnc1)c1ccccc1
OCNT-2395546,CYP3A4,5.038823883,4.924297893760779,4,MURCKO::O=S(=O)(Nc1ccccc1N1CCOCC1)c1ccccc1
OCNT-2395547,CYP3A4,4.29194543,4.563666569779757,4,MURCKO::c1cc(NCC2CCC2)ccn1
OCNT-2395548,CYP3A4,5.303949493,4.222680710804665,3,MURCKO::O=S(=O)(NCCc1cccc2ccccc12)c1ccccc1
OCNT-2395549,CYP3A4,4.47172079,4.600367183366938,2,MURCKO::c1nc(N2CCCC2)cc(N2CCCN(c3ncns3)CC2)n1
OCNT-2395550,CYP3A4,5.94143321,4.491105252530938,3,MURCKO::O=S(=O)(Nc1ccccc1)c1ccccc1
OCNT-2395551,CYP3A4,1.94737139,3.3861393960235335,3,MURCKO::O=C(C1CC12CCc1ccccc12)N1CCOCC1
OCNT-2395552,CYP3A4,3.865375667,3.9443165300905876,3,MURCKO::O=C(Nc1cccc(-n2nnnc2C2CC2)c1)C1CCCNC1
OCNT-2395553,CYP3A4,4.624680377,4.336316543020052,1,MURCKO::O=C(CC1C=CCC1)NCc1nc2ccccc2[nH]1
OCNT-2395554,CYP3A4,5.114120648,3.8383280684432677,4,MURCKO::O=C(NC1CCN(c2ccccc2)C1)c1ccoc1
OCNT-2395555,CYP3A4,3.427380085,3.955224813898896,4,MURCKO::O=C(NCCS(=O)(=O)Nc1ccccn1)Nc1ccn(-c2ccccc2)n1
OCNT-2395556,CYP3A4,3.826424575,3.508636028345343,1,MURCKO::O=S(=O)(Nc1cn[nH]c1)c1ccccc1
OCNT-2395557,CYP3A4,3.350590577,4.362901250655365,0,MURCKO::O=C1CCCCCN1CCCNS(=O)(=O)c1cnoc1
OCNT-2395558,CYP3A4,2.04500877,3.349346222476543,3,MURCKO::O=C(NC1CC=CCC1)c1ccccc1
OCNT-2395559,CYP3A4,6.171894857,4.441051904590459,3,MURCKO::O=C(c1cc(-c2ccccc2)nc2oncc12)N1CCCCC1
OCNT-2395560,CYP3A4,4.065596995,4.399484304074537,2,MURCKO::O=S(=O)(NCC1CC1)c1ccccc1
OCNT-2395561,CYP3A4,3.054516267,4.164751458221918,1,MURCKO::c1ccc(-n2cc(Cn3ccnn3)cn2)cc1
OCNT-2395562,CYP3A4,3.847277183,4.132442501809636,2,MURCKO::c1ccc(N2CCN(Cc3nc(C4CC4)no3)CC2)nc1
OCNT-2395563,CYP3A4,2.076511913,3.4959484461076733,3,MURCKO::O=C(c1ccn[nH]1)N1CCCc2ccccc21
OCNT-2395564,CYP3A4,4.863756022,4.514193561179014,4,MURCKO::O=C(NC1CC1)C1Cc2ccccc2CN1Cc1n[nH]c2ccccc12
OCNT-2395565,CYP3A4,4.815923983,4.418030999974503,0,MURCKO::O=S(=O)(Cc1ccccc1)Cc1noc2c1CCCCC2
OCNT-2395566,CYP3A4,4.440221917,4.462378924913522,2,MURCKO::c1ccc(N2CCN(Cc3nc(C4CC4)no3)CC2)cc1
OCNT-2395567,CYP3A4,5.21310288,3.5227915084823493,4,MURCKO::c1ccc(-c2cn(CCc3ccn[nH]3)nn2)cc1
OCNT-2395568,CYP3A4,4.95387548,4.606515268669057,3,MURCKO::O=C(Nc1ccccc1N1CCCC1)N1CCN(c2ncccn2)CC1
OCNT-2395569,CYP3A4,2.187934527,3.8211032281369617,4,MURCKO::O=C1CCCN1CC(=O)N1CCOC(c2ccccc2)C1
OCNT-2395570,CYP3A4,4.594446373,4.3539085218558045,4,MURCKO::c1ccc(-n2nnnc2C2CC2)cc1
OCNT-2395571,CYP3A4,5.30321726,4.680904829064882,1,MURCKO::c1ccc(N2CCCN(c3ncns3)CC2)nc1
OCNT-2395572,CYP3A4,5.283430907,4.344486867986664,3,MURCKO::O=C(c1cnc(-c2ccco2)s1)N1CCc2ccccc21
OCNT-2395573,CYP3A4,4.205072515,3.768779401122274,3,MURCKO::O=C(c1cc(-c2ccccc2)nc2oncc12)N1CCC1
OCNT-2395574,CYP3A4,4.675248277,4.79872531879719,1,MURCKO::O=C(NC1CC1)C1Cc2ccccc2CN1Cc1cccs1
OCNT-2395575,CYP3A4,4.08378289,4.525793442947791,3,MURCKO::O=C(Nc1cccc2c1OCCC2)c1ccccc1
OCNT-2395576,CYP3A4,4.395570003,4.337342196025553,3,MURCKO::O=C(c1cc2ccccn2c1)N1CCCCC1c1ncc[nH]1
OCNT-2395577,CYP3A4,4.015097575,3.62528994355238,3,MURCKO::O=S(=O)(Nc1cn[nH]c1)c1cccnc1
OCNT-2395578,CYP3A4,4.358190552,3.970126011612435,4,MURCKO::O=C1CCCCCN1CCNS(=O)(=O)c1cccs1
OCNT-2395579,CYP3A4,4.746138913,3.99783402298829,3,MURCKO::O=C1CCCN1c1ccc(C(=O)N2CCn3cccc3C2c2ccccc2)cc1
OCNT-2395580,CYP3A4,4.151883817,4.2016877814010645,3,MURCKO::O=C(Nc1cc[nH]n1)NC1(c2ccccc2)CCC1
OCNT-2395581,CYP3A4,4.669401365,5.630741686963026,3,MURCKO::O=C(NCc1cc2n(n1)CCCC2)C1CCC(OCC2CCC2)CC1
OCNT-2395582,CYP3A4,4.516886957,3.475297372544941,2,MURCKO::O=C(NCc1nc2ccccc2[nH]1)c1ccccc1
OCNT-2395583,CYP3A4,4.06572573,3.467893349215105,2,MURCKO::c1ccc(-c2cn(Cc3nnc4n3CCCCC4)nn2)cc1
OCNT-2395584,CYP3A4,3.793707005,3.7563473562376304,1,MURCKO::c1ccc(N2CCNCC2)cc1
OCNT-2395585,CYP3A4,4.609398255,3.683126070987283,0,MURCKO::O=C(Cc1cn[nH]c1)Nc1cccc2c1OCCC2
OCNT-2395586,CYP3A4,4.92501999,4.231779036567246,2,MURCKO::O=C(NCc1nc2ccccc2[nH]1)c1ccccc1
OCNT-2395587,CYP3A4,4.274050743,4.738706969495806,2,MURCKO::O=C(NC1CC1)C1Cc2ccccc2CN1Cc1cnn[nH]1
OCNT-2395588,CYP3A4,4.58605595,4.560853822451677,2,MURCKO::O=C(Nc1cccc(-n2nnnc2C2CC2)c1)N1CCN(C2CC2)CC1
OCNT-2395589,CYP3A4,4.10892818,4.344583152378676,2,MURCKO::c1nsc(N2CCN(Cc3nc(C4CC4)no3)CC2)n1
OCNT-2395590,CYP3A4,6.776572222,4.088742633966683,2,MURCKO::O=S(=O)(Nc1cccc2cc[nH]c12)c1sccc1C1CC1
OCNT-2395591,CYP3A4,4.725816535,4.672815615717037,1,MURCKO::O=C(Nc1ccccc1)N1CCN(c2ncccn2)CC1
OCNT-2395592,CYP3A4,4.110678552,4.214602235581756,2,MURCKO::O=C(Nc1ccc2c(c1)OCO2)C1CCNCC1
OCNT-2395593,CYP3A4,5.00895778,4.451060832283725,3,MURCKO::O=C(Nc1ccns1)NC1(c2ccccc2)CCC1
OCNT-2395594,CYP3A4,5.436417953,4.170524508716618,3,MURCKO::O=S(=O)(Nc1ccccc1)c1sccc1C1CC1
OCNT-2395595,CYP3A4,4.884816772,3.521198663247764,3,MURCKO::O=C(Cn1ccc(=O)[nH]c1=O)N1CCCc2ccccc21
OCNT-2395596,CYP3A4,4.3106221,4.241252668710306,1,MURCKO::O=C(Cc1ccccc1)N1CCN(c2ccncn2)CC1
OCNT-2395597,CYP3A4,5.809395215,4.030701670077567,2,MURCKO::O=S(=O)(Nc1ccc2cn[nH]c2c1)c1ccccc1
OCNT-2395598,CYP3A4,5.48175593,4.0037028576144555,2,MURCKO::O=S(=O)(Nc1ccccc1C1CC1)c1sccc1C1CC1
OCNT-2395599,CYP3A4,4.808982763,3.5076149791709934,2,MURCKO::c1ccc2c(c1)nc(SCC1CCOCC1)n1ncnc21
OCNT-2395600,CYP3A4,3.036258822,3.2696991471264236,0,MURCKO::c1ccc2c(c1)CCCN2
OCNT-2395601,CYP3A4,3.631573325,3.6091950951914975,0,MURCKO::O=C(c1cccnc1)N1CCc2ccccc2C1
OCNT-2395602,CYP3A4,5.46015369,3.6793676139254763,0,MURCKO::O=S(=O)(Nc1ccccc1C1CCC1)c1sccc1C1CC1
OCNT-2395603,CYP3A4,4.88203187,3.6424921227181275,3,MURCKO::c1ccc2c(c1)nc(SCCC1CCOC1)n1ncnc21
OCNT-2395604,CYP3A4,4.339379105,3.4363010409416153,0,MURCKO::c1ccc2c(c1)ncn1ncnc21
OCNT-2395605,CYP3A4,5.60513497,4.0751778312693885,1,MURCKO::O=C(c1ccc2c(c1)OCO2)N1CCn2cccc2C1c1ccccc1
OCNT-2395606,CYP3A4,4.869666663,3.83015274293141,3,MURCKO::O=S(=O)(Nc1ccccc1)c1sccc1C1CC1
OCNT-2395607,CYP3A4,4.319952052,3.9387302399713207,4,MURCKO::O=S(=O)(Nc1ccccc1N1CCOCC1)c1ccccc1
OCNT-2395608,CYP3A4,4.616725535,4.350180576979855,0,MURCKO::O=C(NCc1ccccc1)N1CCN(Cc2ccccc2)CC1
OCNT-2395609,CYP3A4,2.496124733,3.3558510681529263,1,MURCKO::O=C(NCc1ncccn1)c1ccn2ncnc2n1
OCNT-2395610,CYP3A4,3.32945167,3.8795266356285927,2,MURCKO::C1CCNCC1
OCNT-2395611,CYP3A4,4.860509438,3.816453998128497,3,MURCKO::O=S(=O)(Nc1ccccc1)c1ccccc1
OCNT-2395612,CYP3A4,4.508305165,4.197916217983876,0,MURCKO::O=S(=O)(Nc1ccccc1)c1cccs1
OCNT-2395613,CYP3A4,3.48046569,4.1640951338344,0,MURCKO::O=C(CCNS(=O)(=O)c1cccs1)NCCCN1CCCCCC1=O
OCNT-2395614,CYP3A4,2.778184492,3.6219617821503416,1,MURCKO::O=C(c1nc[nH]n1)N1CCCc2ccccc2CC1
OCNT-2395615,CYP3A4,5.30099028,4.723539416198742,2,MURCKO::O=C(Nc1ccncc1)c1ccc(CNC(=O)C2CCCCC2)cc1
OCNT-2395616,CYP3A4,4.923024762,4.001801350724217,4,MURCKO::O=C(CSc1nc2ccccc2c2ncnn12)N1CCCCC1
OCNT-2395617,CYP3A4,4.474392293,4.301508027147634,0,MURCKO::O=C(Nc1ccc2c(c1)OCO2)C1CCN(C(=O)c2ccccn2)CC1
OCNT-2395618,CYP3A4,4.28925827,4.261118676989388,2,MURCKO::O=C(Nc1nnc(C2CC2)s1)c1cnc(-c2ccco2)s1
OCNT-2395619,CYP3A4,4.266635078,4.424970287219897,2,MURCKO::O=C(c1cnc(-c2ccco2)s1)N1CCCc2ccccc21
OCNT-2395620,CYP3A4,5.068388083,4.20372554735077,4,MURCKO::O=C(c1ccccc1)N1CCCc2ccccc21
OCNT-2395621,CYP3A4,5.043061338,4.265659727707295,1,MURCKO::c1cc(N2CCCCC2)nc(-n2cnc3ccccc32)c1
OCNT-2395622,CYP3A4,3.908615055,4.137794304860638,3,MURCKO::O=S(=O)(Nc1ccccc1)c1ccccc1
OCNT-2395623,CYP3A4,3.933598293,3.764194147557372,0,MURCKO::O=S(=O)(Nc1ccccc1)c1cccs1
OCNT-2395624,CYP3A4,3.194039572,3.5734150196698167,4,MURCKO::O=S(=O)(Nc1cn[nH]c1)c1ccn[nH]1
OCNT-2395625,CYP3A4,2.869463802,3.808477474614118,3,MURCKO::O=S(=O)(Nc1cnccn1)c1cccc2c1OCCC2
OCNT-2395626,CYP3A4,5.186547398,4.876476169175971,2,MURCKO::O=C(Nc1ccncc1)c1ccc(CNC(=O)C2CCCCC2)cc1
OCNT-2395627,CYP3A4,4.811983657,4.107012410372029,3,MURCKO::O=S(=O)(Nc1ccccc1)c1ccccc1
OCNT-2395628,CYP3A4,3.533098777,3.938278960431808,0,MURCKO::C1CN(Cc2nc(C3CC3)no2)CCN1
OCNT-2395629,CYP3A4,4.475290858,5.121386764405672,1,MURCKO::O=C(Nc1cccnc1-c1cn[nH]c1)NC1(c2ccccc2)CCC1
OCNT-2395630,CYP3A4,4.223294652,4.4205125452462095,3,MURCKO::O=C(NC1CC1)C1Cc2ccccc2CN1Cc1cn2ccccc2n1
OCNT-2395631,CYP3A4,4.031217042,3.8358551475025378,2,MURCKO::O=C1NCc2c(NS(=O)(=O)c3sccc3C3CC3)cccc21
OCNT-2395632,CYP3A4,3.68222437,4.3018699581617135,0,MURCKO::C1CN(Cc2nc(C3CC3)no2)CCN1
OCNT-2395633,CYP3A4,4.785576687,3.6188901482293208,4,MURCKO::O=C(c1ccccn1)N1CCN(C2CC2)c2ccccc21
OCNT-2395634,CYP3A4,2.190838462,4.04748218683692,3,MURCKO::O=C1CCCN1CCCNS(=O)(=O)c1ccccc1
OCNT-2395635,CYP3A4,4.768627985,3.6920080810446096,4,MURCKO::O=C1Cc2cccc(NS(=O)(=O)c3sccc3C3CC3)c2N1
OCNT-2395636,CYP3A4,3.663136355,3.625310749518406,3,MURCKO::O=C(NCC1CCCC1)c1cnn(-c2ccccc2)c1
OCNT-2395637,CYP3A4,4.902830315,4.518163927984237,2,MURCKO::c1cc(NCC2(C3CCCCO3)CCC2)ncn1
OCNT-2395638,CYP3A4,4.572224542,3.9413249726472763,4,MURCKO::O=C1Cc2ccc(C(=O)N3CCCc4ccccc43)cc2N1
OCNT-2395639,CYP3A4,4.21129633,3.73817721254114,0,MURCKO::O=C(c1cc[nH]n1)N1CCCc2ccccc21
OCNT-2395640,CYP3A4,4.013320542,3.852023453685252,1,MURCKO::O=C(Nc1ccn[nH]1)c1ccnc(N2CCCCC2)c1
OCNT-2395641,CYP3A4,5.133925675,4.04522169097964,4,MURCKO::O=C(c1[nH]nc2ccccc12)N1CCCc2ccccc21
OCNT-2395642,CYP3A4,2.204663052,3.813922341180916,2,MURCKO::O=C1CCCN1CCCNS(=O)(=O)c1c[nH]c(=O)[nH]c1=O
OCNT-2395643,CYP3A4,4.19543617,4.497023340215913,3,MURCKO::c1cc2n(n1)CCCC2
OCNT-2395644,CYP3A4,5.346789933,4.292246474315165,3,MURCKO::O=S(=O)(NCCc1cccc2ccccc12)c1ccccc1
OCNT-2395645,CYP3A4,5.912842905,4.395408647271838,3,MURCKO::O=S(=O)(Nc1ccccc1)c1ccccc1
OCNT-2395646,CYP3A4,2.261276372,3.425984308194921,4,MURCKO::O=S(=O)(c1ccccc1)N1C2CCC1CC2
OCNT-2395647,CYP3A4,4.211382767,4.497339472012044,2,MURCKO::C1CNCC(CC2CC2)C1
OCNT-2395648,CYP3A4,6.072193412,3.9579335033388574,1,MURCKO::O=C(NCCS(=O)(=O)Nc1ccccc1)Nc1ccn(-c2ccccc2)n1
OCNT-2395649,CYP3A4,4.217003818,3.953573213869742,4,MURCKO::O=C(NCc1ccccc1)N1CCC1c1ccccc1
OCNT-2395650,CYP3A4,3.267771695,4.429047263573414,0,MURCKO::O=S(=O)(Nc1cc2n(n1)CCCC2)c1ccccc1
OCNT-2395651,CYP3A4,2.261559773,3.3967369330684662,0,MURCKO::O=S(=O)(Nc1ccccc1)c1cccs1
OCNT-2395652,CYP3A4,4.944225128,4.054513159255877,2,MURCKO::O=C(NCCS(=O)(=O)Nc1ccccc1)Nc1ccn(Cc2ccccc2)n1
OCNT-2395653,CYP3A4,4.87965294,4.282690245733834,3,MURCKO::O=C(Nc1ccn(Cc2ccccc2)n1)c1cn[nH]c1
OCNT-2395654,CYP3A4,5.918884883,4.691788782756796,0,MURCKO::O=C(CC1CCOCC1)NCc1ccc(C(=O)Nc2ccncc2)cc1
OCNT-2395655,CYP3A4,2.549907935,3.9346589983308697,0,MURCKO::O=C(c1cccnc1)N1CCc2ccccc2C1
OCNT-2395656,CYP3A4,3.347266452,3.9234164302127343,1,MURCKO::O=S(=O)(Nc1ccccc1)c1cnn(C2CCC2)c1
OCNT-2395657,CYP3A4,5.295529767,4.57440937603854,4,MURCKO::c1ccc(NCC2CCC2)cc1
OCNT-2395658,CYP3A4,2.102320618,3.3042439934282326,4,MURCKO::O=C(c1cccnc1)N1CC=CCC1
OCNT-2395659,CYP3A4,4.726165315,4.264483441507324,2,MURCKO::O=C(NCc1ccccc1)c1ccn2ncnc2n1
OCNT-2395660,CYP3A4,4.85167092,4.520263845694704,2,MURCKO::O=C(c1cnc(-c2ccco2)s1)N1CCCc2ccccc21
OCNT-2395661,CYP3A4,3.803226915,4.0030506058707624,1,MURCKO::c1ccc(N2CCN(C3CCOCC3)CC2)cc1
OCNT-2395662,CYP3A4,2.404207318,3.231768708538277,3,MURCKO::O=C(Cn1ncc(=O)c2ccccc21)N1CCCCC1
OCNT-2395663,CYP3A4,5.183907513,4.540389947413376,0,MURCKO::O=C(NCC1CCNCC1)C1CC1
OCNT-2395664,CYP3A4,5.454998965,3.678362679267866,2,MURCKO::O=S(=O)(Nc1ccccc1)c1cccc2cccnc12
OCNT-2395665,CYP3A4,5.191766043,4.1393268404550865,4,MURCKO::O=C(c1cc(-c2ccccc2)nc2oncc12)N1CC2CC1C2
OCNT-2395666,CYP3A4,4.210004452,4.759913301435619,3,MURCKO::O=C(c1ccn[nH]1)N1CCCc2ccccc21
OCNT-2395667,CYP3A4,4.37885095,4.364461920020983,2,MURCKO::O=C(NC1CC2(CCNCC2)C1)C1CC1
OCNT-2395668,CYP3A4,4.52062949,3.8092292608400804,2,MURCKO::c1ccc2c(c1)nc(SCc1ncno1)n1ncnc21
OCNT-2395669,CYP3A4,4.571307492,4.287172707822833,2,MURCKO::O=C(CSc1nc2ccccc2c2ncnn12)N1CCOCC1
OCNT-2395670,CYP3A4,4.504472302,4.224405994373837,4,MURCKO::O=C(COCC1CC1)Nc1cccc(-n2nnnc2C2CC2)c1
OCNT-2395671,CYP3A4,4.42524445,4.0776193273261985,0,MURCKO::O=C(NCC1CCNCC1)C1CC1
OCNT-2395672,CYP3A4,4.23344031,4.305623150607931,2,MURCKO::O=C(Nc1ccc2c(c1)OCO2)C1CCNCC1
OCNT-2395673,CYP3A4,6.12316442,4.554531401814767,2,MURCKO::O=C(NCC1CC12CCNCC2)C1CCCC1
OCNT-2395674,CYP3A4,6.163297652,4.30902685373458,1,MURCKO::O=C(NCCS(=O)(=O)Nc1ccccc1)Nc1ccn(-c2ccccc2)n1
OCNT-2395675,CYP3A4,5.905133565,4.59627531853314,0,MURCKO::O=C(NC1CC12CCNCC2)C1CCCC1
OCNT-2395676,CYP3A4,3.511694225,4.410518617202868,3,MURCKO::O=S(=O)(NCc1nnc[nH]1)c1ccccc1
OCNT-2395677,CYP3A4,4.102520603,4.283334608787145,1,MURCKO::O=S(=O)(c1ccccc1-c1ccno1)N1CCCC1
OCNT-2395678,CYP3A4,5.167533805,4.150830375792672,4,MURCKO::c1ccc(-n2nnnc2C2CC2)cc1
OCNT-2395679,CYP3A4,3.416967683,4.401397894889709,2,MURCKO::O=C(NC1CNC1)C1CCNCC1
OCNT-2395680,CYP3A4,3.67993847,4.126409681223124,2,MURCKO::O=C(CCc1nc(C2CCCC2)no1)N1CCCCCC1
OCNT-2395681,CYP3A4,2.79488905,3.6220486571873094,1,MURCKO::O=S(=O)(Nc1cn[nH]c1)c1ccccc1
OCNT-2395682,CYP3A4,3.821236808,3.7288811141083364,2,MURCKO::O=C(c1ccn[nH]1)N1CCCCC1c1ncc[nH]1
OCNT-2395683,CYP3A4,2.92375799,3.6700316735245333,3,MURCKO::O=C(CN1CCNCC1)NCc1nc2ccccc2[nH]1
OCNT-2395684,CYP3A4,5.258613602,4.33542078925611,3,MURCKO::O=C(c1cc(-c2ccccc2)nc2oncc12)N1CCCCC1
OCNT-2395685,CYP3A4,5.100726175,3.9217654402544273,1,MURCKO::O=C(NCc1ccccc1)c1cn[nH]c1
OCNT-2395686,CYP3A4,4.814842452,4.2360658177662405,3,MURCKO::O=S(=O)(Nc1ccccc1)c1ccccc1
OCNT-2395687,CYP3A4,2.984719753,4.072919083060153,2,MURCKO::O=C(c1cnc(-c2ccco2)s1)N1CCn2cnnc2C1
OCNT-2395688,CYP3A4,5.46602375,4.847199403889659,1,MURCKO::O=C(Nc1ccncc1)c1ccccc1
OCNT-2395689,CYP3A4,3.564863805,4.406049764876707,4,MURCKO::O=C(Nc1cc2n(n1)CCCC2)c1ccccc1
OCNT-2395690,CYP3A4,5.75038255,5.179279729679136,4,MURCKO::O=S(=O)(Nc1ccccc1N1CCOCC1)c1ccccc1
OCNT-2395691,CYP3A4,2.304827018,4.565342324660454,0,MURCKO::O=S(=O)(Nc1cnccn1)c1cnn(C2CCCC2)c1
OCNT-2395692,CYP3A4,4.148652315,3.72576482287402,0,MURCKO::O=C(NCCCc1ccccc1)Nc1ccccc1
OCNT-2395693,CYP3A4,3.509472672,4.239708237725906,4,MURCKO::O=C(Nc1cc2n(n1)CCCC2)c1ccccc1
OCNT-2395694,CYP3A4,3.711903055,3.7527020651162264,1,MURCKO::c1ccc(N2CCNCC2)cc1
OCNT-2395695,CYP3A4,3.472697055,4.342674630107145,1,MURCKO::O=C(c1cn[nH]c1)N1CCCCC1c1ncc[nH]1
OCNT-2395696,CYP3A4,3.476018522,3.5496197709518924,2,MURCKO::O=C(NCc1nc2ccccc2[nH]1)c1cccnc1
OCNT-2395697,CYP3A4,4.07004387,3.717861492714498,3,MURCKO::c1ccc(N2CCCCC2)nc1
OCNT-2395698,CYP3A4,4.709783387,4.378574782962268,1,MURCKO::O=C1CCCc2cc(C(=O)N3CCn4cccc4C3c3ccccc3)ccc2N1
OCNT-2395699,CYP3A4,2.874505928,3.889693737210103,2,MURCKO::O=C(Nc1cccc2c1OCCC2)N1CCNCC1
OCNT-2395700,CYP3A4,5.210702027,4.359605126468981,0,MURCKO::O=C(CCc1nc(C2CCCC2)no1)N1CCCCC1Cc1ccccc1
OCNT-2395701,CYP3A4,4.34861851,4.1187018605342995,1,MURCKO::O=S(=O)(Nc1ccccc1)c1cnn(C2CCC2)c1
OCNT-2395702,CYP3A4,4.004066267,3.947023918516105,3,MURCKO::O=C(c1cc(-c2ccco2)[nH]n1)N1CCCCC1
OCNT-2395703,CYP3A4,2.333177083,2.7722502084446883,0,MURCKO::O=C(c1cccnc1)N1CCc2ccccc2C1
OCNT-2395704,CYP3A4,5.872654955,4.46975441426696,1,MURCKO::O=C(NCc1ccccc1)c1ccc(S(=O)(=O)NC2CC2)cc1
OCNT-2395705,CYP3A4,4.71633843,4.324894489278981,0,MURCKO::O=C(Nc1cc2n(n1)CCCC2)c1cc2ccccc2o1
OCNT-2395706,CYP3A4,3.54631486,4.409766928048804,1,MURCKO::O=C(Nc1ncccn1)NC1(c2ccccc2)CCC1
OCNT-2395707,CYP3A4,3.823097905,3.6682503925169736,3,MURCKO::c1ccc(-c2cn(Cc3ncon3)nn2)cc1
OCNT-2395708,CYP3A4,2.076895057,3.4386242543268977,0,MURCKO::O=S(=O)(c1cccc2cccnc12)N1CCCCC1
OCNT-2395709,CYP3A4,1.959712167,3.945274213307386,0,MURCKO::O=C(NC12COC(C1)C2)c1cnn(-c2ccccc2)c1
OCNT-2395710,CYP3A4,2.449073467,3.750887000467724,2,MURCKO::O=C(Cn1ccccc1=O)NCc1ccccc1
OCNT-2395711,CYP3A4,4.165031332,3.8075770653737284,0,MURCKO::O=C(COCc1ccn[nH]1)N1CCCc2ccccc21
OCNT-2395712,CYP3A4,5.291723665,4.2159147074252115,3,MURCKO::O=C(c1c[nH]nn1)N1CCN(C2CC2)c2ccccc21
OCNT-2395713,CYP3A4,4.55986093,4.3161007710615165,4,MURCKO::O=C(c1c[nH]nc1-c1ccccc1)N1CCN(c2ncccn2)CC1
OCNT-2395714,CYP3A4,4.18104634,4.482452739901056,1,MURCKO::O=S(=O)(Nc1cn[nH]c1)c1ccccc1
OCNT-2395715,CYP3A4,3.718887545,3.9090625614213277,1,MURCKO::c1ccc2[nH]cnc2c1
OCNT-2395716,CYP3A4,4.183870363,3.4375129030625313,4,MURCKO::O=C(NC1CC=CCC1)c1cccnc1
OCNT-2395717,CYP3A4,5.231255505,4.532254140079412,2,MURCKO::O=C(CCOc1ccccc1)Nc1cccc(-n2nnnc2C2CC2)c1
OCNT-2395718,CYP3A4,4.01772276,3.7017167404825044,3,MURCKO::O=C(Nc1ccccc1)C1CCCO1
OCNT-2395719,CYP3A4,3.75389345,3.976698036388605,4,MURCKO::c1ccc(-n2nnnc2C2CC2)cc1
OCNT-2395720,CYP3A4,3.219694877,3.5685977236358473,0,MURCKO::O=C(CC1CCNCC1)N1CCOC(c2ccccc2)C1
OCNT-2395721,CYP3A4,4.751033347,4.485857439987167,1,MURCKO::O=C(NCc1cccnc1)c1cccc(S(=O)(=O)N2CCCC2)c1
OCNT-2395722,CYP3A4,5.418126688,4.0250527748301685,3,MURCKO::O=S(=O)(NCCc1cccc2ccccc12)c1ccccc1
OCNT-2395723,CYP3A4,4.306221147,4.119425339841631,0,MURCKO::O=S(=O)(c1ccccc1)N1CCC1
OCNT-2395724,CYP3A4,4.986965113,4.071432563346081,3,MURCKO::O=S(=O)(NCCc1cccc2ccccc12)c1ccccc1
OCNT-2395725,CYP3A4,5.243843163,4.727733828133011,4,MURCKO::O=S(=O)(Nc1ccccc1N1CCOCC1)c1cnoc1
OCNT-2395726,CYP3A4,4.893126983,3.7614782678943333,0,MURCKO::c1ccc(N2CCCC2)cc1
OCNT-2395727,CYP3A4,6.421514082,4.089971117907517,4,MURCKO::O=S(=O)(NCc1cccnc1)c1ccccc1
OCNT-2395728,CYP3A4,5.686804833,4.333554542489619,3,MURCKO::O=S(=O)(NCCc1cccc2ccccc12)c1ccccc1
OCNT-2395729,CYP3A4,4.524574675,3.7977540628505873,2,MURCKO::c1ccc(-c2cn(Cc3cc4n(n3)CCC4)nn2)cc1
OCNT-2395730,CYP3A4,4.056562995,3.6754773206228353,3,MURCKO::O=C(Nc1ccccc1)C1CCCO1
OCNT-2395731,CYP3A4,5.7450152,4.33960595811978,4,MURCKO::O=C(CSc1nc2ccccc2c2ncnn12)Nc1ccccc1
OCNT-2395732,CYP3A4,4.70771295,3.8661569094331174,4,MURCKO::O=C(c1ccccc1)N1CCCc2ccccc21
OCNT-2395733,CYP3A4,4.478465482,3.6831325613130104,3,MURCKO::O=C(c1ccccc1)N1CCCCCc2ccccc21
OCNT-2395734,CYP3A4,4.858771785,3.8102700332947532,0,MURCKO::c1ccc(N2CCCC2)cc1
OCNT-2395735,CYP3A4,4.96168881,5.311695870027696,4,MURCKO::O=C(NCCc1ccccc1)Nc1ccccc1
OCNT-2395736,CYP3A4,4.88265345,4.007162144570022,1,MURCKO::O=S(=O)(c1ccccc1)N1CC2(CCC2)C2COCC21
OCNT-2395737,CYP3A4,4.848294932,4.607046750597445,1,MURCKO::O=S(=O)(NCc1ccsc1)c1ccccc1
OCNT-2395738,CYP3A4,3.458538008,4.407633167135626,0,MURCKO::O=C(c1cnco1)N1CCCCC1c1ncc[nH]1
OCNT-2395739,CYP3A4,4.537244252,3.773081494264671,3,MURCKO::O=S(=O)(Nc1ccccc1)c1ccccc1
OCNT-2395740,CYP3A4,5.388053982,4.523708127821972,2,MURCKO::O=S(=O)(c1cccs1)N1CCC=C(c2cn[nH]c2)C1
OCNT-2395741,CYP3A4,3.786477802,3.717666617681184,4,MURCKO::O=S(=O)(Nc1ncccn1)c1ccccc1
OCNT-2395742,CYP3A4,2.004025575,4.114272773412776,2,MURCKO::O=S(=O)(Nc1cncnc1)c1cnn(C2CCC2)c1
OCNT-2395743,CYP3A4,4.89372463,4.03926908046021,2,MURCKO::O=C(COC1CCCCC1)Nc1ccccc1
OCNT-2395744,CYP3A4,5.051615703,4.393637447703231,2,MURCKO::O=S(=O)(c1cccs1)N1CCC=C(c2cn[nH]c2)C1
OCNT-2395745,CYP3A4,5.044628075,4.781650367217909,1,MURCKO::O=C(Nc1ccncc1)c1ccccc1
OCNT-2395746,CYP3A4,4.334929565,4.418336210456526,0,MURCKO::O=S(=O)(NCc1ncc[nH]1)c1ccccc1
OCNT-2395747,CYP3A4,3.171157898,4.468856707270701,3,MURCKO::O=C(NC1CCOC1)c1ccnc(N2CCCCC2)c1
OCNT-2395748,CYP3A4,4.372384388,4.195051645958383,3,MURCKO::c1ccc(-n2cnc3ccccc32)nc1
OCNT-2395749,CYP3A4,3.846829993,4.416229032315332,3,MURCKO::O=S(=O)(NC1CCCCC1)c1ccccc1
OCNT-2395750,CYP3A4,3.991076515,4.319528849208252,2,MURCKO::O=C1CN(C(=O)c2ccnc(N3CCCCC3)c2)CCN1
OCNT-2395751,CYP3A4,2.779373388,3.8886296255777033,1,MURCKO::c1cnc(-c2nc(Cn3ccnn3)cs2)nc1
OCNT-2395752,CYP3A4,4.842778378,3.9621639284068024,2,MURCKO::O=C(Nc1ccccc1)C1CCC1
OCNT-2395753,CYP3A4,2.073384172,3.538638422532525,1,MURCKO::O=S(=O)(c1cccc2cccnc12)N1CCCC1
OCNT-2395754,CYP3A4,2.61765796,3.736435180931994,4,MURCKO::O=C(c1ccccc1)N1CCCc2ccccc21
OCNT-2395755,CYP3A4,4.303729255,3.933617053002018,1,MURCKO::c1cnc(COc2ccc(NCC3(C4CCCO4)CC3)cc2)cn1
OCNT-2395756,CYP3A4,5.112293845,4.472201030218964,1,MURCKO::O=S(=O)(c1ccccc1-c1ccccc1)N1CCOCC1CC1CCOC1
OCNT-2395757,CYP3A4,4.687255527,4.296054846274144,0,MURCKO::O=C(c1ccc(OCC2CCCO2)cc1)N1CCn2cccc2C1c1ccccc1
OCNT-2395758,CYP3A4,5.922702717,4.7127339759871365,4,MURCKO::O=S(=O)(Nc1ccccc1N1CCOCC1)c1ccccc1
OCNT-2395759,CYP3A4,4.550641833,4.194549399615729,3,MURCKO::O=C(c1ccco1)N1CCCCCc2ccccc21
OCNT-2395760,CYP3A4,4.28893312,4.068606290213058,1,MURCKO::O=S(=O)(NCc1ccco1)c1ccccc1
OCNT-2395761,CYP3A4,5.172487858,4.833755355322935,1,MURCKO::c1ccc(SCc2cc3n(n2)CCCC3)cc1
OCNT-2395762,CYP3A4,4.691256633,3.856887325358653,0,MURCKO::O=S(=O)(Nc1ccccc1)c1cccs1
OCNT-2395763,CYP3A4,4.644817705,4.402366158390138,1,MURCKO::O=C(Nc1ccccc1)N1CCN(c2ncccn2)CC1
OCNT-2395764,CYP3A4,4.118716433,3.649660449100672,2,MURCKO::O=C(CNc1ccccc1)N1CCOC(c2ccccc2)C1
OCNT-2395765,CYP3A4,4.58200774,4.565944471743369,4,MURCKO::O=C(NCc1ccn[nH]c1=O)N1CCC1c1ccccc1
OCNT-2395766,CYP3A4,4.192558305,4.044749448602427,2,MURCKO::O=C(NC1CCOCC1)c1cnn(-c2ccccc2)c1
OCNT-2395767,CYP3A4,1.974573193,3.5060325552104197,0,MURCKO::O=S(=O)(Nc1cc2n(n1)CCCC2)c1ccccc1
OCNT-2395768,CYP3A4,3.61871611,4.293092478505425,1,MURCKO::O=C(NCC1CSCCO1)c1cnn(-c2ccccc2)c1
OCNT-2395769,CYP3A4,3.666930215,4.106968430610762,0,MURCKO::O=C(CS(=O)(=O)c1ccccc1)N1CCCCC1
OCNT-2395770,CYP3A4,4.780970525,4.390183826563694,2,MURCKO::O=C(NCCc1ccccc1)c1cnn(-c2ccccc2)c1
OCNT-2395771,CYP3A4,2.225964725,3.734611476967448,1,MURCKO::c1cnc(N2CCCC2c2nnc[nH]2)nc1
OCNT-2395772,CYP3A4,5.127293565,4.468961854745754,4,MURCKO::O=C(c1[nH]nc2ccccc12)N1CCCc2ccccc21
OCNT-2395773,CYP3A4,5.363346235,4.337372958362386,4,MURCKO::O=C(CCc1nc(C2CCCC2)no1)N1CCCCc2ccccc21
OCNT-2395774,CYP3A4,4.122114707,3.8935346567089133,0,MURCKO::c1ccc2c(c1)ncn1ncnc21
OCNT-2395775,CYP3A4,4.23762731,4.5901894561466765,3,MURCKO::O=C(C1CC12CCc1ccccc12)N1CCC(c2nnc[nH]2)C1
OCNT-2395776,CYP3A4,5.091984573,4.366098632421256,4,MURCKO::O=C(c1[nH]nc2ccccc12)N1CCCc2ccccc21
OCNT-2395777,CYP3A4,4.174297132,4.352944735105735,3,MURCKO::c1ccc(Cn2cccn2)cc1
OCNT-2395778,CYP3A4,4.674123667,4.057638401415257,3,MURCKO::O=C(C1CC12CCCNC2)N1CCCc2ccccc21
OCNT-2395779,CYP3A4,5.050195387,4.1445160257752525,0,MURCKO::O=C(c1ccnc(N2CCCCC2)c1)N1CCc2ccccc21
OCNT-2395780,CYP3A4,4.640412657,3.8966989317540786,3,MURCKO::O=C(c1cc(-c2ccccc2)nc2oncc12)N1CCC1
OCNT-2395781,CYP3A4,4.594338315,4.629677631311504,3,MURCKO::O=C(NCc1cccnc1)c1cccnc1
OCNT-2395782,CYP3A4,3.092548765,3.453188896728604,4,MURCKO::O=S(=O)(Nc1cn[nH]c1)c1ccn[nH]1
OCNT-2395783,CYP3A4,4.37567144,3.822607329401632,1,MURCKO::O=C(c1ccccn1)N1CCNc2ccccc21
OCNT-2395784,CYP3A4,5.151652217,4.67845458838898,4,MURCKO::c1ccc(NCC2CCC2)cc1
OCNT-2395785,CYP3A4,2.174806105,3.368760640667043,2,MURCKO::O=C(Cn1ncc(=O)c2ccccc21)N1CCc2ccccc2C1
OCNT-2395786,CYP3A4,4.618491245,3.3443888865622555,3,MURCKO::O=C(C1CC12CCc1ccccc12)N1CCCc2ccccc21
OCNT-2395787,CYP3A4,4.330737265,4.412669857317937,3,MURCKO::O=S(=O)(Cc1ccccc1)Cc1nnco1
OCNT-2395788,CYP3A4,5.57510725,4.258134165469512,4,MURCKO::O=S(=O)(NCCc1cccc2ccccc12)c1cccs1
OCNT-2395789,CYP3A4,5.536836112,4.492939539708461,4,MURCKO::c1cc(NCC2CCC2)ccn1
OCNT-2395790,CYP3A4,4.13460412,4.240497972389278,3,MURCKO::O=C(Nc1ccncn1)N1CCCc2ccccc2CC1
OCNT-2395791,CYP3A4,5.45690557,4.80414322308548,4,MURCKO::O=C(Nc1ccncc1)c1ccc(CNC(=O)C2CC=CCC2)cc1
OCNT-2395792,CYP3A4,4.702887592,3.9160068682254443,3,MURCKO::O=S(=O)(Nc1ccccc1)c1ccccc1
OCNT-2395793,CYP3A4,2.190418007,3.4833055041906733,0,MURCKO::O=C(NCC1CCC1)c1cnn(-c2ccccc2)c1
OCNT-2395794,CYP3A4,4.65374981,3.5941163748318714,0,MURCKO::O=C(c1cc(-c2ccco2)[nH]n1)N1CCc2ccccc21
OCNT-2395795,CYP3A4,3.008647815,4.172904507419777,1,MURCKO::O=C(c1cn[nH]c1)N1CCCCC1c1ncc[nH]1
OCNT-2395796,CYP3A4,5.850883063,4.9101509040587485,4,MURCKO::O=S(=O)(Nc1ccccc1N1CCOCC1)c1ccccc1
OCNT-2395797,CYP3A4,4.456504423,4.522641277704695,1,MURCKO::O=C(c1ccnc(N2CCCCC2)c1)N1CCCCC1
OCNT-2395798,CYP3A4,4.384382063,4.3760967431511375,3,MURCKO::O=C(c1csnn1)N1CCNc2ccccc21
OCNT-2395799,CYP3A4,4.17316106,3.3326549991275995,3,MURCKO::O=S(=O)(Nc1ccccc1)c1ccccc1
